date,fetched_at,source_name,source_type,page_type,category,priority,asin,display_rank,display_order,rank,rank_basis,position,title,price,price_display,rating,review_count,bought_past_month,badge,sponsored,product_url,image_url,page_url
2026-06-12,2026-06-12T05:08:41+00:00,Competitor Store 1,seller,seller,Lim Nature (WP),1,B0H1LGDY94,1,1,1,display_order,1,"WANDERPRINT Personalized Patriotic Welcome Mat – Custom Family Name 250th Anniversary USA Doormat, Eagle Non-Slip Indoor O...",,,,,,,no,https://www.amazon.com/WANDERPRINT-Personalized-Patriotic-Welcome-Mat/dp/B0H1LGDY94/ref=sr_1_1?dib=eyJ2IjoiMSJ9.M5pkWw4ieWYVD7B_AHguhChf5ji5c6NjLWKqrx_cJx83LJzavvhya7svF-_jb0kbQ2d9V4wXS969a18jIVeVoWZd0ydcDwV7N1U3yCziYF0HnKQoeiNeHX0iDdi9GyjiccHTtFBMlKM7pEq6qSZ7ugd2oJn6eWHz4_RwXX5Rs89GvrvejKX7zopGvSuS4fMXV7A7nKNAt0180exHLPp7COVs18Zf7RplXgj2PoF7ES0.wqsXqCZZQWqkpEd72t3j-WvXOmkXfw8w9YY-Ret-Z68&dib_tag=se&m=A1JK5EDV3DM6K&marketplaceID=ATVPDKIKX0DER&nsdOptOutParam=true&qid=1781240933&refresh=1&s=merchant-items&sr=1-1,https://m.media-amazon.com/images/I/71+UiRVT9jL._AC_UY218_.jpg,https://www.amazon.com/s?i=merchant-items&me=A1JK5EDV3DM6K&s=exact-aware-popularity-rank&ds=v1%3AkcXuCeFAqqEArZv7jx%2BudMoqrxQhVK3zQGjamTpt6YM&marketplaceID=ATVPDKIKX0DER&qid=1778752536&ref=sr_st_exact-aware-popularity-rank
2026-06-12,2026-06-12T05:08:41+00:00,Competitor Store 1,seller,seller,Lim Nature (WP),1,B0CC5YSLDN,2,2,2,display_order,2,"WANDERPRINT Custom Canvas Quote, Personalized Canvas Personalised Text, Personalized Poster Creative Typography Wall Art, ...",,,,,,,no,https://www.amazon.com/WANDERPRINT-Personalized-Personalised-Inspirational-Motivational/dp/B0CC5YSLDN/ref=sr_1_2?dib=eyJ2IjoiMSJ9.M5pkWw4ieWYVD7B_AHguhChf5ji5c6NjLWKqrx_cJx83LJzavvhya7svF-_jb0kbQ2d9V4wXS969a18jIVeVoWZd0ydcDwV7N1U3yCziYF0HnKQoeiNeHX0iDdi9GyjiccHTtFBMlKM7pEq6qSZ7ugd2oJn6eWHz4_RwXX5Rs89GvrvejKX7zopGvSuS4fMXV7A7nKNAt0180exHLPp7COVs18Zf7RplXgj2PoF7ES0.wqsXqCZZQWqkpEd72t3j-WvXOmkXfw8w9YY-Ret-Z68&dib_tag=se&m=A1JK5EDV3DM6K&marketplaceID=ATVPDKIKX0DER&nsdOptOutParam=true&qid=1781240933&refresh=1&s=merchant-items&sr=1-2,https://m.media-amazon.com/images/I/61obORhWH5L._AC_UY218_.jpg,https://www.amazon.com/s?i=merchant-items&me=A1JK5EDV3DM6K&s=exact-aware-popularity-rank&ds=v1%3AkcXuCeFAqqEArZv7jx%2BudMoqrxQhVK3zQGjamTpt6YM&marketplaceID=ATVPDKIKX0DER&qid=1778752536&ref=sr_st_exact-aware-popularity-rank
2026-06-12,2026-06-12T05:08:41+00:00,Competitor Store 1,seller,seller,Lim Nature (WP),1,B0FG7MHPK4,3,3,3,display_order,3,"Custom Memorial Tree Sign with Stake, In Loving Memory of Loved Ones Grave Marker, Memorial Plaques for Outdoors, Remembra...",,,,,,,no,https://www.amazon.com/Custom-Memorial-Plaques-Outdoors-Remembrance/dp/B0FG7MHPK4/ref=sr_1_3?dib=eyJ2IjoiMSJ9.M5pkWw4ieWYVD7B_AHguhChf5ji5c6NjLWKqrx_cJx83LJzavvhya7svF-_jb0kbQ2d9V4wXS969a18jIVeVoWZd0ydcDwV7N1U3yCziYF0HnKQoeiNeHX0iDdi9GyjiccHTtFBMlKM7pEq6qSZ7ugd2oJn6eWHz4_RwXX5Rs89GvrvejKX7zopGvSuS4fMXV7A7nKNAt0180exHLPp7COVs18Zf7RplXgj2PoF7ES0.wqsXqCZZQWqkpEd72t3j-WvXOmkXfw8w9YY-Ret-Z68&dib_tag=se&m=A1JK5EDV3DM6K&marketplaceID=ATVPDKIKX0DER&nsdOptOutParam=true&qid=1781240933&refresh=1&s=merchant-items&sr=1-3,https://m.media-amazon.com/images/I/81rv1w8+dEL._AC_UY218_.jpg,https://www.amazon.com/s?i=merchant-items&me=A1JK5EDV3DM6K&s=exact-aware-popularity-rank&ds=v1%3AkcXuCeFAqqEArZv7jx%2BudMoqrxQhVK3zQGjamTpt6YM&marketplaceID=ATVPDKIKX0DER&qid=1778752536&ref=sr_st_exact-aware-popularity-rank
2026-06-12,2026-06-12T05:08:41+00:00,Competitor Store 1,seller,seller,Lim Nature (WP),1,B0H2LLKGCK,4,4,4,display_order,4,"Personalized Patriotic Welcome Mats – Custom Name 250th Anniversary USA Doormat for Family, Eagle Non Slip Indoor Outdoor ...",,,,,,,no,https://www.amazon.com/Personalized-Patriotic-Welcome-Mats-Anniversary/dp/B0H2LLKGCK/ref=sr_1_4?dib=eyJ2IjoiMSJ9.M5pkWw4ieWYVD7B_AHguhChf5ji5c6NjLWKqrx_cJx83LJzavvhya7svF-_jb0kbQ2d9V4wXS969a18jIVeVoWZd0ydcDwV7N1U3yCziYF0HnKQoeiNeHX0iDdi9GyjiccHTtFBMlKM7pEq6qSZ7ugd2oJn6eWHz4_RwXX5Rs89GvrvejKX7zopGvSuS4fMXV7A7nKNAt0180exHLPp7COVs18Zf7RplXgj2PoF7ES0.wqsXqCZZQWqkpEd72t3j-WvXOmkXfw8w9YY-Ret-Z68&dib_tag=se&m=A1JK5EDV3DM6K&marketplaceID=ATVPDKIKX0DER&nsdOptOutParam=true&qid=1781240933&refresh=1&s=merchant-items&sr=1-4,https://m.media-amazon.com/images/I/71WrC4uHOFL._AC_UY218_.jpg,https://www.amazon.com/s?i=merchant-items&me=A1JK5EDV3DM6K&s=exact-aware-popularity-rank&ds=v1%3AkcXuCeFAqqEArZv7jx%2BudMoqrxQhVK3zQGjamTpt6YM&marketplaceID=ATVPDKIKX0DER&qid=1778752536&ref=sr_st_exact-aware-popularity-rank
2026-06-12,2026-06-12T05:08:41+00:00,Competitor Store 1,seller,seller,Lim Nature (WP),1,B0GZMKXVCB,5,5,5,display_order,5,Style 10,,,,,,,no,https://www.amazon.com/Personalized-Patriotic-Welcome-Mats-Anniversary/dp/B0GZMKXVCB/ref=cs_sr_dp_loc_2?dib=eyJ2IjoiMSJ9.M5pkWw4ieWYVD7B_AHguhChf5ji5c6NjLWKqrx_cJx83LJzavvhya7svF-_jb0kbQ2d9V4wXS969a18jIVeVoWZd0ydcDwV7N1U3yCziYF0HnKQoeiNeHX0iDdi9GyjiccHTtFBMlKM7pEq6qSZ7ugd2oJn6eWHz4_RwXX5Rs89GvrvejKX7zopGvSuS4fMXV7A7nKNAt0180exHLPp7COVs18Zf7RplXgj2PoF7ES0.wqsXqCZZQWqkpEd72t3j-WvXOmkXfw8w9YY-Ret-Z68&dib_tag=se&m=A1JK5EDV3DM6K&marketplaceID=ATVPDKIKX0DER&nsdOptOutParam=true&qid=1781240933&refresh=1&s=merchant-items&sr=1-4,,https://www.amazon.com/s?i=merchant-items&me=A1JK5EDV3DM6K&s=exact-aware-popularity-rank&ds=v1%3AkcXuCeFAqqEArZv7jx%2BudMoqrxQhVK3zQGjamTpt6YM&marketplaceID=ATVPDKIKX0DER&qid=1778752536&ref=sr_st_exact-aware-popularity-rank
2026-06-12,2026-06-12T05:08:41+00:00,Competitor Store 1,seller,seller,Lim Nature (WP),1,B0H1LJFGQF,6,6,6,display_order,6,Style 11,,,,,,,no,https://www.amazon.com/Personalized-Patriotic-Welcome-Mats-Anniversary/dp/B0H1LJFGQF/ref=cs_sr_dp_loc_3?dib=eyJ2IjoiMSJ9.M5pkWw4ieWYVD7B_AHguhChf5ji5c6NjLWKqrx_cJx83LJzavvhya7svF-_jb0kbQ2d9V4wXS969a18jIVeVoWZd0ydcDwV7N1U3yCziYF0HnKQoeiNeHX0iDdi9GyjiccHTtFBMlKM7pEq6qSZ7ugd2oJn6eWHz4_RwXX5Rs89GvrvejKX7zopGvSuS4fMXV7A7nKNAt0180exHLPp7COVs18Zf7RplXgj2PoF7ES0.wqsXqCZZQWqkpEd72t3j-WvXOmkXfw8w9YY-Ret-Z68&dib_tag=se&m=A1JK5EDV3DM6K&marketplaceID=ATVPDKIKX0DER&nsdOptOutParam=true&qid=1781240933&refresh=1&s=merchant-items&sr=1-4,,https://www.amazon.com/s?i=merchant-items&me=A1JK5EDV3DM6K&s=exact-aware-popularity-rank&ds=v1%3AkcXuCeFAqqEArZv7jx%2BudMoqrxQhVK3zQGjamTpt6YM&marketplaceID=ATVPDKIKX0DER&qid=1778752536&ref=sr_st_exact-aware-popularity-rank
2026-06-12,2026-06-12T05:08:41+00:00,Competitor Store 1,seller,seller,Lim Nature (WP),1,B0GYD8GC71,7,7,7,display_order,7,Style 2,,,,,,,no,https://www.amazon.com/Personalized-Patriotic-Welcome-Mats-Anniversary/dp/B0GYD8GC71/ref=cs_sr_dp_loc_4?dib=eyJ2IjoiMSJ9.M5pkWw4ieWYVD7B_AHguhChf5ji5c6NjLWKqrx_cJx83LJzavvhya7svF-_jb0kbQ2d9V4wXS969a18jIVeVoWZd0ydcDwV7N1U3yCziYF0HnKQoeiNeHX0iDdi9GyjiccHTtFBMlKM7pEq6qSZ7ugd2oJn6eWHz4_RwXX5Rs89GvrvejKX7zopGvSuS4fMXV7A7nKNAt0180exHLPp7COVs18Zf7RplXgj2PoF7ES0.wqsXqCZZQWqkpEd72t3j-WvXOmkXfw8w9YY-Ret-Z68&dib_tag=se&m=A1JK5EDV3DM6K&marketplaceID=ATVPDKIKX0DER&nsdOptOutParam=true&qid=1781240933&refresh=1&s=merchant-items&sr=1-4,,https://www.amazon.com/s?i=merchant-items&me=A1JK5EDV3DM6K&s=exact-aware-popularity-rank&ds=v1%3AkcXuCeFAqqEArZv7jx%2BudMoqrxQhVK3zQGjamTpt6YM&marketplaceID=ATVPDKIKX0DER&qid=1778752536&ref=sr_st_exact-aware-popularity-rank
2026-06-12,2026-06-12T05:08:41+00:00,Competitor Store 1,seller,seller,Lim Nature (WP),1,B0GYDC6ZSB,8,8,8,display_order,8,Style 3,,,,,,,no,https://www.amazon.com/Personalized-Patriotic-Welcome-Mats-Anniversary/dp/B0GYDC6ZSB/ref=cs_sr_dp_loc_5?dib=eyJ2IjoiMSJ9.M5pkWw4ieWYVD7B_AHguhChf5ji5c6NjLWKqrx_cJx83LJzavvhya7svF-_jb0kbQ2d9V4wXS969a18jIVeVoWZd0ydcDwV7N1U3yCziYF0HnKQoeiNeHX0iDdi9GyjiccHTtFBMlKM7pEq6qSZ7ugd2oJn6eWHz4_RwXX5Rs89GvrvejKX7zopGvSuS4fMXV7A7nKNAt0180exHLPp7COVs18Zf7RplXgj2PoF7ES0.wqsXqCZZQWqkpEd72t3j-WvXOmkXfw8w9YY-Ret-Z68&dib_tag=se&m=A1JK5EDV3DM6K&marketplaceID=ATVPDKIKX0DER&nsdOptOutParam=true&qid=1781240933&refresh=1&s=merchant-items&sr=1-4,,https://www.amazon.com/s?i=merchant-items&me=A1JK5EDV3DM6K&s=exact-aware-popularity-rank&ds=v1%3AkcXuCeFAqqEArZv7jx%2BudMoqrxQhVK3zQGjamTpt6YM&marketplaceID=ATVPDKIKX0DER&qid=1778752536&ref=sr_st_exact-aware-popularity-rank
2026-06-12,2026-06-12T05:08:41+00:00,Competitor Store 1,seller,seller,Lim Nature (WP),1,B0GZMLV4WX,9,9,9,display_order,9,Style 7,,,,,,,no,https://www.amazon.com/Personalized-Patriotic-Welcome-Mats-Anniversary/dp/B0GZMLV4WX/ref=cs_sr_dp_loc_6?dib=eyJ2IjoiMSJ9.M5pkWw4ieWYVD7B_AHguhChf5ji5c6NjLWKqrx_cJx83LJzavvhya7svF-_jb0kbQ2d9V4wXS969a18jIVeVoWZd0ydcDwV7N1U3yCziYF0HnKQoeiNeHX0iDdi9GyjiccHTtFBMlKM7pEq6qSZ7ugd2oJn6eWHz4_RwXX5Rs89GvrvejKX7zopGvSuS4fMXV7A7nKNAt0180exHLPp7COVs18Zf7RplXgj2PoF7ES0.wqsXqCZZQWqkpEd72t3j-WvXOmkXfw8w9YY-Ret-Z68&dib_tag=se&m=A1JK5EDV3DM6K&marketplaceID=ATVPDKIKX0DER&nsdOptOutParam=true&qid=1781240933&refresh=1&s=merchant-items&sr=1-4,,https://www.amazon.com/s?i=merchant-items&me=A1JK5EDV3DM6K&s=exact-aware-popularity-rank&ds=v1%3AkcXuCeFAqqEArZv7jx%2BudMoqrxQhVK3zQGjamTpt6YM&marketplaceID=ATVPDKIKX0DER&qid=1778752536&ref=sr_st_exact-aware-popularity-rank
2026-06-12,2026-06-12T05:08:41+00:00,Competitor Store 1,seller,seller,Lim Nature (WP),1,B0CHNXCMD3,10,10,10,display_order,10,"Custom Canvas Quotes, Print Line Art Text Poster Framed Wall Art Personalized Poem Calligraphy Canvas Sign Frame Letter Gi...",,,,,,,no,https://www.amazon.com/Custom-Personalized-Calligraphy-Birthday-Anniversary/dp/B0CHNXCMD3/ref=sr_1_5?dib=eyJ2IjoiMSJ9.M5pkWw4ieWYVD7B_AHguhChf5ji5c6NjLWKqrx_cJx83LJzavvhya7svF-_jb0kbQ2d9V4wXS969a18jIVeVoWZd0ydcDwV7N1U3yCziYF0HnKQoeiNeHX0iDdi9GyjiccHTtFBMlKM7pEq6qSZ7ugd2oJn6eWHz4_RwXX5Rs89GvrvejKX7zopGvSuS4fMXV7A7nKNAt0180exHLPp7COVs18Zf7RplXgj2PoF7ES0.wqsXqCZZQWqkpEd72t3j-WvXOmkXfw8w9YY-Ret-Z68&dib_tag=se&m=A1JK5EDV3DM6K&marketplaceID=ATVPDKIKX0DER&nsdOptOutParam=true&qid=1781240933&refresh=1&s=merchant-items&sr=1-5,https://m.media-amazon.com/images/I/71dP-AbsC7L._AC_UY218_.jpg,https://www.amazon.com/s?i=merchant-items&me=A1JK5EDV3DM6K&s=exact-aware-popularity-rank&ds=v1%3AkcXuCeFAqqEArZv7jx%2BudMoqrxQhVK3zQGjamTpt6YM&marketplaceID=ATVPDKIKX0DER&qid=1778752536&ref=sr_st_exact-aware-popularity-rank
2026-06-12,2026-06-12T05:08:41+00:00,Competitor Store 1,seller,seller,Lim Nature (WP),1,B0FJX719NW,11,11,11,display_order,11,Personalized Memorial Garden Stake - Planted in Memory of Sympathy Gift for Loss of Loved One - Custom Outdoor Plaque with...,,,,,,,no,https://www.amazon.com/Personalized-Memorial-Garden-Stake-Remembrance/dp/B0FJX719NW/ref=sr_1_6?dib=eyJ2IjoiMSJ9.M5pkWw4ieWYVD7B_AHguhChf5ji5c6NjLWKqrx_cJx83LJzavvhya7svF-_jb0kbQ2d9V4wXS969a18jIVeVoWZd0ydcDwV7N1U3yCziYF0HnKQoeiNeHX0iDdi9GyjiccHTtFBMlKM7pEq6qSZ7ugd2oJn6eWHz4_RwXX5Rs89GvrvejKX7zopGvSuS4fMXV7A7nKNAt0180exHLPp7COVs18Zf7RplXgj2PoF7ES0.wqsXqCZZQWqkpEd72t3j-WvXOmkXfw8w9YY-Ret-Z68&dib_tag=se&m=A1JK5EDV3DM6K&marketplaceID=ATVPDKIKX0DER&nsdOptOutParam=true&qid=1781240933&refresh=1&s=merchant-items&sr=1-6,https://m.media-amazon.com/images/I/819oHdvn9hL._AC_UY218_.jpg,https://www.amazon.com/s?i=merchant-items&me=A1JK5EDV3DM6K&s=exact-aware-popularity-rank&ds=v1%3AkcXuCeFAqqEArZv7jx%2BudMoqrxQhVK3zQGjamTpt6YM&marketplaceID=ATVPDKIKX0DER&qid=1778752536&ref=sr_st_exact-aware-popularity-rank
2026-06-12,2026-06-12T05:08:41+00:00,Competitor Store 1,seller,seller,Lim Nature (WP),1,B0FFN82P4N,12,12,12,display_order,12,"Personalized Acrylic Book Shaped for Flowers – Customizable Acrylic Vase with Your Favorite Books Titles, Bookshelf Decor ...",,,,,,,no,https://www.amazon.com/Personalized-Acrylic-Book-Shaped-Flowers/dp/B0FFN82P4N/ref=sr_1_7?dib=eyJ2IjoiMSJ9.M5pkWw4ieWYVD7B_AHguhChf5ji5c6NjLWKqrx_cJx83LJzavvhya7svF-_jb0kbQ2d9V4wXS969a18jIVeVoWZd0ydcDwV7N1U3yCziYF0HnKQoeiNeHX0iDdi9GyjiccHTtFBMlKM7pEq6qSZ7ugd2oJn6eWHz4_RwXX5Rs89GvrvejKX7zopGvSuS4fMXV7A7nKNAt0180exHLPp7COVs18Zf7RplXgj2PoF7ES0.wqsXqCZZQWqkpEd72t3j-WvXOmkXfw8w9YY-Ret-Z68&dib_tag=se&m=A1JK5EDV3DM6K&marketplaceID=ATVPDKIKX0DER&nsdOptOutParam=true&qid=1781240933&refresh=1&s=merchant-items&sr=1-7,https://m.media-amazon.com/images/I/61BytzwRI7L._AC_UY218_.jpg,https://www.amazon.com/s?i=merchant-items&me=A1JK5EDV3DM6K&s=exact-aware-popularity-rank&ds=v1%3AkcXuCeFAqqEArZv7jx%2BudMoqrxQhVK3zQGjamTpt6YM&marketplaceID=ATVPDKIKX0DER&qid=1778752536&ref=sr_st_exact-aware-popularity-rank
2026-06-12,2026-06-12T05:08:41+00:00,Competitor Store 1,seller,seller,Lim Nature (WP),1,B0FX4B25GR,13,13,13,display_order,13,Anatomy of Bookworm Girl,,,,,,,no,https://www.amazon.com/Personalized-Acrylic-Book-Shaped-Flowers/dp/B0FX4B25GR/ref=cs_sr_dp_loc_2?dib=eyJ2IjoiMSJ9.M5pkWw4ieWYVD7B_AHguhChf5ji5c6NjLWKqrx_cJx83LJzavvhya7svF-_jb0kbQ2d9V4wXS969a18jIVeVoWZd0ydcDwV7N1U3yCziYF0HnKQoeiNeHX0iDdi9GyjiccHTtFBMlKM7pEq6qSZ7ugd2oJn6eWHz4_RwXX5Rs89GvrvejKX7zopGvSuS4fMXV7A7nKNAt0180exHLPp7COVs18Zf7RplXgj2PoF7ES0.wqsXqCZZQWqkpEd72t3j-WvXOmkXfw8w9YY-Ret-Z68&dib_tag=se&m=A1JK5EDV3DM6K&marketplaceID=ATVPDKIKX0DER&nsdOptOutParam=true&qid=1781240933&refresh=1&s=merchant-items&sr=1-7,,https://www.amazon.com/s?i=merchant-items&me=A1JK5EDV3DM6K&s=exact-aware-popularity-rank&ds=v1%3AkcXuCeFAqqEArZv7jx%2BudMoqrxQhVK3zQGjamTpt6YM&marketplaceID=ATVPDKIKX0DER&qid=1778752536&ref=sr_st_exact-aware-popularity-rank
2026-06-12,2026-06-12T05:08:41+00:00,Competitor Store 1,seller,seller,Lim Nature (WP),1,B0FSDFJXR3,14,14,14,display_order,14,Book Lover 01,,,,,,,no,https://www.amazon.com/Personalized-Acrylic-Book-Shaped-Flowers/dp/B0FSDFJXR3/ref=cs_sr_dp_loc_3?dib=eyJ2IjoiMSJ9.M5pkWw4ieWYVD7B_AHguhChf5ji5c6NjLWKqrx_cJx83LJzavvhya7svF-_jb0kbQ2d9V4wXS969a18jIVeVoWZd0ydcDwV7N1U3yCziYF0HnKQoeiNeHX0iDdi9GyjiccHTtFBMlKM7pEq6qSZ7ugd2oJn6eWHz4_RwXX5Rs89GvrvejKX7zopGvSuS4fMXV7A7nKNAt0180exHLPp7COVs18Zf7RplXgj2PoF7ES0.wqsXqCZZQWqkpEd72t3j-WvXOmkXfw8w9YY-Ret-Z68&dib_tag=se&m=A1JK5EDV3DM6K&marketplaceID=ATVPDKIKX0DER&nsdOptOutParam=true&qid=1781240933&refresh=1&s=merchant-items&sr=1-7,,https://www.amazon.com/s?i=merchant-items&me=A1JK5EDV3DM6K&s=exact-aware-popularity-rank&ds=v1%3AkcXuCeFAqqEArZv7jx%2BudMoqrxQhVK3zQGjamTpt6YM&marketplaceID=ATVPDKIKX0DER&qid=1778752536&ref=sr_st_exact-aware-popularity-rank
2026-06-12,2026-06-12T05:08:41+00:00,Competitor Store 1,seller,seller,Lim Nature (WP),1,B0FSDJ9SW7,15,15,15,display_order,15,Book Lover 02,,,,,,,no,https://www.amazon.com/Personalized-Acrylic-Book-Shaped-Flowers/dp/B0FSDJ9SW7/ref=cs_sr_dp_loc_4?dib=eyJ2IjoiMSJ9.M5pkWw4ieWYVD7B_AHguhChf5ji5c6NjLWKqrx_cJx83LJzavvhya7svF-_jb0kbQ2d9V4wXS969a18jIVeVoWZd0ydcDwV7N1U3yCziYF0HnKQoeiNeHX0iDdi9GyjiccHTtFBMlKM7pEq6qSZ7ugd2oJn6eWHz4_RwXX5Rs89GvrvejKX7zopGvSuS4fMXV7A7nKNAt0180exHLPp7COVs18Zf7RplXgj2PoF7ES0.wqsXqCZZQWqkpEd72t3j-WvXOmkXfw8w9YY-Ret-Z68&dib_tag=se&m=A1JK5EDV3DM6K&marketplaceID=ATVPDKIKX0DER&nsdOptOutParam=true&qid=1781240933&refresh=1&s=merchant-items&sr=1-7,,https://www.amazon.com/s?i=merchant-items&me=A1JK5EDV3DM6K&s=exact-aware-popularity-rank&ds=v1%3AkcXuCeFAqqEArZv7jx%2BudMoqrxQhVK3zQGjamTpt6YM&marketplaceID=ATVPDKIKX0DER&qid=1778752536&ref=sr_st_exact-aware-popularity-rank
2026-06-12,2026-06-12T05:08:41+00:00,Competitor Store 1,seller,seller,Lim Nature (WP),1,B0FSDL7XG9,16,16,16,display_order,16,Book Lover 03,,,,,,,no,https://www.amazon.com/Personalized-Acrylic-Book-Shaped-Flowers/dp/B0FSDL7XG9/ref=cs_sr_dp_loc_5?dib=eyJ2IjoiMSJ9.M5pkWw4ieWYVD7B_AHguhChf5ji5c6NjLWKqrx_cJx83LJzavvhya7svF-_jb0kbQ2d9V4wXS969a18jIVeVoWZd0ydcDwV7N1U3yCziYF0HnKQoeiNeHX0iDdi9GyjiccHTtFBMlKM7pEq6qSZ7ugd2oJn6eWHz4_RwXX5Rs89GvrvejKX7zopGvSuS4fMXV7A7nKNAt0180exHLPp7COVs18Zf7RplXgj2PoF7ES0.wqsXqCZZQWqkpEd72t3j-WvXOmkXfw8w9YY-Ret-Z68&dib_tag=se&m=A1JK5EDV3DM6K&marketplaceID=ATVPDKIKX0DER&nsdOptOutParam=true&qid=1781240933&refresh=1&s=merchant-items&sr=1-7,,https://www.amazon.com/s?i=merchant-items&me=A1JK5EDV3DM6K&s=exact-aware-popularity-rank&ds=v1%3AkcXuCeFAqqEArZv7jx%2BudMoqrxQhVK3zQGjamTpt6YM&marketplaceID=ATVPDKIKX0DER&qid=1778752536&ref=sr_st_exact-aware-popularity-rank
2026-06-12,2026-06-12T05:08:41+00:00,Competitor Store 1,seller,seller,Lim Nature (WP),1,B0FSDKZXNS,17,17,17,display_order,17,Book Lover 05,,,,,,,no,https://www.amazon.com/Personalized-Acrylic-Book-Shaped-Flowers/dp/B0FSDKZXNS/ref=cs_sr_dp_loc_6?dib=eyJ2IjoiMSJ9.M5pkWw4ieWYVD7B_AHguhChf5ji5c6NjLWKqrx_cJx83LJzavvhya7svF-_jb0kbQ2d9V4wXS969a18jIVeVoWZd0ydcDwV7N1U3yCziYF0HnKQoeiNeHX0iDdi9GyjiccHTtFBMlKM7pEq6qSZ7ugd2oJn6eWHz4_RwXX5Rs89GvrvejKX7zopGvSuS4fMXV7A7nKNAt0180exHLPp7COVs18Zf7RplXgj2PoF7ES0.wqsXqCZZQWqkpEd72t3j-WvXOmkXfw8w9YY-Ret-Z68&dib_tag=se&m=A1JK5EDV3DM6K&marketplaceID=ATVPDKIKX0DER&nsdOptOutParam=true&qid=1781240933&refresh=1&s=merchant-items&sr=1-7,,https://www.amazon.com/s?i=merchant-items&me=A1JK5EDV3DM6K&s=exact-aware-popularity-rank&ds=v1%3AkcXuCeFAqqEArZv7jx%2BudMoqrxQhVK3zQGjamTpt6YM&marketplaceID=ATVPDKIKX0DER&qid=1778752536&ref=sr_st_exact-aware-popularity-rank
2026-06-12,2026-06-12T05:08:41+00:00,Competitor Store 1,seller,seller,Lim Nature (WP),1,B0FKFZF5TS,18,18,18,display_order,18,Personalized Dog Memorial Garden Flag - Custom Pet Photo & Name In Loving Memory Flag | Outdoor Bereavement Pet Loss Sympa...,,,,,,,no,https://www.amazon.com/Personalized-Dog-Memorial-Garden-Flag/dp/B0FKFZF5TS/ref=sr_1_8?dib=eyJ2IjoiMSJ9.M5pkWw4ieWYVD7B_AHguhChf5ji5c6NjLWKqrx_cJx83LJzavvhya7svF-_jb0kbQ2d9V4wXS969a18jIVeVoWZd0ydcDwV7N1U3yCziYF0HnKQoeiNeHX0iDdi9GyjiccHTtFBMlKM7pEq6qSZ7ugd2oJn6eWHz4_RwXX5Rs89GvrvejKX7zopGvSuS4fMXV7A7nKNAt0180exHLPp7COVs18Zf7RplXgj2PoF7ES0.wqsXqCZZQWqkpEd72t3j-WvXOmkXfw8w9YY-Ret-Z68&dib_tag=se&m=A1JK5EDV3DM6K&marketplaceID=ATVPDKIKX0DER&nsdOptOutParam=true&qid=1781240933&refresh=1&s=merchant-items&sr=1-8,https://m.media-amazon.com/images/I/81fXTexLRbL._AC_UY218_.jpg,https://www.amazon.com/s?i=merchant-items&me=A1JK5EDV3DM6K&s=exact-aware-popularity-rank&ds=v1%3AkcXuCeFAqqEArZv7jx%2BudMoqrxQhVK3zQGjamTpt6YM&marketplaceID=ATVPDKIKX0DER&qid=1778752536&ref=sr_st_exact-aware-popularity-rank
2026-06-12,2026-06-12T05:08:41+00:00,Competitor Store 1,seller,seller,Lim Nature (WP),1,B0GZT78YJ2,19,19,19,display_order,19,"Personalized Couple Flower Vase with Photo - Custom Wedding Vase with Name, Vintage Flower Vase for Home Decor, Anniversar...",,,,,,,no,https://www.amazon.com/Personalized-Couple-Flower-Vase-Photo/dp/B0GZT78YJ2/ref=sr_1_9?dib=eyJ2IjoiMSJ9.M5pkWw4ieWYVD7B_AHguhChf5ji5c6NjLWKqrx_cJx83LJzavvhya7svF-_jb0kbQ2d9V4wXS969a18jIVeVoWZd0ydcDwV7N1U3yCziYF0HnKQoeiNeHX0iDdi9GyjiccHTtFBMlKM7pEq6qSZ7ugd2oJn6eWHz4_RwXX5Rs89GvrvejKX7zopGvSuS4fMXV7A7nKNAt0180exHLPp7COVs18Zf7RplXgj2PoF7ES0.wqsXqCZZQWqkpEd72t3j-WvXOmkXfw8w9YY-Ret-Z68&dib_tag=se&m=A1JK5EDV3DM6K&marketplaceID=ATVPDKIKX0DER&nsdOptOutParam=true&qid=1781240933&refresh=1&s=merchant-items&sr=1-9,https://m.media-amazon.com/images/I/71C37B+O38L._AC_UY218_.jpg,https://www.amazon.com/s?i=merchant-items&me=A1JK5EDV3DM6K&s=exact-aware-popularity-rank&ds=v1%3AkcXuCeFAqqEArZv7jx%2BudMoqrxQhVK3zQGjamTpt6YM&marketplaceID=ATVPDKIKX0DER&qid=1778752536&ref=sr_st_exact-aware-popularity-rank
2026-06-12,2026-06-12T05:08:41+00:00,Competitor Store 1,seller,seller,Lim Nature (WP),1,B0FLPWNM5Z,20,20,20,display_order,20,"WANDERPRINT Personalized Dog Memorial Garden Stake – Custom Pet Grave Marker with Photo & Name, in Loving Memory – Outdoor...",,,,,,,no,https://www.amazon.com/WANDERPRINT-Personalized-Memorial-Garden-Stake/dp/B0FLPWNM5Z/ref=sr_1_10?dib=eyJ2IjoiMSJ9.M5pkWw4ieWYVD7B_AHguhChf5ji5c6NjLWKqrx_cJx83LJzavvhya7svF-_jb0kbQ2d9V4wXS969a18jIVeVoWZd0ydcDwV7N1U3yCziYF0HnKQoeiNeHX0iDdi9GyjiccHTtFBMlKM7pEq6qSZ7ugd2oJn6eWHz4_RwXX5Rs89GvrvejKX7zopGvSuS4fMXV7A7nKNAt0180exHLPp7COVs18Zf7RplXgj2PoF7ES0.wqsXqCZZQWqkpEd72t3j-WvXOmkXfw8w9YY-Ret-Z68&dib_tag=se&m=A1JK5EDV3DM6K&marketplaceID=ATVPDKIKX0DER&nsdOptOutParam=true&qid=1781240933&refresh=1&s=merchant-items&sr=1-10,https://m.media-amazon.com/images/I/81qhW1yZxlL._AC_UY218_.jpg,https://www.amazon.com/s?i=merchant-items&me=A1JK5EDV3DM6K&s=exact-aware-popularity-rank&ds=v1%3AkcXuCeFAqqEArZv7jx%2BudMoqrxQhVK3zQGjamTpt6YM&marketplaceID=ATVPDKIKX0DER&qid=1778752536&ref=sr_st_exact-aware-popularity-rank
2026-06-12,2026-06-12T05:08:41+00:00,Competitor Store 1,seller,seller,Lim Nature (WP),1,B0H2VZ8TWC,21,21,21,display_order,21,"Personalized Making Memories One Campsite at a Time Doormat, Custom Family Name Camping Door Mat Accessories for Inside Ou...",,,,,,,no,https://www.amazon.com/Personalized-Memories-Campsite-Accessories-Decorations/dp/B0H2VZ8TWC/ref=sr_1_11?dib=eyJ2IjoiMSJ9.M5pkWw4ieWYVD7B_AHguhChf5ji5c6NjLWKqrx_cJx83LJzavvhya7svF-_jb0kbQ2d9V4wXS969a18jIVeVoWZd0ydcDwV7N1U3yCziYF0HnKQoeiNeHX0iDdi9GyjiccHTtFBMlKM7pEq6qSZ7ugd2oJn6eWHz4_RwXX5Rs89GvrvejKX7zopGvSuS4fMXV7A7nKNAt0180exHLPp7COVs18Zf7RplXgj2PoF7ES0.wqsXqCZZQWqkpEd72t3j-WvXOmkXfw8w9YY-Ret-Z68&dib_tag=se&m=A1JK5EDV3DM6K&marketplaceID=ATVPDKIKX0DER&nsdOptOutParam=true&qid=1781240933&refresh=1&s=merchant-items&sr=1-11,https://m.media-amazon.com/images/I/81iR5+w7+8L._AC_UY218_.jpg,https://www.amazon.com/s?i=merchant-items&me=A1JK5EDV3DM6K&s=exact-aware-popularity-rank&ds=v1%3AkcXuCeFAqqEArZv7jx%2BudMoqrxQhVK3zQGjamTpt6YM&marketplaceID=ATVPDKIKX0DER&qid=1778752536&ref=sr_st_exact-aware-popularity-rank
2026-06-12,2026-06-12T05:08:41+00:00,Competitor Store 1,seller,seller,Lim Nature (WP),1,B0GLH1ZRVB,22,22,22,display_order,22,"Personalized 250th Anniversary Flag 1776–2026 – Custom Patriotic Bunting Banner with Family Name for Outdoor Porch, Fence,...",,,,,,,no,https://www.amazon.com/Personalized-250th-Anniversary-Flag-1776-2026/dp/B0GLH1ZRVB/ref=sr_1_12?dib=eyJ2IjoiMSJ9.M5pkWw4ieWYVD7B_AHguhChf5ji5c6NjLWKqrx_cJx83LJzavvhya7svF-_jb0kbQ2d9V4wXS969a18jIVeVoWZd0ydcDwV7N1U3yCziYF0HnKQoeiNeHX0iDdi9GyjiccHTtFBMlKM7pEq6qSZ7ugd2oJn6eWHz4_RwXX5Rs89GvrvejKX7zopGvSuS4fMXV7A7nKNAt0180exHLPp7COVs18Zf7RplXgj2PoF7ES0.wqsXqCZZQWqkpEd72t3j-WvXOmkXfw8w9YY-Ret-Z68&dib_tag=se&m=A1JK5EDV3DM6K&marketplaceID=ATVPDKIKX0DER&nsdOptOutParam=true&qid=1781240933&refresh=1&s=merchant-items&sr=1-12,https://m.media-amazon.com/images/I/81KF6W5NbjL._AC_UY218_.jpg,https://www.amazon.com/s?i=merchant-items&me=A1JK5EDV3DM6K&s=exact-aware-popularity-rank&ds=v1%3AkcXuCeFAqqEArZv7jx%2BudMoqrxQhVK3zQGjamTpt6YM&marketplaceID=ATVPDKIKX0DER&qid=1778752536&ref=sr_st_exact-aware-popularity-rank
2026-06-12,2026-06-12T05:08:41+00:00,Competitor Store 1,seller,seller,Lim Nature (WP),1,B0DNQLM89G,23,23,23,display_order,23,"Happy Birthday Flower Mug with Name & Text, 11 Oz Accent Colors, Custom Mug with Birth Flower Month, Personalized Gifts fo...",,,,,,,no,https://www.amazon.com/Birthday-Flower-Accent-Colors-Personalized/dp/B0DNQLM89G/ref=sr_1_13?dib=eyJ2IjoiMSJ9.M5pkWw4ieWYVD7B_AHguhChf5ji5c6NjLWKqrx_cJx83LJzavvhya7svF-_jb0kbQ2d9V4wXS969a18jIVeVoWZd0ydcDwV7N1U3yCziYF0HnKQoeiNeHX0iDdi9GyjiccHTtFBMlKM7pEq6qSZ7ugd2oJn6eWHz4_RwXX5Rs89GvrvejKX7zopGvSuS4fMXV7A7nKNAt0180exHLPp7COVs18Zf7RplXgj2PoF7ES0.wqsXqCZZQWqkpEd72t3j-WvXOmkXfw8w9YY-Ret-Z68&dib_tag=se&m=A1JK5EDV3DM6K&marketplaceID=ATVPDKIKX0DER&nsdOptOutParam=true&qid=1781240933&refresh=1&s=merchant-items&sr=1-13,https://m.media-amazon.com/images/I/51-zSQjDWiL._AC_UY218_.jpg,https://www.amazon.com/s?i=merchant-items&me=A1JK5EDV3DM6K&s=exact-aware-popularity-rank&ds=v1%3AkcXuCeFAqqEArZv7jx%2BudMoqrxQhVK3zQGjamTpt6YM&marketplaceID=ATVPDKIKX0DER&qid=1778752536&ref=sr_st_exact-aware-popularity-rank
2026-06-12,2026-06-12T05:08:41+00:00,Competitor Store 1,seller,seller,Lim Nature (WP),1,B0F13KWK8P,24,24,24,display_order,24,Best Dog Mom,,,,,,,no,https://www.amazon.com/Birthday-Flower-Accent-Colors-Personalized/dp/B0F13KWK8P/ref=cs_sr_dp_loc_2?dib=eyJ2IjoiMSJ9.M5pkWw4ieWYVD7B_AHguhChf5ji5c6NjLWKqrx_cJx83LJzavvhya7svF-_jb0kbQ2d9V4wXS969a18jIVeVoWZd0ydcDwV7N1U3yCziYF0HnKQoeiNeHX0iDdi9GyjiccHTtFBMlKM7pEq6qSZ7ugd2oJn6eWHz4_RwXX5Rs89GvrvejKX7zopGvSuS4fMXV7A7nKNAt0180exHLPp7COVs18Zf7RplXgj2PoF7ES0.wqsXqCZZQWqkpEd72t3j-WvXOmkXfw8w9YY-Ret-Z68&dib_tag=se&m=A1JK5EDV3DM6K&marketplaceID=ATVPDKIKX0DER&nsdOptOutParam=true&qid=1781240933&refresh=1&s=merchant-items&sr=1-13,,https://www.amazon.com/s?i=merchant-items&me=A1JK5EDV3DM6K&s=exact-aware-popularity-rank&ds=v1%3AkcXuCeFAqqEArZv7jx%2BudMoqrxQhVK3zQGjamTpt6YM&marketplaceID=ATVPDKIKX0DER&qid=1778752536&ref=sr_st_exact-aware-popularity-rank
2026-06-12,2026-06-12T05:08:41+00:00,Competitor Store 1,seller,seller,Lim Nature (WP),1,B0DNQMJZGH,25,25,25,display_order,25,Birthday Style 01,,,,,,,no,https://www.amazon.com/Birthday-Flower-Accent-Colors-Personalized/dp/B0DNQMJZGH/ref=cs_sr_dp_loc_3?dib=eyJ2IjoiMSJ9.M5pkWw4ieWYVD7B_AHguhChf5ji5c6NjLWKqrx_cJx83LJzavvhya7svF-_jb0kbQ2d9V4wXS969a18jIVeVoWZd0ydcDwV7N1U3yCziYF0HnKQoeiNeHX0iDdi9GyjiccHTtFBMlKM7pEq6qSZ7ugd2oJn6eWHz4_RwXX5Rs89GvrvejKX7zopGvSuS4fMXV7A7nKNAt0180exHLPp7COVs18Zf7RplXgj2PoF7ES0.wqsXqCZZQWqkpEd72t3j-WvXOmkXfw8w9YY-Ret-Z68&dib_tag=se&m=A1JK5EDV3DM6K&marketplaceID=ATVPDKIKX0DER&nsdOptOutParam=true&qid=1781240933&refresh=1&s=merchant-items&sr=1-13,,https://www.amazon.com/s?i=merchant-items&me=A1JK5EDV3DM6K&s=exact-aware-popularity-rank&ds=v1%3AkcXuCeFAqqEArZv7jx%2BudMoqrxQhVK3zQGjamTpt6YM&marketplaceID=ATVPDKIKX0DER&qid=1778752536&ref=sr_st_exact-aware-popularity-rank
2026-06-12,2026-06-12T05:08:41+00:00,Competitor Store 1,seller,seller,Lim Nature (WP),1,B0DNQLD79G,26,26,26,display_order,26,Birthday Style 02,,,,,,,no,https://www.amazon.com/Birthday-Flower-Accent-Colors-Personalized/dp/B0DNQLD79G/ref=cs_sr_dp_loc_4?dib=eyJ2IjoiMSJ9.M5pkWw4ieWYVD7B_AHguhChf5ji5c6NjLWKqrx_cJx83LJzavvhya7svF-_jb0kbQ2d9V4wXS969a18jIVeVoWZd0ydcDwV7N1U3yCziYF0HnKQoeiNeHX0iDdi9GyjiccHTtFBMlKM7pEq6qSZ7ugd2oJn6eWHz4_RwXX5Rs89GvrvejKX7zopGvSuS4fMXV7A7nKNAt0180exHLPp7COVs18Zf7RplXgj2PoF7ES0.wqsXqCZZQWqkpEd72t3j-WvXOmkXfw8w9YY-Ret-Z68&dib_tag=se&m=A1JK5EDV3DM6K&marketplaceID=ATVPDKIKX0DER&nsdOptOutParam=true&qid=1781240933&refresh=1&s=merchant-items&sr=1-13,,https://www.amazon.com/s?i=merchant-items&me=A1JK5EDV3DM6K&s=exact-aware-popularity-rank&ds=v1%3AkcXuCeFAqqEArZv7jx%2BudMoqrxQhVK3zQGjamTpt6YM&marketplaceID=ATVPDKIKX0DER&qid=1778752536&ref=sr_st_exact-aware-popularity-rank
2026-06-12,2026-06-12T05:08:41+00:00,Competitor Store 1,seller,seller,Lim Nature (WP),1,B0DNQLWW8X,27,27,27,display_order,27,Birthday Style 03,,,,,,,no,https://www.amazon.com/Birthday-Flower-Accent-Colors-Personalized/dp/B0DNQLWW8X/ref=cs_sr_dp_loc_5?dib=eyJ2IjoiMSJ9.M5pkWw4ieWYVD7B_AHguhChf5ji5c6NjLWKqrx_cJx83LJzavvhya7svF-_jb0kbQ2d9V4wXS969a18jIVeVoWZd0ydcDwV7N1U3yCziYF0HnKQoeiNeHX0iDdi9GyjiccHTtFBMlKM7pEq6qSZ7ugd2oJn6eWHz4_RwXX5Rs89GvrvejKX7zopGvSuS4fMXV7A7nKNAt0180exHLPp7COVs18Zf7RplXgj2PoF7ES0.wqsXqCZZQWqkpEd72t3j-WvXOmkXfw8w9YY-Ret-Z68&dib_tag=se&m=A1JK5EDV3DM6K&marketplaceID=ATVPDKIKX0DER&nsdOptOutParam=true&qid=1781240933&refresh=1&s=merchant-items&sr=1-13,,https://www.amazon.com/s?i=merchant-items&me=A1JK5EDV3DM6K&s=exact-aware-popularity-rank&ds=v1%3AkcXuCeFAqqEArZv7jx%2BudMoqrxQhVK3zQGjamTpt6YM&marketplaceID=ATVPDKIKX0DER&qid=1778752536&ref=sr_st_exact-aware-popularity-rank
2026-06-12,2026-06-12T05:08:41+00:00,Competitor Store 1,seller,seller,Lim Nature (WP),1,B0F13CNTR1,28,28,28,display_order,28,Girl Loves Dog 02,,,,,,,no,https://www.amazon.com/Birthday-Flower-Accent-Colors-Personalized/dp/B0F13CNTR1/ref=cs_sr_dp_loc_6?dib=eyJ2IjoiMSJ9.M5pkWw4ieWYVD7B_AHguhChf5ji5c6NjLWKqrx_cJx83LJzavvhya7svF-_jb0kbQ2d9V4wXS969a18jIVeVoWZd0ydcDwV7N1U3yCziYF0HnKQoeiNeHX0iDdi9GyjiccHTtFBMlKM7pEq6qSZ7ugd2oJn6eWHz4_RwXX5Rs89GvrvejKX7zopGvSuS4fMXV7A7nKNAt0180exHLPp7COVs18Zf7RplXgj2PoF7ES0.wqsXqCZZQWqkpEd72t3j-WvXOmkXfw8w9YY-Ret-Z68&dib_tag=se&m=A1JK5EDV3DM6K&marketplaceID=ATVPDKIKX0DER&nsdOptOutParam=true&qid=1781240933&refresh=1&s=merchant-items&sr=1-13,,https://www.amazon.com/s?i=merchant-items&me=A1JK5EDV3DM6K&s=exact-aware-popularity-rank&ds=v1%3AkcXuCeFAqqEArZv7jx%2BudMoqrxQhVK3zQGjamTpt6YM&marketplaceID=ATVPDKIKX0DER&qid=1778752536&ref=sr_st_exact-aware-popularity-rank
2026-06-12,2026-06-12T05:08:41+00:00,Competitor Store 1,seller,seller,Lim Nature (WP),1,B0GMWV78PZ,29,29,29,display_order,29,"WANDERPRINT Personalized Patriotic Welcome Mat – Custom Family Name 250th Anniversary USA Doormat, Eagle Non-Slip Indoor O...",,,,,,,no,https://www.amazon.com/WANDERPRINT-Personalized-Patriotic-Welcome-Mat/dp/B0GMWV78PZ/ref=sr_1_14?dib=eyJ2IjoiMSJ9.M5pkWw4ieWYVD7B_AHguhChf5ji5c6NjLWKqrx_cJx83LJzavvhya7svF-_jb0kbQ2d9V4wXS969a18jIVeVoWZd0ydcDwV7N1U3yCziYF0HnKQoeiNeHX0iDdi9GyjiccHTtFBMlKM7pEq6qSZ7ugd2oJn6eWHz4_RwXX5Rs89GvrvejKX7zopGvSuS4fMXV7A7nKNAt0180exHLPp7COVs18Zf7RplXgj2PoF7ES0.wqsXqCZZQWqkpEd72t3j-WvXOmkXfw8w9YY-Ret-Z68&dib_tag=se&m=A1JK5EDV3DM6K&marketplaceID=ATVPDKIKX0DER&nsdOptOutParam=true&qid=1781240933&refresh=1&s=merchant-items&sr=1-14,https://m.media-amazon.com/images/I/71gjd9VvRYL._AC_UY218_.jpg,https://www.amazon.com/s?i=merchant-items&me=A1JK5EDV3DM6K&s=exact-aware-popularity-rank&ds=v1%3AkcXuCeFAqqEArZv7jx%2BudMoqrxQhVK3zQGjamTpt6YM&marketplaceID=ATVPDKIKX0DER&qid=1778752536&ref=sr_st_exact-aware-popularity-rank
2026-06-12,2026-06-12T05:08:41+00:00,Competitor Store 1,seller,seller,Lim Nature (WP),1,B0GSYJXGYW,30,30,30,display_order,30,"Personalized Kids Enamel Mug – Custom Name & Initial Mugs for Boys and Girls, 11oz Enamel Cup for Easter, Birthday & Chris...",,,,,,,no,https://www.amazon.com/Personalized-Kids-Enamel-Mug-Christmas/dp/B0GSYJXGYW/ref=sr_1_15?dib=eyJ2IjoiMSJ9.M5pkWw4ieWYVD7B_AHguhChf5ji5c6NjLWKqrx_cJx83LJzavvhya7svF-_jb0kbQ2d9V4wXS969a18jIVeVoWZd0ydcDwV7N1U3yCziYF0HnKQoeiNeHX0iDdi9GyjiccHTtFBMlKM7pEq6qSZ7ugd2oJn6eWHz4_RwXX5Rs89GvrvejKX7zopGvSuS4fMXV7A7nKNAt0180exHLPp7COVs18Zf7RplXgj2PoF7ES0.wqsXqCZZQWqkpEd72t3j-WvXOmkXfw8w9YY-Ret-Z68&dib_tag=se&m=A1JK5EDV3DM6K&marketplaceID=ATVPDKIKX0DER&nsdOptOutParam=true&qid=1781240933&refresh=1&s=merchant-items&sr=1-15,https://m.media-amazon.com/images/I/81EIbMsAtzL._AC_UY218_.jpg,https://www.amazon.com/s?i=merchant-items&me=A1JK5EDV3DM6K&s=exact-aware-popularity-rank&ds=v1%3AkcXuCeFAqqEArZv7jx%2BudMoqrxQhVK3zQGjamTpt6YM&marketplaceID=ATVPDKIKX0DER&qid=1778752536&ref=sr_st_exact-aware-popularity-rank
2026-06-12,2026-06-12T05:08:41+00:00,Competitor Store 1,seller,seller,Lim Nature (WP),1,B0GLYVSC16,31,31,31,display_order,31,Bunny,,,,,,,no,https://www.amazon.com/Personalized-Kids-Enamel-Mug-Christmas/dp/B0GLYVSC16/ref=cs_sr_dp_loc_2?dib=eyJ2IjoiMSJ9.M5pkWw4ieWYVD7B_AHguhChf5ji5c6NjLWKqrx_cJx83LJzavvhya7svF-_jb0kbQ2d9V4wXS969a18jIVeVoWZd0ydcDwV7N1U3yCziYF0HnKQoeiNeHX0iDdi9GyjiccHTtFBMlKM7pEq6qSZ7ugd2oJn6eWHz4_RwXX5Rs89GvrvejKX7zopGvSuS4fMXV7A7nKNAt0180exHLPp7COVs18Zf7RplXgj2PoF7ES0.wqsXqCZZQWqkpEd72t3j-WvXOmkXfw8w9YY-Ret-Z68&dib_tag=se&m=A1JK5EDV3DM6K&marketplaceID=ATVPDKIKX0DER&nsdOptOutParam=true&qid=1781240933&refresh=1&s=merchant-items&sr=1-15,,https://www.amazon.com/s?i=merchant-items&me=A1JK5EDV3DM6K&s=exact-aware-popularity-rank&ds=v1%3AkcXuCeFAqqEArZv7jx%2BudMoqrxQhVK3zQGjamTpt6YM&marketplaceID=ATVPDKIKX0DER&qid=1778752536&ref=sr_st_exact-aware-popularity-rank
2026-06-12,2026-06-12T05:08:41+00:00,Competitor Store 1,seller,seller,Lim Nature (WP),1,B0GLYZ6BMM,32,32,32,display_order,32,Dinosaur,,,,,,,no,https://www.amazon.com/Personalized-Kids-Enamel-Mug-Christmas/dp/B0GLYZ6BMM/ref=cs_sr_dp_loc_3?dib=eyJ2IjoiMSJ9.M5pkWw4ieWYVD7B_AHguhChf5ji5c6NjLWKqrx_cJx83LJzavvhya7svF-_jb0kbQ2d9V4wXS969a18jIVeVoWZd0ydcDwV7N1U3yCziYF0HnKQoeiNeHX0iDdi9GyjiccHTtFBMlKM7pEq6qSZ7ugd2oJn6eWHz4_RwXX5Rs89GvrvejKX7zopGvSuS4fMXV7A7nKNAt0180exHLPp7COVs18Zf7RplXgj2PoF7ES0.wqsXqCZZQWqkpEd72t3j-WvXOmkXfw8w9YY-Ret-Z68&dib_tag=se&m=A1JK5EDV3DM6K&marketplaceID=ATVPDKIKX0DER&nsdOptOutParam=true&qid=1781240933&refresh=1&s=merchant-items&sr=1-15,,https://www.amazon.com/s?i=merchant-items&me=A1JK5EDV3DM6K&s=exact-aware-popularity-rank&ds=v1%3AkcXuCeFAqqEArZv7jx%2BudMoqrxQhVK3zQGjamTpt6YM&marketplaceID=ATVPDKIKX0DER&qid=1778752536&ref=sr_st_exact-aware-popularity-rank
2026-06-12,2026-06-12T05:08:41+00:00,Competitor Store 1,seller,seller,Lim Nature (WP),1,B0GLZ4R9ML,33,33,33,display_order,33,Easter Mug 2,,,,,,,no,https://www.amazon.com/Personalized-Kids-Enamel-Mug-Christmas/dp/B0GLZ4R9ML/ref=cs_sr_dp_loc_4?dib=eyJ2IjoiMSJ9.M5pkWw4ieWYVD7B_AHguhChf5ji5c6NjLWKqrx_cJx83LJzavvhya7svF-_jb0kbQ2d9V4wXS969a18jIVeVoWZd0ydcDwV7N1U3yCziYF0HnKQoeiNeHX0iDdi9GyjiccHTtFBMlKM7pEq6qSZ7ugd2oJn6eWHz4_RwXX5Rs89GvrvejKX7zopGvSuS4fMXV7A7nKNAt0180exHLPp7COVs18Zf7RplXgj2PoF7ES0.wqsXqCZZQWqkpEd72t3j-WvXOmkXfw8w9YY-Ret-Z68&dib_tag=se&m=A1JK5EDV3DM6K&marketplaceID=ATVPDKIKX0DER&nsdOptOutParam=true&qid=1781240933&refresh=1&s=merchant-items&sr=1-15,,https://www.amazon.com/s?i=merchant-items&me=A1JK5EDV3DM6K&s=exact-aware-popularity-rank&ds=v1%3AkcXuCeFAqqEArZv7jx%2BudMoqrxQhVK3zQGjamTpt6YM&marketplaceID=ATVPDKIKX0DER&qid=1778752536&ref=sr_st_exact-aware-popularity-rank
2026-06-12,2026-06-12T05:08:41+00:00,Competitor Store 1,seller,seller,Lim Nature (WP),1,B0GLYRM4TS,34,34,34,display_order,34,Easter Mug 3,,,,,,,no,https://www.amazon.com/Personalized-Kids-Enamel-Mug-Christmas/dp/B0GLYRM4TS/ref=cs_sr_dp_loc_5?dib=eyJ2IjoiMSJ9.M5pkWw4ieWYVD7B_AHguhChf5ji5c6NjLWKqrx_cJx83LJzavvhya7svF-_jb0kbQ2d9V4wXS969a18jIVeVoWZd0ydcDwV7N1U3yCziYF0HnKQoeiNeHX0iDdi9GyjiccHTtFBMlKM7pEq6qSZ7ugd2oJn6eWHz4_RwXX5Rs89GvrvejKX7zopGvSuS4fMXV7A7nKNAt0180exHLPp7COVs18Zf7RplXgj2PoF7ES0.wqsXqCZZQWqkpEd72t3j-WvXOmkXfw8w9YY-Ret-Z68&dib_tag=se&m=A1JK5EDV3DM6K&marketplaceID=ATVPDKIKX0DER&nsdOptOutParam=true&qid=1781240933&refresh=1&s=merchant-items&sr=1-15,,https://www.amazon.com/s?i=merchant-items&me=A1JK5EDV3DM6K&s=exact-aware-popularity-rank&ds=v1%3AkcXuCeFAqqEArZv7jx%2BudMoqrxQhVK3zQGjamTpt6YM&marketplaceID=ATVPDKIKX0DER&qid=1778752536&ref=sr_st_exact-aware-popularity-rank
2026-06-12,2026-06-12T05:08:41+00:00,Competitor Store 1,seller,seller,Lim Nature (WP),1,B0GLZ1PZBP,35,35,35,display_order,35,Princess,,,,,,,no,https://www.amazon.com/Personalized-Kids-Enamel-Mug-Christmas/dp/B0GLZ1PZBP/ref=cs_sr_dp_loc_6?dib=eyJ2IjoiMSJ9.M5pkWw4ieWYVD7B_AHguhChf5ji5c6NjLWKqrx_cJx83LJzavvhya7svF-_jb0kbQ2d9V4wXS969a18jIVeVoWZd0ydcDwV7N1U3yCziYF0HnKQoeiNeHX0iDdi9GyjiccHTtFBMlKM7pEq6qSZ7ugd2oJn6eWHz4_RwXX5Rs89GvrvejKX7zopGvSuS4fMXV7A7nKNAt0180exHLPp7COVs18Zf7RplXgj2PoF7ES0.wqsXqCZZQWqkpEd72t3j-WvXOmkXfw8w9YY-Ret-Z68&dib_tag=se&m=A1JK5EDV3DM6K&marketplaceID=ATVPDKIKX0DER&nsdOptOutParam=true&qid=1781240933&refresh=1&s=merchant-items&sr=1-15,,https://www.amazon.com/s?i=merchant-items&me=A1JK5EDV3DM6K&s=exact-aware-popularity-rank&ds=v1%3AkcXuCeFAqqEArZv7jx%2BudMoqrxQhVK3zQGjamTpt6YM&marketplaceID=ATVPDKIKX0DER&qid=1778752536&ref=sr_st_exact-aware-popularity-rank
2026-06-12,2026-06-12T05:08:41+00:00,Competitor Store 1,seller,seller,Lim Nature (WP),1,B0BWSJ3KYL,36,36,36,display_order,36,Personalized Canvas For Father Birthday Gifts For Daddy Poster - Dads To The World You Are One Person Frame Picture Poster...,,,,,,,no,https://www.amazon.com/Personalized-Family-Gifts-Canvas-poster/dp/B0BWSJ3KYL/ref=sr_1_16?dib=eyJ2IjoiMSJ9.M5pkWw4ieWYVD7B_AHguhChf5ji5c6NjLWKqrx_cJx83LJzavvhya7svF-_jb0kbQ2d9V4wXS969a18jIVeVoWZd0ydcDwV7N1U3yCziYF0HnKQoeiNeHX0iDdi9GyjiccHTtFBMlKM7pEq6qSZ7ugd2oJn6eWHz4_RwXX5Rs89GvrvejKX7zopGvSuS4fMXV7A7nKNAt0180exHLPp7COVs18Zf7RplXgj2PoF7ES0.wqsXqCZZQWqkpEd72t3j-WvXOmkXfw8w9YY-Ret-Z68&dib_tag=se&m=A1JK5EDV3DM6K&marketplaceID=ATVPDKIKX0DER&nsdOptOutParam=true&qid=1781240933&refresh=1&s=merchant-items&sr=1-16,https://m.media-amazon.com/images/I/81z97HYcPVL._AC_UY218_.jpg,https://www.amazon.com/s?i=merchant-items&me=A1JK5EDV3DM6K&s=exact-aware-popularity-rank&ds=v1%3AkcXuCeFAqqEArZv7jx%2BudMoqrxQhVK3zQGjamTpt6YM&marketplaceID=ATVPDKIKX0DER&qid=1778752536&ref=sr_st_exact-aware-popularity-rank
2026-06-12,2026-06-12T05:08:41+00:00,Competitor Store 1,seller,seller,Lim Nature (WP),1,B07984JN3L,37,37,37,display_order,37,Amazon Business Card,,,,,,,no,https://www.amazon.com/dp/B07984JN3L?plattr=ACOMFO&ie=UTF-8,,https://www.amazon.com/s?i=merchant-items&me=A1JK5EDV3DM6K&s=exact-aware-popularity-rank&ds=v1%3AkcXuCeFAqqEArZv7jx%2BudMoqrxQhVK3zQGjamTpt6YM&marketplaceID=ATVPDKIKX0DER&qid=1778752536&ref=sr_st_exact-aware-popularity-rank
2026-06-12,2026-06-12T05:08:41+00:00,Competitor Store 1,seller,seller,Lim Nature (WP),1,B0CHTVMXZJ,38,38,38,display_order,38,Reload Your Balance,,,,,,,no,https://www.amazon.com/dp/B0CHTVMXZJ?th=1?ref_=footer_reload_us,,https://www.amazon.com/s?i=merchant-items&me=A1JK5EDV3DM6K&s=exact-aware-popularity-rank&ds=v1%3AkcXuCeFAqqEArZv7jx%2BudMoqrxQhVK3zQGjamTpt6YM&marketplaceID=ATVPDKIKX0DER&qid=1778752536&ref=sr_st_exact-aware-popularity-rank
2026-06-12,2026-06-12T05:08:41+00:00,Competitor Store 2,seller,seller,Peties Store (WP),1,B0GSYPMT5T,1,1,1,display_order,1,"Personalized Leather Notebook Set - Writing Journal with Pen Holder, Stylish Notebook Organizer for Work Office School, St...",,,,,,,no,https://www.amazon.com/Personalized-Leather-Notebook-Set-Organizer/dp/B0GSYPMT5T/ref=sr_1_1?dib=eyJ2IjoiMSJ9.DsFBczbb5mrd8DPEi82V3L7MlVM6LK8C-oH6M4ZU2qTKRDWRRlgnvtqc_lGqRZ8mzAyF3hekZ2HL60LOR1-HsdtkTY9X9qK0oGPEac2OLH_eQslXBri_5__1mHa_LnzKDD1FU4c5w_ypg5Dnon6D8k16PGtpwERcH17Z1shAhC4MVxpi8LLunxY_lmHxe3YNnxEAxR0IkIe3koVOvg-QxbRsyb5JNXzkD671XwSMYXc.aPo0O8RBiK9HitlMIn77g_ac5Ofo0T3Fq0JLY5oJ2e0&dib_tag=se&m=A143D6QWFZ303M&marketplaceID=ATVPDKIKX0DER&nsdOptOutParam=true&qid=1781240938&s=merchant-items&sr=1-1,https://m.media-amazon.com/images/I/61YBZ6EllrL._AC_UY218_.jpg,https://www.amazon.com/s?i=merchant-items&me=A143D6QWFZ303M&s=exact-aware-popularity-rank&ds=v1%3Ab8YKBOL8AtsS1IgQG6TsY8talfiTbUFBQGly9npIL1U&marketplaceID=ATVPDKIKX0DER&qid=1776045897&ref=sr_st_exact-aware-popularity-rank
2026-06-12,2026-06-12T05:08:41+00:00,Competitor Store 2,seller,seller,Peties Store (WP),1,B0GMWZF6R3,2,2,2,display_order,2,"Personalized Doormat - Housewarming Gift for New Homeowners, Custom Family Name & Address Entryway Decor - Family Monogram...",,,,,,,no,https://www.amazon.com/Personalized-Doormat-Housewarming-Homeowners-Entryway/dp/B0GMWZF6R3/ref=sr_1_2?dib=eyJ2IjoiMSJ9.DsFBczbb5mrd8DPEi82V3L7MlVM6LK8C-oH6M4ZU2qTKRDWRRlgnvtqc_lGqRZ8mzAyF3hekZ2HL60LOR1-HsdtkTY9X9qK0oGPEac2OLH_eQslXBri_5__1mHa_LnzKDD1FU4c5w_ypg5Dnon6D8k16PGtpwERcH17Z1shAhC4MVxpi8LLunxY_lmHxe3YNnxEAxR0IkIe3koVOvg-QxbRsyb5JNXzkD671XwSMYXc.aPo0O8RBiK9HitlMIn77g_ac5Ofo0T3Fq0JLY5oJ2e0&dib_tag=se&m=A143D6QWFZ303M&marketplaceID=ATVPDKIKX0DER&nsdOptOutParam=true&qid=1781240938&s=merchant-items&sr=1-2,https://m.media-amazon.com/images/I/81XDgIdolML._AC_UY218_.jpg,https://www.amazon.com/s?i=merchant-items&me=A143D6QWFZ303M&s=exact-aware-popularity-rank&ds=v1%3Ab8YKBOL8AtsS1IgQG6TsY8talfiTbUFBQGly9npIL1U&marketplaceID=ATVPDKIKX0DER&qid=1776045897&ref=sr_st_exact-aware-popularity-rank
2026-06-12,2026-06-12T05:08:41+00:00,Competitor Store 2,seller,seller,Peties Store (WP),1,B0G8VJCS1P,3,3,3,display_order,3,Monogram Family Name,,,,,,,no,https://www.amazon.com/Personalized-Doormat-Housewarming-Homeowners-Entryway/dp/B0G8VJCS1P/ref=cs_sr_dp_loc_2?dib=eyJ2IjoiMSJ9.DsFBczbb5mrd8DPEi82V3L7MlVM6LK8C-oH6M4ZU2qTKRDWRRlgnvtqc_lGqRZ8mzAyF3hekZ2HL60LOR1-HsdtkTY9X9qK0oGPEac2OLH_eQslXBri_5__1mHa_LnzKDD1FU4c5w_ypg5Dnon6D8k16PGtpwERcH17Z1shAhC4MVxpi8LLunxY_lmHxe3YNnxEAxR0IkIe3koVOvg-QxbRsyb5JNXzkD671XwSMYXc.aPo0O8RBiK9HitlMIn77g_ac5Ofo0T3Fq0JLY5oJ2e0&dib_tag=se&m=A143D6QWFZ303M&marketplaceID=ATVPDKIKX0DER&nsdOptOutParam=true&qid=1781240938&s=merchant-items&sr=1-2,,https://www.amazon.com/s?i=merchant-items&me=A143D6QWFZ303M&s=exact-aware-popularity-rank&ds=v1%3Ab8YKBOL8AtsS1IgQG6TsY8talfiTbUFBQGly9npIL1U&marketplaceID=ATVPDKIKX0DER&qid=1776045897&ref=sr_st_exact-aware-popularity-rank
2026-06-12,2026-06-12T05:08:41+00:00,Competitor Store 2,seller,seller,Peties Store (WP),1,B0FQ1N144J,4,4,4,display_order,4,"Peties.com Personalized Crystal Globe Lamp - Memorial Keepsake with Photo, Sympathy Gift of Remembrance, Holiday Home Deco...",,,,,,,no,https://www.amazon.com/Peties-com-Personalized-Crystal-Globe-Lamp/dp/B0FQ1N144J/ref=sr_1_3?dib=eyJ2IjoiMSJ9.DsFBczbb5mrd8DPEi82V3L7MlVM6LK8C-oH6M4ZU2qTKRDWRRlgnvtqc_lGqRZ8mzAyF3hekZ2HL60LOR1-HsdtkTY9X9qK0oGPEac2OLH_eQslXBri_5__1mHa_LnzKDD1FU4c5w_ypg5Dnon6D8k16PGtpwERcH17Z1shAhC4MVxpi8LLunxY_lmHxe3YNnxEAxR0IkIe3koVOvg-QxbRsyb5JNXzkD671XwSMYXc.aPo0O8RBiK9HitlMIn77g_ac5Ofo0T3Fq0JLY5oJ2e0&dib_tag=se&m=A143D6QWFZ303M&marketplaceID=ATVPDKIKX0DER&nsdOptOutParam=true&qid=1781240938&s=merchant-items&sr=1-3,https://m.media-amazon.com/images/I/61w1wLmW5oL._AC_UY218_.jpg,https://www.amazon.com/s?i=merchant-items&me=A143D6QWFZ303M&s=exact-aware-popularity-rank&ds=v1%3Ab8YKBOL8AtsS1IgQG6TsY8talfiTbUFBQGly9npIL1U&marketplaceID=ATVPDKIKX0DER&qid=1776045897&ref=sr_st_exact-aware-popularity-rank
2026-06-12,2026-06-12T05:08:41+00:00,Competitor Store 2,seller,seller,Peties Store (WP),1,B0G495KL4N,5,5,5,display_order,5,Custom Photo Baby Expecting See You In 2026,,,,,,,no,https://www.amazon.com/Peties-com-Personalized-Crystal-Globe-Lamp/dp/B0G495KL4N/ref=cs_sr_dp_loc_2?dib=eyJ2IjoiMSJ9.DsFBczbb5mrd8DPEi82V3L7MlVM6LK8C-oH6M4ZU2qTKRDWRRlgnvtqc_lGqRZ8mzAyF3hekZ2HL60LOR1-HsdtkTY9X9qK0oGPEac2OLH_eQslXBri_5__1mHa_LnzKDD1FU4c5w_ypg5Dnon6D8k16PGtpwERcH17Z1shAhC4MVxpi8LLunxY_lmHxe3YNnxEAxR0IkIe3koVOvg-QxbRsyb5JNXzkD671XwSMYXc.aPo0O8RBiK9HitlMIn77g_ac5Ofo0T3Fq0JLY5oJ2e0&dib_tag=se&m=A143D6QWFZ303M&marketplaceID=ATVPDKIKX0DER&nsdOptOutParam=true&qid=1781240938&s=merchant-items&sr=1-3,,https://www.amazon.com/s?i=merchant-items&me=A143D6QWFZ303M&s=exact-aware-popularity-rank&ds=v1%3Ab8YKBOL8AtsS1IgQG6TsY8talfiTbUFBQGly9npIL1U&marketplaceID=ATVPDKIKX0DER&qid=1776045897&ref=sr_st_exact-aware-popularity-rank
2026-06-12,2026-06-12T05:08:41+00:00,Competitor Store 2,seller,seller,Peties Store (WP),1,B0G8XDWM65,6,6,6,display_order,6,Custom Photo I’m Always With You,,,,,,,no,https://www.amazon.com/Peties-com-Personalized-Crystal-Globe-Lamp/dp/B0G8XDWM65/ref=cs_sr_dp_loc_3?dib=eyJ2IjoiMSJ9.DsFBczbb5mrd8DPEi82V3L7MlVM6LK8C-oH6M4ZU2qTKRDWRRlgnvtqc_lGqRZ8mzAyF3hekZ2HL60LOR1-HsdtkTY9X9qK0oGPEac2OLH_eQslXBri_5__1mHa_LnzKDD1FU4c5w_ypg5Dnon6D8k16PGtpwERcH17Z1shAhC4MVxpi8LLunxY_lmHxe3YNnxEAxR0IkIe3koVOvg-QxbRsyb5JNXzkD671XwSMYXc.aPo0O8RBiK9HitlMIn77g_ac5Ofo0T3Fq0JLY5oJ2e0&dib_tag=se&m=A143D6QWFZ303M&marketplaceID=ATVPDKIKX0DER&nsdOptOutParam=true&qid=1781240938&s=merchant-items&sr=1-3,,https://www.amazon.com/s?i=merchant-items&me=A143D6QWFZ303M&s=exact-aware-popularity-rank&ds=v1%3Ab8YKBOL8AtsS1IgQG6TsY8talfiTbUFBQGly9npIL1U&marketplaceID=ATVPDKIKX0DER&qid=1776045897&ref=sr_st_exact-aware-popularity-rank
2026-06-12,2026-06-12T05:08:41+00:00,Competitor Store 2,seller,seller,Peties Store (WP),1,B0FPXHN3ZN,7,7,7,display_order,7,Custom Photo Baby Ultrasound,,,,,,,no,https://www.amazon.com/Peties-com-Personalized-Crystal-Globe-Lamp/dp/B0FPXHN3ZN/ref=cs_sr_dp_loc_4?dib=eyJ2IjoiMSJ9.DsFBczbb5mrd8DPEi82V3L7MlVM6LK8C-oH6M4ZU2qTKRDWRRlgnvtqc_lGqRZ8mzAyF3hekZ2HL60LOR1-HsdtkTY9X9qK0oGPEac2OLH_eQslXBri_5__1mHa_LnzKDD1FU4c5w_ypg5Dnon6D8k16PGtpwERcH17Z1shAhC4MVxpi8LLunxY_lmHxe3YNnxEAxR0IkIe3koVOvg-QxbRsyb5JNXzkD671XwSMYXc.aPo0O8RBiK9HitlMIn77g_ac5Ofo0T3Fq0JLY5oJ2e0&dib_tag=se&m=A143D6QWFZ303M&marketplaceID=ATVPDKIKX0DER&nsdOptOutParam=true&qid=1781240938&s=merchant-items&sr=1-3,,https://www.amazon.com/s?i=merchant-items&me=A143D6QWFZ303M&s=exact-aware-popularity-rank&ds=v1%3Ab8YKBOL8AtsS1IgQG6TsY8talfiTbUFBQGly9npIL1U&marketplaceID=ATVPDKIKX0DER&qid=1776045897&ref=sr_st_exact-aware-popularity-rank
2026-06-12,2026-06-12T05:08:41+00:00,Competitor Store 2,seller,seller,Peties Store (WP),1,B0FTSRGHBV,8,8,8,display_order,8,Custom Photo Family Couple Friends Pet,,,,,,,no,https://www.amazon.com/Peties-com-Personalized-Crystal-Globe-Lamp/dp/B0FTSRGHBV/ref=cs_sr_dp_loc_5?dib=eyJ2IjoiMSJ9.DsFBczbb5mrd8DPEi82V3L7MlVM6LK8C-oH6M4ZU2qTKRDWRRlgnvtqc_lGqRZ8mzAyF3hekZ2HL60LOR1-HsdtkTY9X9qK0oGPEac2OLH_eQslXBri_5__1mHa_LnzKDD1FU4c5w_ypg5Dnon6D8k16PGtpwERcH17Z1shAhC4MVxpi8LLunxY_lmHxe3YNnxEAxR0IkIe3koVOvg-QxbRsyb5JNXzkD671XwSMYXc.aPo0O8RBiK9HitlMIn77g_ac5Ofo0T3Fq0JLY5oJ2e0&dib_tag=se&m=A143D6QWFZ303M&marketplaceID=ATVPDKIKX0DER&nsdOptOutParam=true&qid=1781240938&s=merchant-items&sr=1-3,,https://www.amazon.com/s?i=merchant-items&me=A143D6QWFZ303M&s=exact-aware-popularity-rank&ds=v1%3Ab8YKBOL8AtsS1IgQG6TsY8talfiTbUFBQGly9npIL1U&marketplaceID=ATVPDKIKX0DER&qid=1776045897&ref=sr_st_exact-aware-popularity-rank
2026-06-12,2026-06-12T05:08:41+00:00,Competitor Store 2,seller,seller,Peties Store (WP),1,B0GLNHF163,9,9,9,display_order,9,Moon Phase The Beginning Of Our Forever,,,,,,,no,https://www.amazon.com/Peties-com-Personalized-Crystal-Globe-Lamp/dp/B0GLNHF163/ref=cs_sr_dp_loc_6?dib=eyJ2IjoiMSJ9.DsFBczbb5mrd8DPEi82V3L7MlVM6LK8C-oH6M4ZU2qTKRDWRRlgnvtqc_lGqRZ8mzAyF3hekZ2HL60LOR1-HsdtkTY9X9qK0oGPEac2OLH_eQslXBri_5__1mHa_LnzKDD1FU4c5w_ypg5Dnon6D8k16PGtpwERcH17Z1shAhC4MVxpi8LLunxY_lmHxe3YNnxEAxR0IkIe3koVOvg-QxbRsyb5JNXzkD671XwSMYXc.aPo0O8RBiK9HitlMIn77g_ac5Ofo0T3Fq0JLY5oJ2e0&dib_tag=se&m=A143D6QWFZ303M&marketplaceID=ATVPDKIKX0DER&nsdOptOutParam=true&qid=1781240938&s=merchant-items&sr=1-3,,https://www.amazon.com/s?i=merchant-items&me=A143D6QWFZ303M&s=exact-aware-popularity-rank&ds=v1%3Ab8YKBOL8AtsS1IgQG6TsY8talfiTbUFBQGly9npIL1U&marketplaceID=ATVPDKIKX0DER&qid=1776045897&ref=sr_st_exact-aware-popularity-rank
2026-06-12,2026-06-12T05:08:41+00:00,Competitor Store 2,seller,seller,Peties Store (WP),1,B0FKT79JVW,10,10,10,display_order,10,Peties.com Ceramic Ring Dish Jewelry Tray - Aesthetic White Trinket Tray - Meaningful Mothers Day Gift for Mom from Daught...,,,,,,,no,https://www.amazon.com/Peties-com-Ceramic-Ring-Dish-Jewelry/dp/B0FKT79JVW/ref=sr_1_4?dib=eyJ2IjoiMSJ9.DsFBczbb5mrd8DPEi82V3L7MlVM6LK8C-oH6M4ZU2qTKRDWRRlgnvtqc_lGqRZ8mzAyF3hekZ2HL60LOR1-HsdtkTY9X9qK0oGPEac2OLH_eQslXBri_5__1mHa_LnzKDD1FU4c5w_ypg5Dnon6D8k16PGtpwERcH17Z1shAhC4MVxpi8LLunxY_lmHxe3YNnxEAxR0IkIe3koVOvg-QxbRsyb5JNXzkD671XwSMYXc.aPo0O8RBiK9HitlMIn77g_ac5Ofo0T3Fq0JLY5oJ2e0&dib_tag=se&m=A143D6QWFZ303M&marketplaceID=ATVPDKIKX0DER&nsdOptOutParam=true&qid=1781240938&s=merchant-items&sr=1-4,https://m.media-amazon.com/images/I/61ZpG8Gk+4L._AC_UY218_.jpg,https://www.amazon.com/s?i=merchant-items&me=A143D6QWFZ303M&s=exact-aware-popularity-rank&ds=v1%3Ab8YKBOL8AtsS1IgQG6TsY8talfiTbUFBQGly9npIL1U&marketplaceID=ATVPDKIKX0DER&qid=1776045897&ref=sr_st_exact-aware-popularity-rank
2026-06-12,2026-06-12T05:08:41+00:00,Competitor Store 2,seller,seller,Peties Store (WP),1,B0FKT96X9R,11,11,11,display_order,11,For All The Times That I Forgot To Thank You,,,,,,,no,https://www.amazon.com/Peties-com-Ceramic-Ring-Dish-Jewelry/dp/B0FKT96X9R/ref=cs_sr_dp_loc_2?dib=eyJ2IjoiMSJ9.DsFBczbb5mrd8DPEi82V3L7MlVM6LK8C-oH6M4ZU2qTKRDWRRlgnvtqc_lGqRZ8mzAyF3hekZ2HL60LOR1-HsdtkTY9X9qK0oGPEac2OLH_eQslXBri_5__1mHa_LnzKDD1FU4c5w_ypg5Dnon6D8k16PGtpwERcH17Z1shAhC4MVxpi8LLunxY_lmHxe3YNnxEAxR0IkIe3koVOvg-QxbRsyb5JNXzkD671XwSMYXc.aPo0O8RBiK9HitlMIn77g_ac5Ofo0T3Fq0JLY5oJ2e0&dib_tag=se&m=A143D6QWFZ303M&marketplaceID=ATVPDKIKX0DER&nsdOptOutParam=true&qid=1781240938&s=merchant-items&sr=1-4,,https://www.amazon.com/s?i=merchant-items&me=A143D6QWFZ303M&s=exact-aware-popularity-rank&ds=v1%3Ab8YKBOL8AtsS1IgQG6TsY8talfiTbUFBQGly9npIL1U&marketplaceID=ATVPDKIKX0DER&qid=1776045897&ref=sr_st_exact-aware-popularity-rank
2026-06-12,2026-06-12T05:08:41+00:00,Competitor Store 2,seller,seller,Peties Store (WP),1,B0FKT78YHY,12,12,12,display_order,12,Mothers Daughters Never Truly Apart,,,,,,,no,https://www.amazon.com/Peties-com-Ceramic-Ring-Dish-Jewelry/dp/B0FKT78YHY/ref=cs_sr_dp_loc_3?dib=eyJ2IjoiMSJ9.DsFBczbb5mrd8DPEi82V3L7MlVM6LK8C-oH6M4ZU2qTKRDWRRlgnvtqc_lGqRZ8mzAyF3hekZ2HL60LOR1-HsdtkTY9X9qK0oGPEac2OLH_eQslXBri_5__1mHa_LnzKDD1FU4c5w_ypg5Dnon6D8k16PGtpwERcH17Z1shAhC4MVxpi8LLunxY_lmHxe3YNnxEAxR0IkIe3koVOvg-QxbRsyb5JNXzkD671XwSMYXc.aPo0O8RBiK9HitlMIn77g_ac5Ofo0T3Fq0JLY5oJ2e0&dib_tag=se&m=A143D6QWFZ303M&marketplaceID=ATVPDKIKX0DER&nsdOptOutParam=true&qid=1781240938&s=merchant-items&sr=1-4,,https://www.amazon.com/s?i=merchant-items&me=A143D6QWFZ303M&s=exact-aware-popularity-rank&ds=v1%3Ab8YKBOL8AtsS1IgQG6TsY8talfiTbUFBQGly9npIL1U&marketplaceID=ATVPDKIKX0DER&qid=1776045897&ref=sr_st_exact-aware-popularity-rank
2026-06-12,2026-06-12T05:08:41+00:00,Competitor Store 2,seller,seller,Peties Store (WP),1,B0FKTCM986,13,13,13,display_order,13,Remember I Love You Mom,,,,,,,no,https://www.amazon.com/Peties-com-Ceramic-Ring-Dish-Jewelry/dp/B0FKTCM986/ref=cs_sr_dp_loc_4?dib=eyJ2IjoiMSJ9.DsFBczbb5mrd8DPEi82V3L7MlVM6LK8C-oH6M4ZU2qTKRDWRRlgnvtqc_lGqRZ8mzAyF3hekZ2HL60LOR1-HsdtkTY9X9qK0oGPEac2OLH_eQslXBri_5__1mHa_LnzKDD1FU4c5w_ypg5Dnon6D8k16PGtpwERcH17Z1shAhC4MVxpi8LLunxY_lmHxe3YNnxEAxR0IkIe3koVOvg-QxbRsyb5JNXzkD671XwSMYXc.aPo0O8RBiK9HitlMIn77g_ac5Ofo0T3Fq0JLY5oJ2e0&dib_tag=se&m=A143D6QWFZ303M&marketplaceID=ATVPDKIKX0DER&nsdOptOutParam=true&qid=1781240938&s=merchant-items&sr=1-4,,https://www.amazon.com/s?i=merchant-items&me=A143D6QWFZ303M&s=exact-aware-popularity-rank&ds=v1%3Ab8YKBOL8AtsS1IgQG6TsY8talfiTbUFBQGly9npIL1U&marketplaceID=ATVPDKIKX0DER&qid=1776045897&ref=sr_st_exact-aware-popularity-rank
2026-06-12,2026-06-12T05:08:41+00:00,Competitor Store 2,seller,seller,Peties Store (WP),1,B0GTVH1PGX,14,14,14,display_order,14,"WANDER PRINTS Personalized Apron for Dad, Custom Cooking BBQ Apron, Funny Chef Gift Idea, Kitchen Grilling Apron for Men",,,,,,,no,https://www.amazon.com/WANDER-PRINTS-Personalized-Apron-Adjustable/dp/B0GTVH1PGX/ref=sr_1_5?dib=eyJ2IjoiMSJ9.DsFBczbb5mrd8DPEi82V3L7MlVM6LK8C-oH6M4ZU2qTKRDWRRlgnvtqc_lGqRZ8mzAyF3hekZ2HL60LOR1-HsdtkTY9X9qK0oGPEac2OLH_eQslXBri_5__1mHa_LnzKDD1FU4c5w_ypg5Dnon6D8k16PGtpwERcH17Z1shAhC4MVxpi8LLunxY_lmHxe3YNnxEAxR0IkIe3koVOvg-QxbRsyb5JNXzkD671XwSMYXc.aPo0O8RBiK9HitlMIn77g_ac5Ofo0T3Fq0JLY5oJ2e0&dib_tag=se&m=A143D6QWFZ303M&marketplaceID=ATVPDKIKX0DER&nsdOptOutParam=true&qid=1781240938&s=merchant-items&sr=1-5,https://m.media-amazon.com/images/I/61WT8cJoCqL._AC_UY218_.jpg,https://www.amazon.com/s?i=merchant-items&me=A143D6QWFZ303M&s=exact-aware-popularity-rank&ds=v1%3Ab8YKBOL8AtsS1IgQG6TsY8talfiTbUFBQGly9npIL1U&marketplaceID=ATVPDKIKX0DER&qid=1776045897&ref=sr_st_exact-aware-popularity-rank
2026-06-12,2026-06-12T05:08:41+00:00,Competitor Store 2,seller,seller,Peties Store (WP),1,B0GY7R8FL1,15,15,15,display_order,15,"WANDER PRINTS Personalized Leather Notebook Set - Graduation Keepsake Journal with Pen, Custom Name Congrats Grad Gift Ide...",,,,,,,no,https://www.amazon.com/WANDER-PRINTS-Personalized-Leather-Notebook/dp/B0GY7R8FL1/ref=sr_1_6?dib=eyJ2IjoiMSJ9.DsFBczbb5mrd8DPEi82V3L7MlVM6LK8C-oH6M4ZU2qTKRDWRRlgnvtqc_lGqRZ8mzAyF3hekZ2HL60LOR1-HsdtkTY9X9qK0oGPEac2OLH_eQslXBri_5__1mHa_LnzKDD1FU4c5w_ypg5Dnon6D8k16PGtpwERcH17Z1shAhC4MVxpi8LLunxY_lmHxe3YNnxEAxR0IkIe3koVOvg-QxbRsyb5JNXzkD671XwSMYXc.aPo0O8RBiK9HitlMIn77g_ac5Ofo0T3Fq0JLY5oJ2e0&dib_tag=se&m=A143D6QWFZ303M&marketplaceID=ATVPDKIKX0DER&nsdOptOutParam=true&qid=1781240938&s=merchant-items&sr=1-6,https://m.media-amazon.com/images/I/61kltodeoRL._AC_UY218_.jpg,https://www.amazon.com/s?i=merchant-items&me=A143D6QWFZ303M&s=exact-aware-popularity-rank&ds=v1%3Ab8YKBOL8AtsS1IgQG6TsY8talfiTbUFBQGly9npIL1U&marketplaceID=ATVPDKIKX0DER&qid=1776045897&ref=sr_st_exact-aware-popularity-rank
2026-06-12,2026-06-12T05:08:41+00:00,Competitor Store 2,seller,seller,Peties Store (WP),1,B0H2HYJZ1J,16,16,16,display_order,16,"WANDER PRINTS Personalized T Shirt for Dad, Funny Dad Shirt, Idea, Matching Tee, Gift from Daughter Son for Dad",,,,,,,no,https://www.amazon.com/WANDER-PRINTS-Personalized-Shirt-Relaxing/dp/B0H2HYJZ1J/ref=sr_1_7?dib=eyJ2IjoiMSJ9.DsFBczbb5mrd8DPEi82V3L7MlVM6LK8C-oH6M4ZU2qTKRDWRRlgnvtqc_lGqRZ8mzAyF3hekZ2HL60LOR1-HsdtkTY9X9qK0oGPEac2OLH_eQslXBri_5__1mHa_LnzKDD1FU4c5w_ypg5Dnon6D8k16PGtpwERcH17Z1shAhC4MVxpi8LLunxY_lmHxe3YNnxEAxR0IkIe3koVOvg-QxbRsyb5JNXzkD671XwSMYXc.aPo0O8RBiK9HitlMIn77g_ac5Ofo0T3Fq0JLY5oJ2e0&dib_tag=se&m=A143D6QWFZ303M&marketplaceID=ATVPDKIKX0DER&nsdOptOutParam=true&qid=1781240938&s=merchant-items&sr=1-7,https://m.media-amazon.com/images/I/61btqGiXL7L._AC_UY218_.jpg,https://www.amazon.com/s?i=merchant-items&me=A143D6QWFZ303M&s=exact-aware-popularity-rank&ds=v1%3Ab8YKBOL8AtsS1IgQG6TsY8talfiTbUFBQGly9npIL1U&marketplaceID=ATVPDKIKX0DER&qid=1776045897&ref=sr_st_exact-aware-popularity-rank
2026-06-12,2026-06-12T05:08:41+00:00,Competitor Store 2,seller,seller,Peties Store (WP),1,B0H392F7C1,17,17,17,display_order,17,Custom Photo B&w Family Moments,,,,,,,no,https://www.amazon.com/WANDER-PRINTS-Personalized-Shirt-Relaxing/dp/B0H392F7C1/ref=is_sr_dp_2?dib=eyJ2IjoiMSJ9.DsFBczbb5mrd8DPEi82V3L7MlVM6LK8C-oH6M4ZU2qTKRDWRRlgnvtqc_lGqRZ8mzAyF3hekZ2HL60LOR1-HsdtkTY9X9qK0oGPEac2OLH_eQslXBri_5__1mHa_LnzKDD1FU4c5w_ypg5Dnon6D8k16PGtpwERcH17Z1shAhC4MVxpi8LLunxY_lmHxe3YNnxEAxR0IkIe3koVOvg-QxbRsyb5JNXzkD671XwSMYXc.aPo0O8RBiK9HitlMIn77g_ac5Ofo0T3Fq0JLY5oJ2e0&dib_tag=se&m=A143D6QWFZ303M&marketplaceID=ATVPDKIKX0DER&nsdOptOutParam=true&qid=1781240938&s=merchant-items&sr=1-7,,https://www.amazon.com/s?i=merchant-items&me=A143D6QWFZ303M&s=exact-aware-popularity-rank&ds=v1%3Ab8YKBOL8AtsS1IgQG6TsY8talfiTbUFBQGly9npIL1U&marketplaceID=ATVPDKIKX0DER&qid=1776045897&ref=sr_st_exact-aware-popularity-rank
2026-06-12,2026-06-12T05:08:41+00:00,Competitor Store 2,seller,seller,Peties Store (WP),1,B0H3T87SZP,18,18,18,display_order,18,Custom Photo Bold Sketch Best Dad Ever,,,,,,,no,https://www.amazon.com/WANDER-PRINTS-Personalized-Shirt-Relaxing/dp/B0H3T87SZP/ref=is_sr_dp_3?dib=eyJ2IjoiMSJ9.DsFBczbb5mrd8DPEi82V3L7MlVM6LK8C-oH6M4ZU2qTKRDWRRlgnvtqc_lGqRZ8mzAyF3hekZ2HL60LOR1-HsdtkTY9X9qK0oGPEac2OLH_eQslXBri_5__1mHa_LnzKDD1FU4c5w_ypg5Dnon6D8k16PGtpwERcH17Z1shAhC4MVxpi8LLunxY_lmHxe3YNnxEAxR0IkIe3koVOvg-QxbRsyb5JNXzkD671XwSMYXc.aPo0O8RBiK9HitlMIn77g_ac5Ofo0T3Fq0JLY5oJ2e0&dib_tag=se&m=A143D6QWFZ303M&marketplaceID=ATVPDKIKX0DER&nsdOptOutParam=true&qid=1781240938&s=merchant-items&sr=1-7,,https://www.amazon.com/s?i=merchant-items&me=A143D6QWFZ303M&s=exact-aware-popularity-rank&ds=v1%3Ab8YKBOL8AtsS1IgQG6TsY8talfiTbUFBQGly9npIL1U&marketplaceID=ATVPDKIKX0DER&qid=1776045897&ref=sr_st_exact-aware-popularity-rank
2026-06-12,2026-06-12T05:08:41+00:00,Competitor Store 2,seller,seller,Peties Store (WP),1,B0GY8Y1YKM,19,19,19,display_order,19,Custom Photo Pencil Sketch Family Portrait,,,,,,,no,https://www.amazon.com/WANDER-PRINTS-Personalized-Shirt-Relaxing/dp/B0GY8Y1YKM/ref=is_sr_dp_4?dib=eyJ2IjoiMSJ9.DsFBczbb5mrd8DPEi82V3L7MlVM6LK8C-oH6M4ZU2qTKRDWRRlgnvtqc_lGqRZ8mzAyF3hekZ2HL60LOR1-HsdtkTY9X9qK0oGPEac2OLH_eQslXBri_5__1mHa_LnzKDD1FU4c5w_ypg5Dnon6D8k16PGtpwERcH17Z1shAhC4MVxpi8LLunxY_lmHxe3YNnxEAxR0IkIe3koVOvg-QxbRsyb5JNXzkD671XwSMYXc.aPo0O8RBiK9HitlMIn77g_ac5Ofo0T3Fq0JLY5oJ2e0&dib_tag=se&m=A143D6QWFZ303M&marketplaceID=ATVPDKIKX0DER&nsdOptOutParam=true&qid=1781240938&s=merchant-items&sr=1-7,,https://www.amazon.com/s?i=merchant-items&me=A143D6QWFZ303M&s=exact-aware-popularity-rank&ds=v1%3Ab8YKBOL8AtsS1IgQG6TsY8talfiTbUFBQGly9npIL1U&marketplaceID=ATVPDKIKX0DER&qid=1776045897&ref=sr_st_exact-aware-popularity-rank
2026-06-12,2026-06-12T05:08:41+00:00,Competitor Store 2,seller,seller,Peties Store (WP),1,B0H2HWD2WX,20,20,20,display_order,20,Dear Dad Great Job We're Awesome Thank You,,,,,,,no,https://www.amazon.com/WANDER-PRINTS-Personalized-Shirt-Relaxing/dp/B0H2HWD2WX/ref=is_sr_dp_5?dib=eyJ2IjoiMSJ9.DsFBczbb5mrd8DPEi82V3L7MlVM6LK8C-oH6M4ZU2qTKRDWRRlgnvtqc_lGqRZ8mzAyF3hekZ2HL60LOR1-HsdtkTY9X9qK0oGPEac2OLH_eQslXBri_5__1mHa_LnzKDD1FU4c5w_ypg5Dnon6D8k16PGtpwERcH17Z1shAhC4MVxpi8LLunxY_lmHxe3YNnxEAxR0IkIe3koVOvg-QxbRsyb5JNXzkD671XwSMYXc.aPo0O8RBiK9HitlMIn77g_ac5Ofo0T3Fq0JLY5oJ2e0&dib_tag=se&m=A143D6QWFZ303M&marketplaceID=ATVPDKIKX0DER&nsdOptOutParam=true&qid=1781240938&s=merchant-items&sr=1-7,,https://www.amazon.com/s?i=merchant-items&me=A143D6QWFZ303M&s=exact-aware-popularity-rank&ds=v1%3Ab8YKBOL8AtsS1IgQG6TsY8talfiTbUFBQGly9npIL1U&marketplaceID=ATVPDKIKX0DER&qid=1776045897&ref=sr_st_exact-aware-popularity-rank
2026-06-12,2026-06-12T05:08:41+00:00,Competitor Store 2,seller,seller,Peties Store (WP),1,B0H36HFC2X,21,21,21,display_order,21,First Dad Now Grandpa Handprints,,,,,,,no,https://www.amazon.com/WANDER-PRINTS-Personalized-Shirt-Relaxing/dp/B0H36HFC2X/ref=is_sr_dp_6?dib=eyJ2IjoiMSJ9.DsFBczbb5mrd8DPEi82V3L7MlVM6LK8C-oH6M4ZU2qTKRDWRRlgnvtqc_lGqRZ8mzAyF3hekZ2HL60LOR1-HsdtkTY9X9qK0oGPEac2OLH_eQslXBri_5__1mHa_LnzKDD1FU4c5w_ypg5Dnon6D8k16PGtpwERcH17Z1shAhC4MVxpi8LLunxY_lmHxe3YNnxEAxR0IkIe3koVOvg-QxbRsyb5JNXzkD671XwSMYXc.aPo0O8RBiK9HitlMIn77g_ac5Ofo0T3Fq0JLY5oJ2e0&dib_tag=se&m=A143D6QWFZ303M&marketplaceID=ATVPDKIKX0DER&nsdOptOutParam=true&qid=1781240938&s=merchant-items&sr=1-7,,https://www.amazon.com/s?i=merchant-items&me=A143D6QWFZ303M&s=exact-aware-popularity-rank&ds=v1%3Ab8YKBOL8AtsS1IgQG6TsY8talfiTbUFBQGly9npIL1U&marketplaceID=ATVPDKIKX0DER&qid=1776045897&ref=sr_st_exact-aware-popularity-rank
2026-06-12,2026-06-12T05:08:41+00:00,Competitor Store 2,seller,seller,Peties Store (WP),1,B0FKLX4QH3,22,22,22,display_order,22,"Peties.com Personalized Plant Pot Ceramic Mug with Spoon - Cute Garden Gifts for Women Mom Wife, Birthday Gift, Mothers Da...",,,,,,,no,https://www.amazon.com/Peties-com-Plant-Pot-Ceramic-Mug/dp/B0FKLX4QH3/ref=sr_1_8?dib=eyJ2IjoiMSJ9.DsFBczbb5mrd8DPEi82V3L7MlVM6LK8C-oH6M4ZU2qTKRDWRRlgnvtqc_lGqRZ8mzAyF3hekZ2HL60LOR1-HsdtkTY9X9qK0oGPEac2OLH_eQslXBri_5__1mHa_LnzKDD1FU4c5w_ypg5Dnon6D8k16PGtpwERcH17Z1shAhC4MVxpi8LLunxY_lmHxe3YNnxEAxR0IkIe3koVOvg-QxbRsyb5JNXzkD671XwSMYXc.aPo0O8RBiK9HitlMIn77g_ac5Ofo0T3Fq0JLY5oJ2e0&dib_tag=se&m=A143D6QWFZ303M&marketplaceID=ATVPDKIKX0DER&nsdOptOutParam=true&qid=1781240938&s=merchant-items&sr=1-8,https://m.media-amazon.com/images/I/61XK51+biRL._AC_UY218_.jpg,https://www.amazon.com/s?i=merchant-items&me=A143D6QWFZ303M&s=exact-aware-popularity-rank&ds=v1%3Ab8YKBOL8AtsS1IgQG6TsY8talfiTbUFBQGly9npIL1U&marketplaceID=ATVPDKIKX0DER&qid=1776045897&ref=sr_st_exact-aware-popularity-rank
2026-06-12,2026-06-12T05:08:41+00:00,Competitor Store 2,seller,seller,Peties Store (WP),1,B0FKM5LF1M,23,23,23,display_order,23,Plant Lady,,,,,,,no,https://www.amazon.com/Peties-com-Plant-Pot-Ceramic-Mug/dp/B0FKM5LF1M/ref=cs_sr_dp_loc_2?dib=eyJ2IjoiMSJ9.DsFBczbb5mrd8DPEi82V3L7MlVM6LK8C-oH6M4ZU2qTKRDWRRlgnvtqc_lGqRZ8mzAyF3hekZ2HL60LOR1-HsdtkTY9X9qK0oGPEac2OLH_eQslXBri_5__1mHa_LnzKDD1FU4c5w_ypg5Dnon6D8k16PGtpwERcH17Z1shAhC4MVxpi8LLunxY_lmHxe3YNnxEAxR0IkIe3koVOvg-QxbRsyb5JNXzkD671XwSMYXc.aPo0O8RBiK9HitlMIn77g_ac5Ofo0T3Fq0JLY5oJ2e0&dib_tag=se&m=A143D6QWFZ303M&marketplaceID=ATVPDKIKX0DER&nsdOptOutParam=true&qid=1781240938&s=merchant-items&sr=1-8,,https://www.amazon.com/s?i=merchant-items&me=A143D6QWFZ303M&s=exact-aware-popularity-rank&ds=v1%3Ab8YKBOL8AtsS1IgQG6TsY8talfiTbUFBQGly9npIL1U&marketplaceID=ATVPDKIKX0DER&qid=1776045897&ref=sr_st_exact-aware-popularity-rank
2026-06-12,2026-06-12T05:08:41+00:00,Competitor Store 2,seller,seller,Peties Store (WP),1,B0GV33BJCZ,24,24,24,display_order,24,"WANDER PRINTS Welcome To Our Pool Metal Sign 12x16 Inch - Funny Poolside Decor Sign, Tropical Backyard Wall Art, Summer Ou...",,,,,,,no,https://www.amazon.com/WANDER-PRINTS-Welcome-Metal-12x16/dp/B0GV33BJCZ/ref=sr_1_9?dib=eyJ2IjoiMSJ9.DsFBczbb5mrd8DPEi82V3L7MlVM6LK8C-oH6M4ZU2qTKRDWRRlgnvtqc_lGqRZ8mzAyF3hekZ2HL60LOR1-HsdtkTY9X9qK0oGPEac2OLH_eQslXBri_5__1mHa_LnzKDD1FU4c5w_ypg5Dnon6D8k16PGtpwERcH17Z1shAhC4MVxpi8LLunxY_lmHxe3YNnxEAxR0IkIe3koVOvg-QxbRsyb5JNXzkD671XwSMYXc.aPo0O8RBiK9HitlMIn77g_ac5Ofo0T3Fq0JLY5oJ2e0&dib_tag=se&m=A143D6QWFZ303M&marketplaceID=ATVPDKIKX0DER&nsdOptOutParam=true&qid=1781240938&s=merchant-items&sr=1-9,https://m.media-amazon.com/images/I/71oL5kVDhZL._AC_UY218_.jpg,https://www.amazon.com/s?i=merchant-items&me=A143D6QWFZ303M&s=exact-aware-popularity-rank&ds=v1%3Ab8YKBOL8AtsS1IgQG6TsY8talfiTbUFBQGly9npIL1U&marketplaceID=ATVPDKIKX0DER&qid=1776045897&ref=sr_st_exact-aware-popularity-rank
2026-06-12,2026-06-12T05:08:41+00:00,Competitor Store 2,seller,seller,Peties Store (WP),1,B0GQ9KJTMZ,25,25,25,display_order,25,"Peties.com Personalized T Shirt - A Meaningful Gift for Yourself and Friends, Perfect for Everyday Wear and Special Occasions",,,,,,,no,https://www.amazon.com/Peties-com-Personalized-Shirt-Nautical-Vacation/dp/B0GQ9KJTMZ/ref=sr_1_10?dib=eyJ2IjoiMSJ9.DsFBczbb5mrd8DPEi82V3L7MlVM6LK8C-oH6M4ZU2qTKRDWRRlgnvtqc_lGqRZ8mzAyF3hekZ2HL60LOR1-HsdtkTY9X9qK0oGPEac2OLH_eQslXBri_5__1mHa_LnzKDD1FU4c5w_ypg5Dnon6D8k16PGtpwERcH17Z1shAhC4MVxpi8LLunxY_lmHxe3YNnxEAxR0IkIe3koVOvg-QxbRsyb5JNXzkD671XwSMYXc.aPo0O8RBiK9HitlMIn77g_ac5Ofo0T3Fq0JLY5oJ2e0&dib_tag=se&m=A143D6QWFZ303M&marketplaceID=ATVPDKIKX0DER&nsdOptOutParam=true&qid=1781240938&s=merchant-items&sr=1-10,https://m.media-amazon.com/images/I/51GhgdM2vJL._AC_UY218_.jpg,https://www.amazon.com/s?i=merchant-items&me=A143D6QWFZ303M&s=exact-aware-popularity-rank&ds=v1%3Ab8YKBOL8AtsS1IgQG6TsY8talfiTbUFBQGly9npIL1U&marketplaceID=ATVPDKIKX0DER&qid=1776045897&ref=sr_st_exact-aware-popularity-rank
2026-06-12,2026-06-12T05:08:41+00:00,Competitor Store 2,seller,seller,Peties Store (WP),1,B0FLJ51LLH,26,26,26,display_order,26,Nurse Life Job Title,,,,,,,no,https://www.amazon.com/Peties-com-Personalized-Shirt-Nautical-Vacation/dp/B0FLJ51LLH/ref=cs_sr_dp_loc_2?dib=eyJ2IjoiMSJ9.DsFBczbb5mrd8DPEi82V3L7MlVM6LK8C-oH6M4ZU2qTKRDWRRlgnvtqc_lGqRZ8mzAyF3hekZ2HL60LOR1-HsdtkTY9X9qK0oGPEac2OLH_eQslXBri_5__1mHa_LnzKDD1FU4c5w_ypg5Dnon6D8k16PGtpwERcH17Z1shAhC4MVxpi8LLunxY_lmHxe3YNnxEAxR0IkIe3koVOvg-QxbRsyb5JNXzkD671XwSMYXc.aPo0O8RBiK9HitlMIn77g_ac5Ofo0T3Fq0JLY5oJ2e0&dib_tag=se&m=A143D6QWFZ303M&marketplaceID=ATVPDKIKX0DER&nsdOptOutParam=true&qid=1781240938&s=merchant-items&sr=1-10,,https://www.amazon.com/s?i=merchant-items&me=A143D6QWFZ303M&s=exact-aware-popularity-rank&ds=v1%3Ab8YKBOL8AtsS1IgQG6TsY8talfiTbUFBQGly9npIL1U&marketplaceID=ATVPDKIKX0DER&qid=1776045897&ref=sr_st_exact-aware-popularity-rank
2026-06-12,2026-06-12T05:08:41+00:00,Competitor Store 2,seller,seller,Peties Store (WP),1,B0GTT9LM4F,27,27,27,display_order,27,"WANDER PRINTS Personalized Leather Journal with 8 Cover Colors - Custom Name Birth Flower Notebook, Faux Pressed Floral De...",,,,,,,no,https://www.amazon.com/WANDER-PRINTS-Personalized-Leather-Journal/dp/B0GTT9LM4F/ref=sr_1_11?dib=eyJ2IjoiMSJ9.DsFBczbb5mrd8DPEi82V3L7MlVM6LK8C-oH6M4ZU2qTKRDWRRlgnvtqc_lGqRZ8mzAyF3hekZ2HL60LOR1-HsdtkTY9X9qK0oGPEac2OLH_eQslXBri_5__1mHa_LnzKDD1FU4c5w_ypg5Dnon6D8k16PGtpwERcH17Z1shAhC4MVxpi8LLunxY_lmHxe3YNnxEAxR0IkIe3koVOvg-QxbRsyb5JNXzkD671XwSMYXc.aPo0O8RBiK9HitlMIn77g_ac5Ofo0T3Fq0JLY5oJ2e0&dib_tag=se&m=A143D6QWFZ303M&marketplaceID=ATVPDKIKX0DER&nsdOptOutParam=true&qid=1781240938&s=merchant-items&sr=1-11,https://m.media-amazon.com/images/I/61wLEqUGKPL._AC_UY218_.jpg,https://www.amazon.com/s?i=merchant-items&me=A143D6QWFZ303M&s=exact-aware-popularity-rank&ds=v1%3Ab8YKBOL8AtsS1IgQG6TsY8talfiTbUFBQGly9npIL1U&marketplaceID=ATVPDKIKX0DER&qid=1776045897&ref=sr_st_exact-aware-popularity-rank
2026-06-12,2026-06-12T05:08:41+00:00,Competitor Store 2,seller,seller,Peties Store (WP),1,B0GTQ2KKKW,28,28,28,display_order,28,"WANDER PRINTS Personalized Stemless Wine Glass - Funny Dog Mom Wine Lover Gift Idea, Custom Name Drinking Glass, Cute Pet ...",,,,,,,no,https://www.amazon.com/WANDER-PRINTS-Stemless-Wine-Glass/dp/B0GTQ2KKKW/ref=sr_1_12?dib=eyJ2IjoiMSJ9.DsFBczbb5mrd8DPEi82V3L7MlVM6LK8C-oH6M4ZU2qTKRDWRRlgnvtqc_lGqRZ8mzAyF3hekZ2HL60LOR1-HsdtkTY9X9qK0oGPEac2OLH_eQslXBri_5__1mHa_LnzKDD1FU4c5w_ypg5Dnon6D8k16PGtpwERcH17Z1shAhC4MVxpi8LLunxY_lmHxe3YNnxEAxR0IkIe3koVOvg-QxbRsyb5JNXzkD671XwSMYXc.aPo0O8RBiK9HitlMIn77g_ac5Ofo0T3Fq0JLY5oJ2e0&dib_tag=se&m=A143D6QWFZ303M&marketplaceID=ATVPDKIKX0DER&nsdOptOutParam=true&qid=1781240938&s=merchant-items&sr=1-12,https://m.media-amazon.com/images/I/711pECw8aZL._AC_UY218_.jpg,https://www.amazon.com/s?i=merchant-items&me=A143D6QWFZ303M&s=exact-aware-popularity-rank&ds=v1%3Ab8YKBOL8AtsS1IgQG6TsY8talfiTbUFBQGly9npIL1U&marketplaceID=ATVPDKIKX0DER&qid=1776045897&ref=sr_st_exact-aware-popularity-rank
2026-06-12,2026-06-12T05:08:41+00:00,Competitor Store 2,seller,seller,Peties Store (WP),1,B0FKMQCHB3,29,29,29,display_order,29,Birthday Dad Gifts from Daughter Son Wife - Ideal Tool Dad Gifts for Father Daddy Step Bonus New Dads - Engraved 16FT Tape...,,,,,,,no,https://www.amazon.com/Birthday-Gifts-Dad-Daughter-Wife/dp/B0FKMQCHB3/ref=sr_1_13?dib=eyJ2IjoiMSJ9.DsFBczbb5mrd8DPEi82V3L7MlVM6LK8C-oH6M4ZU2qTKRDWRRlgnvtqc_lGqRZ8mzAyF3hekZ2HL60LOR1-HsdtkTY9X9qK0oGPEac2OLH_eQslXBri_5__1mHa_LnzKDD1FU4c5w_ypg5Dnon6D8k16PGtpwERcH17Z1shAhC4MVxpi8LLunxY_lmHxe3YNnxEAxR0IkIe3koVOvg-QxbRsyb5JNXzkD671XwSMYXc.aPo0O8RBiK9HitlMIn77g_ac5Ofo0T3Fq0JLY5oJ2e0&dib_tag=se&m=A143D6QWFZ303M&marketplaceID=ATVPDKIKX0DER&nsdOptOutParam=true&qid=1781240938&s=merchant-items&sr=1-13,https://m.media-amazon.com/images/I/71pCam9AW8L._AC_UY218_.jpg,https://www.amazon.com/s?i=merchant-items&me=A143D6QWFZ303M&s=exact-aware-popularity-rank&ds=v1%3Ab8YKBOL8AtsS1IgQG6TsY8talfiTbUFBQGly9npIL1U&marketplaceID=ATVPDKIKX0DER&qid=1776045897&ref=sr_st_exact-aware-popularity-rank
2026-06-12,2026-06-12T05:08:41+00:00,Competitor Store 2,seller,seller,Peties Store (WP),1,B0H112YS7L,30,30,30,display_order,30,"WANDER PRINTS Personalized Leather Journal - Custom Recipe Book Journal, Kitchen Notes Organizer, Cooking Lover Keepsake N...",,,,,,,no,https://www.amazon.com/WANDER-PRINTS-Personalized-Leather-Journal/dp/B0H112YS7L/ref=sr_1_14?dib=eyJ2IjoiMSJ9.DsFBczbb5mrd8DPEi82V3L7MlVM6LK8C-oH6M4ZU2qTKRDWRRlgnvtqc_lGqRZ8mzAyF3hekZ2HL60LOR1-HsdtkTY9X9qK0oGPEac2OLH_eQslXBri_5__1mHa_LnzKDD1FU4c5w_ypg5Dnon6D8k16PGtpwERcH17Z1shAhC4MVxpi8LLunxY_lmHxe3YNnxEAxR0IkIe3koVOvg-QxbRsyb5JNXzkD671XwSMYXc.aPo0O8RBiK9HitlMIn77g_ac5Ofo0T3Fq0JLY5oJ2e0&dib_tag=se&m=A143D6QWFZ303M&marketplaceID=ATVPDKIKX0DER&nsdOptOutParam=true&qid=1781240938&s=merchant-items&sr=1-14,https://m.media-amazon.com/images/I/71pLfwNL4FL._AC_UY218_.jpg,https://www.amazon.com/s?i=merchant-items&me=A143D6QWFZ303M&s=exact-aware-popularity-rank&ds=v1%3Ab8YKBOL8AtsS1IgQG6TsY8talfiTbUFBQGly9npIL1U&marketplaceID=ATVPDKIKX0DER&qid=1776045897&ref=sr_st_exact-aware-popularity-rank
2026-06-12,2026-06-12T05:08:41+00:00,Competitor Store 2,seller,seller,Peties Store (WP),1,B0FTTZVVR2,31,31,31,display_order,31,"Peties.com Personalized Pocket Pillow - Birthday Gift, Reading Cushion, Book Lover Keepsake - My Reading Pillow Reading Gi...",,,,,,,no,https://www.amazon.com/Peties-com-Personalized-Pocket-Pillow-Birthday/dp/B0FTTZVVR2/ref=sr_1_15?dib=eyJ2IjoiMSJ9.DsFBczbb5mrd8DPEi82V3L7MlVM6LK8C-oH6M4ZU2qTKRDWRRlgnvtqc_lGqRZ8mzAyF3hekZ2HL60LOR1-HsdtkTY9X9qK0oGPEac2OLH_eQslXBri_5__1mHa_LnzKDD1FU4c5w_ypg5Dnon6D8k16PGtpwERcH17Z1shAhC4MVxpi8LLunxY_lmHxe3YNnxEAxR0IkIe3koVOvg-QxbRsyb5JNXzkD671XwSMYXc.aPo0O8RBiK9HitlMIn77g_ac5Ofo0T3Fq0JLY5oJ2e0&dib_tag=se&m=A143D6QWFZ303M&marketplaceID=ATVPDKIKX0DER&nsdOptOutParam=true&qid=1781240938&s=merchant-items&sr=1-15,https://m.media-amazon.com/images/I/61wb-gayb4L._AC_UY218_.jpg,https://www.amazon.com/s?i=merchant-items&me=A143D6QWFZ303M&s=exact-aware-popularity-rank&ds=v1%3Ab8YKBOL8AtsS1IgQG6TsY8talfiTbUFBQGly9npIL1U&marketplaceID=ATVPDKIKX0DER&qid=1776045897&ref=sr_st_exact-aware-popularity-rank
2026-06-12,2026-06-12T05:08:41+00:00,Competitor Store 2,seller,seller,Peties Store (WP),1,B0G12F3CZC,32,32,32,display_order,32,Custom Photo This is My Reading Pillow,,,,,,,no,https://www.amazon.com/Peties-com-Personalized-Pocket-Pillow-Birthday/dp/B0G12F3CZC/ref=cs_sr_dp_loc_2?dib=eyJ2IjoiMSJ9.DsFBczbb5mrd8DPEi82V3L7MlVM6LK8C-oH6M4ZU2qTKRDWRRlgnvtqc_lGqRZ8mzAyF3hekZ2HL60LOR1-HsdtkTY9X9qK0oGPEac2OLH_eQslXBri_5__1mHa_LnzKDD1FU4c5w_ypg5Dnon6D8k16PGtpwERcH17Z1shAhC4MVxpi8LLunxY_lmHxe3YNnxEAxR0IkIe3koVOvg-QxbRsyb5JNXzkD671XwSMYXc.aPo0O8RBiK9HitlMIn77g_ac5Ofo0T3Fq0JLY5oJ2e0&dib_tag=se&m=A143D6QWFZ303M&marketplaceID=ATVPDKIKX0DER&nsdOptOutParam=true&qid=1781240938&s=merchant-items&sr=1-15,,https://www.amazon.com/s?i=merchant-items&me=A143D6QWFZ303M&s=exact-aware-popularity-rank&ds=v1%3Ab8YKBOL8AtsS1IgQG6TsY8talfiTbUFBQGly9npIL1U&marketplaceID=ATVPDKIKX0DER&qid=1776045897&ref=sr_st_exact-aware-popularity-rank
2026-06-12,2026-06-12T05:08:41+00:00,Competitor Store 2,seller,seller,Peties Store (WP),1,B0G12C8LRJ,33,33,33,display_order,33,This is My Reading Pillow Book Tree,,,,,,,no,https://www.amazon.com/Peties-com-Personalized-Pocket-Pillow-Birthday/dp/B0G12C8LRJ/ref=cs_sr_dp_loc_3?dib=eyJ2IjoiMSJ9.DsFBczbb5mrd8DPEi82V3L7MlVM6LK8C-oH6M4ZU2qTKRDWRRlgnvtqc_lGqRZ8mzAyF3hekZ2HL60LOR1-HsdtkTY9X9qK0oGPEac2OLH_eQslXBri_5__1mHa_LnzKDD1FU4c5w_ypg5Dnon6D8k16PGtpwERcH17Z1shAhC4MVxpi8LLunxY_lmHxe3YNnxEAxR0IkIe3koVOvg-QxbRsyb5JNXzkD671XwSMYXc.aPo0O8RBiK9HitlMIn77g_ac5Ofo0T3Fq0JLY5oJ2e0&dib_tag=se&m=A143D6QWFZ303M&marketplaceID=ATVPDKIKX0DER&nsdOptOutParam=true&qid=1781240938&s=merchant-items&sr=1-15,,https://www.amazon.com/s?i=merchant-items&me=A143D6QWFZ303M&s=exact-aware-popularity-rank&ds=v1%3Ab8YKBOL8AtsS1IgQG6TsY8talfiTbUFBQGly9npIL1U&marketplaceID=ATVPDKIKX0DER&qid=1776045897&ref=sr_st_exact-aware-popularity-rank
2026-06-12,2026-06-12T05:08:41+00:00,Competitor Store 2,seller,seller,Peties Store (WP),1,B0FJQMFHWX,34,34,34,display_order,34,Personalized House Signs for Outside Metal Garden Stake Gift for Family - Custom Family's Name Address Signs for Yard Clas...,,,,,,,no,https://www.amazon.com/Personalized-Outside-Metal-Garden-Stake/dp/B0FJQMFHWX/ref=sr_1_16?dib=eyJ2IjoiMSJ9.DsFBczbb5mrd8DPEi82V3L7MlVM6LK8C-oH6M4ZU2qTKRDWRRlgnvtqc_lGqRZ8mzAyF3hekZ2HL60LOR1-HsdtkTY9X9qK0oGPEac2OLH_eQslXBri_5__1mHa_LnzKDD1FU4c5w_ypg5Dnon6D8k16PGtpwERcH17Z1shAhC4MVxpi8LLunxY_lmHxe3YNnxEAxR0IkIe3koVOvg-QxbRsyb5JNXzkD671XwSMYXc.aPo0O8RBiK9HitlMIn77g_ac5Ofo0T3Fq0JLY5oJ2e0&dib_tag=se&m=A143D6QWFZ303M&marketplaceID=ATVPDKIKX0DER&nsdOptOutParam=true&qid=1781240938&s=merchant-items&sr=1-16,https://m.media-amazon.com/images/I/81Ss36+AQYL._AC_UY218_.jpg,https://www.amazon.com/s?i=merchant-items&me=A143D6QWFZ303M&s=exact-aware-popularity-rank&ds=v1%3Ab8YKBOL8AtsS1IgQG6TsY8talfiTbUFBQGly9npIL1U&marketplaceID=ATVPDKIKX0DER&qid=1776045897&ref=sr_st_exact-aware-popularity-rank
2026-06-12,2026-06-12T05:08:41+00:00,Competitor Store 2,seller,seller,Peties Store (WP),1,B0DVBL912R,35,35,35,display_order,35,Amazon Business Card,,,,,,,no,https://www.amazon.com/dp/B0DVBL912R?plattr=ACOMFO&ie=UTF-8,,https://www.amazon.com/s?i=merchant-items&me=A143D6QWFZ303M&s=exact-aware-popularity-rank&ds=v1%3Ab8YKBOL8AtsS1IgQG6TsY8talfiTbUFBQGly9npIL1U&marketplaceID=ATVPDKIKX0DER&qid=1776045897&ref=sr_st_exact-aware-popularity-rank
2026-06-12,2026-06-12T05:08:41+00:00,Competitor Store 3,seller,seller,Pawfect House Gifts (PFH),1,B0H1BYZG4L,1,1,1,display_order,1,"Pawfect House Gifts Personalized Dog Dad Shirt for Fathers Day, Cat Dog Lover Gifts for Men, Him Husband, Fathers Day Tshirts",,,,,,,no,https://www.amazon.com/Pawfect-House-Gifts-Personalized-Birthday/dp/B0H1BYZG4L/ref=sr_1_1?dib=eyJ2IjoiMSJ9.S6Qzd9zgTWQ772id3G-LBkEYYyxgVb-9I0nZls2XNZ2T6xyfMSdt2p1fMWpkbINSDs0r0P55OdTm7qfsHrIvoiFMII_EwjGkT9gwdxDuMhOd8RsZzAhFLeLjaZoSzm8tXQi2su12tHbJnOhR6p5yqNRrH80YIXDnHbqF8fjtkV0hcE-GZizW0mjm5wbFIFs3eouyq-jHgvmtWTl2noxJB9CxYre4us1ntoghUtbWNqE.7tj9zXav8QDhB6hTyiikOqyyqVsZ5PvO3FDAvPszutA&dib_tag=se&m=AOZ4YNQPOAR1B&marketplaceID=ATVPDKIKX0DER&nsdOptOutParam=true&qid=1781240953&s=merchant-items&sr=1-1,https://m.media-amazon.com/images/I/71IgwKb593L._AC_UY218_.jpg,https://www.amazon.com/s?i=merchant-items&me=AOZ4YNQPOAR1B&s=exact-aware-popularity-rank&ds=v1%3AC1u24%2FAHRVG6as5gShRu3N7oYXA6bjInWr2ktA3SD5k&marketplaceID=ATVPDKIKX0DER&qid=1776045996&ref=sr_st_exact-aware-popularity-rank
2026-06-12,2026-06-12T05:08:41+00:00,Competitor Store 3,seller,seller,Pawfect House Gifts (PFH),1,B0H2D5NDF5,2,2,2,display_order,2,Style 2,,,,,,,no,https://www.amazon.com/Pawfect-House-Gifts-Personalized-Birthday/dp/B0H2D5NDF5/ref=cs_sr_dp_loc_2?dib=eyJ2IjoiMSJ9.S6Qzd9zgTWQ772id3G-LBkEYYyxgVb-9I0nZls2XNZ2T6xyfMSdt2p1fMWpkbINSDs0r0P55OdTm7qfsHrIvoiFMII_EwjGkT9gwdxDuMhOd8RsZzAhFLeLjaZoSzm8tXQi2su12tHbJnOhR6p5yqNRrH80YIXDnHbqF8fjtkV0hcE-GZizW0mjm5wbFIFs3eouyq-jHgvmtWTl2noxJB9CxYre4us1ntoghUtbWNqE.7tj9zXav8QDhB6hTyiikOqyyqVsZ5PvO3FDAvPszutA&dib_tag=se&m=AOZ4YNQPOAR1B&marketplaceID=ATVPDKIKX0DER&nsdOptOutParam=true&qid=1781240953&s=merchant-items&sr=1-1,,https://www.amazon.com/s?i=merchant-items&me=AOZ4YNQPOAR1B&s=exact-aware-popularity-rank&ds=v1%3AC1u24%2FAHRVG6as5gShRu3N7oYXA6bjInWr2ktA3SD5k&marketplaceID=ATVPDKIKX0DER&qid=1776045996&ref=sr_st_exact-aware-popularity-rank
2026-06-12,2026-06-12T05:08:41+00:00,Competitor Store 3,seller,seller,Pawfect House Gifts (PFH),1,B0H2H5WX6R,3,3,3,display_order,3,Style 3,,,,,,,no,https://www.amazon.com/Pawfect-House-Gifts-Personalized-Birthday/dp/B0H2H5WX6R/ref=cs_sr_dp_loc_3?dib=eyJ2IjoiMSJ9.S6Qzd9zgTWQ772id3G-LBkEYYyxgVb-9I0nZls2XNZ2T6xyfMSdt2p1fMWpkbINSDs0r0P55OdTm7qfsHrIvoiFMII_EwjGkT9gwdxDuMhOd8RsZzAhFLeLjaZoSzm8tXQi2su12tHbJnOhR6p5yqNRrH80YIXDnHbqF8fjtkV0hcE-GZizW0mjm5wbFIFs3eouyq-jHgvmtWTl2noxJB9CxYre4us1ntoghUtbWNqE.7tj9zXav8QDhB6hTyiikOqyyqVsZ5PvO3FDAvPszutA&dib_tag=se&m=AOZ4YNQPOAR1B&marketplaceID=ATVPDKIKX0DER&nsdOptOutParam=true&qid=1781240953&s=merchant-items&sr=1-1,,https://www.amazon.com/s?i=merchant-items&me=AOZ4YNQPOAR1B&s=exact-aware-popularity-rank&ds=v1%3AC1u24%2FAHRVG6as5gShRu3N7oYXA6bjInWr2ktA3SD5k&marketplaceID=ATVPDKIKX0DER&qid=1776045996&ref=sr_st_exact-aware-popularity-rank
2026-06-12,2026-06-12T05:08:41+00:00,Competitor Store 3,seller,seller,Pawfect House Gifts (PFH),1,B0H3NBXRGY,4,4,4,display_order,4,Style 4,,,,,,,no,https://www.amazon.com/Pawfect-House-Gifts-Personalized-Birthday/dp/B0H3NBXRGY/ref=cs_sr_dp_loc_4?dib=eyJ2IjoiMSJ9.S6Qzd9zgTWQ772id3G-LBkEYYyxgVb-9I0nZls2XNZ2T6xyfMSdt2p1fMWpkbINSDs0r0P55OdTm7qfsHrIvoiFMII_EwjGkT9gwdxDuMhOd8RsZzAhFLeLjaZoSzm8tXQi2su12tHbJnOhR6p5yqNRrH80YIXDnHbqF8fjtkV0hcE-GZizW0mjm5wbFIFs3eouyq-jHgvmtWTl2noxJB9CxYre4us1ntoghUtbWNqE.7tj9zXav8QDhB6hTyiikOqyyqVsZ5PvO3FDAvPszutA&dib_tag=se&m=AOZ4YNQPOAR1B&marketplaceID=ATVPDKIKX0DER&nsdOptOutParam=true&qid=1781240953&s=merchant-items&sr=1-1,,https://www.amazon.com/s?i=merchant-items&me=AOZ4YNQPOAR1B&s=exact-aware-popularity-rank&ds=v1%3AC1u24%2FAHRVG6as5gShRu3N7oYXA6bjInWr2ktA3SD5k&marketplaceID=ATVPDKIKX0DER&qid=1776045996&ref=sr_st_exact-aware-popularity-rank
2026-06-12,2026-06-12T05:08:41+00:00,Competitor Store 3,seller,seller,Pawfect House Gifts (PFH),1,B0H293937X,5,5,5,display_order,5,"Pawfect House Gifts Personalized Shirts for Men, Fathers Day Birthday Gifts for Grandpa Dad, Papa Shirt, Best Dad Ever Gifts",,,,,,,no,https://www.amazon.com/Pawfect-House-Gifts-Personalized-Fathers/dp/B0H293937X/ref=sr_1_2?dib=eyJ2IjoiMSJ9.S6Qzd9zgTWQ772id3G-LBkEYYyxgVb-9I0nZls2XNZ2T6xyfMSdt2p1fMWpkbINSDs0r0P55OdTm7qfsHrIvoiFMII_EwjGkT9gwdxDuMhOd8RsZzAhFLeLjaZoSzm8tXQi2su12tHbJnOhR6p5yqNRrH80YIXDnHbqF8fjtkV0hcE-GZizW0mjm5wbFIFs3eouyq-jHgvmtWTl2noxJB9CxYre4us1ntoghUtbWNqE.7tj9zXav8QDhB6hTyiikOqyyqVsZ5PvO3FDAvPszutA&dib_tag=se&m=AOZ4YNQPOAR1B&marketplaceID=ATVPDKIKX0DER&nsdOptOutParam=true&qid=1781240953&s=merchant-items&sr=1-2,https://m.media-amazon.com/images/I/71E5d8mcDKL._AC_UY218_.jpg,https://www.amazon.com/s?i=merchant-items&me=AOZ4YNQPOAR1B&s=exact-aware-popularity-rank&ds=v1%3AC1u24%2FAHRVG6as5gShRu3N7oYXA6bjInWr2ktA3SD5k&marketplaceID=ATVPDKIKX0DER&qid=1776045996&ref=sr_st_exact-aware-popularity-rank
2026-06-12,2026-06-12T05:08:41+00:00,Competitor Store 3,seller,seller,Pawfect House Gifts (PFH),1,B0GTTQJYK5,6,6,6,display_order,6,Style 1,,,,,,,no,https://www.amazon.com/Pawfect-House-Gifts-Personalized-Fathers/dp/B0GTTQJYK5/ref=is_sr_dp_2?dib=eyJ2IjoiMSJ9.S6Qzd9zgTWQ772id3G-LBkEYYyxgVb-9I0nZls2XNZ2T6xyfMSdt2p1fMWpkbINSDs0r0P55OdTm7qfsHrIvoiFMII_EwjGkT9gwdxDuMhOd8RsZzAhFLeLjaZoSzm8tXQi2su12tHbJnOhR6p5yqNRrH80YIXDnHbqF8fjtkV0hcE-GZizW0mjm5wbFIFs3eouyq-jHgvmtWTl2noxJB9CxYre4us1ntoghUtbWNqE.7tj9zXav8QDhB6hTyiikOqyyqVsZ5PvO3FDAvPszutA&dib_tag=se&m=AOZ4YNQPOAR1B&marketplaceID=ATVPDKIKX0DER&nsdOptOutParam=true&qid=1781240953&s=merchant-items&sr=1-2,,https://www.amazon.com/s?i=merchant-items&me=AOZ4YNQPOAR1B&s=exact-aware-popularity-rank&ds=v1%3AC1u24%2FAHRVG6as5gShRu3N7oYXA6bjInWr2ktA3SD5k&marketplaceID=ATVPDKIKX0DER&qid=1776045996&ref=sr_st_exact-aware-popularity-rank
2026-06-12,2026-06-12T05:08:41+00:00,Competitor Store 3,seller,seller,Pawfect House Gifts (PFH),1,B0GTTJ99WB,7,7,7,display_order,7,Style 2,,,,,,,no,https://www.amazon.com/Pawfect-House-Gifts-Personalized-Fathers/dp/B0GTTJ99WB/ref=is_sr_dp_3?dib=eyJ2IjoiMSJ9.S6Qzd9zgTWQ772id3G-LBkEYYyxgVb-9I0nZls2XNZ2T6xyfMSdt2p1fMWpkbINSDs0r0P55OdTm7qfsHrIvoiFMII_EwjGkT9gwdxDuMhOd8RsZzAhFLeLjaZoSzm8tXQi2su12tHbJnOhR6p5yqNRrH80YIXDnHbqF8fjtkV0hcE-GZizW0mjm5wbFIFs3eouyq-jHgvmtWTl2noxJB9CxYre4us1ntoghUtbWNqE.7tj9zXav8QDhB6hTyiikOqyyqVsZ5PvO3FDAvPszutA&dib_tag=se&m=AOZ4YNQPOAR1B&marketplaceID=ATVPDKIKX0DER&nsdOptOutParam=true&qid=1781240953&s=merchant-items&sr=1-2,,https://www.amazon.com/s?i=merchant-items&me=AOZ4YNQPOAR1B&s=exact-aware-popularity-rank&ds=v1%3AC1u24%2FAHRVG6as5gShRu3N7oYXA6bjInWr2ktA3SD5k&marketplaceID=ATVPDKIKX0DER&qid=1776045996&ref=sr_st_exact-aware-popularity-rank
2026-06-12,2026-06-12T05:08:41+00:00,Competitor Store 3,seller,seller,Pawfect House Gifts (PFH),1,B0GZH31YXF,8,8,8,display_order,8,Style 3,,,,,,,no,https://www.amazon.com/Pawfect-House-Gifts-Personalized-Fathers/dp/B0GZH31YXF/ref=is_sr_dp_4?dib=eyJ2IjoiMSJ9.S6Qzd9zgTWQ772id3G-LBkEYYyxgVb-9I0nZls2XNZ2T6xyfMSdt2p1fMWpkbINSDs0r0P55OdTm7qfsHrIvoiFMII_EwjGkT9gwdxDuMhOd8RsZzAhFLeLjaZoSzm8tXQi2su12tHbJnOhR6p5yqNRrH80YIXDnHbqF8fjtkV0hcE-GZizW0mjm5wbFIFs3eouyq-jHgvmtWTl2noxJB9CxYre4us1ntoghUtbWNqE.7tj9zXav8QDhB6hTyiikOqyyqVsZ5PvO3FDAvPszutA&dib_tag=se&m=AOZ4YNQPOAR1B&marketplaceID=ATVPDKIKX0DER&nsdOptOutParam=true&qid=1781240953&s=merchant-items&sr=1-2,,https://www.amazon.com/s?i=merchant-items&me=AOZ4YNQPOAR1B&s=exact-aware-popularity-rank&ds=v1%3AC1u24%2FAHRVG6as5gShRu3N7oYXA6bjInWr2ktA3SD5k&marketplaceID=ATVPDKIKX0DER&qid=1776045996&ref=sr_st_exact-aware-popularity-rank
2026-06-12,2026-06-12T05:08:41+00:00,Competitor Store 3,seller,seller,Pawfect House Gifts (PFH),1,B0GZH3MBQ1,9,9,9,display_order,9,Style 4,,,,,,,no,https://www.amazon.com/Pawfect-House-Gifts-Personalized-Fathers/dp/B0GZH3MBQ1/ref=is_sr_dp_5?dib=eyJ2IjoiMSJ9.S6Qzd9zgTWQ772id3G-LBkEYYyxgVb-9I0nZls2XNZ2T6xyfMSdt2p1fMWpkbINSDs0r0P55OdTm7qfsHrIvoiFMII_EwjGkT9gwdxDuMhOd8RsZzAhFLeLjaZoSzm8tXQi2su12tHbJnOhR6p5yqNRrH80YIXDnHbqF8fjtkV0hcE-GZizW0mjm5wbFIFs3eouyq-jHgvmtWTl2noxJB9CxYre4us1ntoghUtbWNqE.7tj9zXav8QDhB6hTyiikOqyyqVsZ5PvO3FDAvPszutA&dib_tag=se&m=AOZ4YNQPOAR1B&marketplaceID=ATVPDKIKX0DER&nsdOptOutParam=true&qid=1781240953&s=merchant-items&sr=1-2,,https://www.amazon.com/s?i=merchant-items&me=AOZ4YNQPOAR1B&s=exact-aware-popularity-rank&ds=v1%3AC1u24%2FAHRVG6as5gShRu3N7oYXA6bjInWr2ktA3SD5k&marketplaceID=ATVPDKIKX0DER&qid=1776045996&ref=sr_st_exact-aware-popularity-rank
2026-06-12,2026-06-12T05:08:41+00:00,Competitor Store 3,seller,seller,Pawfect House Gifts (PFH),1,B0GZGVYM5N,10,10,10,display_order,10,Style 5,,,,,,,no,https://www.amazon.com/Pawfect-House-Gifts-Personalized-Fathers/dp/B0GZGVYM5N/ref=is_sr_dp_6?dib=eyJ2IjoiMSJ9.S6Qzd9zgTWQ772id3G-LBkEYYyxgVb-9I0nZls2XNZ2T6xyfMSdt2p1fMWpkbINSDs0r0P55OdTm7qfsHrIvoiFMII_EwjGkT9gwdxDuMhOd8RsZzAhFLeLjaZoSzm8tXQi2su12tHbJnOhR6p5yqNRrH80YIXDnHbqF8fjtkV0hcE-GZizW0mjm5wbFIFs3eouyq-jHgvmtWTl2noxJB9CxYre4us1ntoghUtbWNqE.7tj9zXav8QDhB6hTyiikOqyyqVsZ5PvO3FDAvPszutA&dib_tag=se&m=AOZ4YNQPOAR1B&marketplaceID=ATVPDKIKX0DER&nsdOptOutParam=true&qid=1781240953&s=merchant-items&sr=1-2,,https://www.amazon.com/s?i=merchant-items&me=AOZ4YNQPOAR1B&s=exact-aware-popularity-rank&ds=v1%3AC1u24%2FAHRVG6as5gShRu3N7oYXA6bjInWr2ktA3SD5k&marketplaceID=ATVPDKIKX0DER&qid=1776045996&ref=sr_st_exact-aware-popularity-rank
2026-06-12,2026-06-12T05:08:41+00:00,Competitor Store 3,seller,seller,Pawfect House Gifts (PFH),1,B0H1H9XC84,11,11,11,display_order,11,"Pawfect House Gifts 2D Custom Dog Dad Mug, Personalized Fathers Day Birthday Gifts for Dog Lovers, Thanks for Putting Up M...",,,,,,,no,https://www.amazon.com/Pawfect-House-Gifts-Personalized-Birthday/dp/B0H1H9XC84/ref=sr_1_3?dib=eyJ2IjoiMSJ9.S6Qzd9zgTWQ772id3G-LBkEYYyxgVb-9I0nZls2XNZ2T6xyfMSdt2p1fMWpkbINSDs0r0P55OdTm7qfsHrIvoiFMII_EwjGkT9gwdxDuMhOd8RsZzAhFLeLjaZoSzm8tXQi2su12tHbJnOhR6p5yqNRrH80YIXDnHbqF8fjtkV0hcE-GZizW0mjm5wbFIFs3eouyq-jHgvmtWTl2noxJB9CxYre4us1ntoghUtbWNqE.7tj9zXav8QDhB6hTyiikOqyyqVsZ5PvO3FDAvPszutA&dib_tag=se&m=AOZ4YNQPOAR1B&marketplaceID=ATVPDKIKX0DER&nsdOptOutParam=true&qid=1781240953&s=merchant-items&sr=1-3,https://m.media-amazon.com/images/I/718oY5di-oL._AC_UY218_.jpg,https://www.amazon.com/s?i=merchant-items&me=AOZ4YNQPOAR1B&s=exact-aware-popularity-rank&ds=v1%3AC1u24%2FAHRVG6as5gShRu3N7oYXA6bjInWr2ktA3SD5k&marketplaceID=ATVPDKIKX0DER&qid=1776045996&ref=sr_st_exact-aware-popularity-rank
2026-06-12,2026-06-12T05:08:41+00:00,Competitor Store 3,seller,seller,Pawfect House Gifts (PFH),1,B0GVQ7XRND,12,12,12,display_order,12,Ver 1,,,,,,,no,https://www.amazon.com/Pawfect-House-Gifts-Personalized-Birthday/dp/B0GVQ7XRND/ref=cs_sr_dp_loc_2?dib=eyJ2IjoiMSJ9.S6Qzd9zgTWQ772id3G-LBkEYYyxgVb-9I0nZls2XNZ2T6xyfMSdt2p1fMWpkbINSDs0r0P55OdTm7qfsHrIvoiFMII_EwjGkT9gwdxDuMhOd8RsZzAhFLeLjaZoSzm8tXQi2su12tHbJnOhR6p5yqNRrH80YIXDnHbqF8fjtkV0hcE-GZizW0mjm5wbFIFs3eouyq-jHgvmtWTl2noxJB9CxYre4us1ntoghUtbWNqE.7tj9zXav8QDhB6hTyiikOqyyqVsZ5PvO3FDAvPszutA&dib_tag=se&m=AOZ4YNQPOAR1B&marketplaceID=ATVPDKIKX0DER&nsdOptOutParam=true&qid=1781240953&s=merchant-items&sr=1-3,,https://www.amazon.com/s?i=merchant-items&me=AOZ4YNQPOAR1B&s=exact-aware-popularity-rank&ds=v1%3AC1u24%2FAHRVG6as5gShRu3N7oYXA6bjInWr2ktA3SD5k&marketplaceID=ATVPDKIKX0DER&qid=1776045996&ref=sr_st_exact-aware-popularity-rank
2026-06-12,2026-06-12T05:08:41+00:00,Competitor Store 3,seller,seller,Pawfect House Gifts (PFH),1,B0H3L1WK2Z,13,13,13,display_order,13,Ver 10,,,,,,,no,https://www.amazon.com/Pawfect-House-Gifts-Personalized-Birthday/dp/B0H3L1WK2Z/ref=cs_sr_dp_loc_3?dib=eyJ2IjoiMSJ9.S6Qzd9zgTWQ772id3G-LBkEYYyxgVb-9I0nZls2XNZ2T6xyfMSdt2p1fMWpkbINSDs0r0P55OdTm7qfsHrIvoiFMII_EwjGkT9gwdxDuMhOd8RsZzAhFLeLjaZoSzm8tXQi2su12tHbJnOhR6p5yqNRrH80YIXDnHbqF8fjtkV0hcE-GZizW0mjm5wbFIFs3eouyq-jHgvmtWTl2noxJB9CxYre4us1ntoghUtbWNqE.7tj9zXav8QDhB6hTyiikOqyyqVsZ5PvO3FDAvPszutA&dib_tag=se&m=AOZ4YNQPOAR1B&marketplaceID=ATVPDKIKX0DER&nsdOptOutParam=true&qid=1781240953&s=merchant-items&sr=1-3,,https://www.amazon.com/s?i=merchant-items&me=AOZ4YNQPOAR1B&s=exact-aware-popularity-rank&ds=v1%3AC1u24%2FAHRVG6as5gShRu3N7oYXA6bjInWr2ktA3SD5k&marketplaceID=ATVPDKIKX0DER&qid=1776045996&ref=sr_st_exact-aware-popularity-rank
2026-06-12,2026-06-12T05:08:41+00:00,Competitor Store 3,seller,seller,Pawfect House Gifts (PFH),1,B0H3NB9CDJ,14,14,14,display_order,14,Ver 11,,,,,,,no,https://www.amazon.com/Pawfect-House-Gifts-Personalized-Birthday/dp/B0H3NB9CDJ/ref=cs_sr_dp_loc_4?dib=eyJ2IjoiMSJ9.S6Qzd9zgTWQ772id3G-LBkEYYyxgVb-9I0nZls2XNZ2T6xyfMSdt2p1fMWpkbINSDs0r0P55OdTm7qfsHrIvoiFMII_EwjGkT9gwdxDuMhOd8RsZzAhFLeLjaZoSzm8tXQi2su12tHbJnOhR6p5yqNRrH80YIXDnHbqF8fjtkV0hcE-GZizW0mjm5wbFIFs3eouyq-jHgvmtWTl2noxJB9CxYre4us1ntoghUtbWNqE.7tj9zXav8QDhB6hTyiikOqyyqVsZ5PvO3FDAvPszutA&dib_tag=se&m=AOZ4YNQPOAR1B&marketplaceID=ATVPDKIKX0DER&nsdOptOutParam=true&qid=1781240953&s=merchant-items&sr=1-3,,https://www.amazon.com/s?i=merchant-items&me=AOZ4YNQPOAR1B&s=exact-aware-popularity-rank&ds=v1%3AC1u24%2FAHRVG6as5gShRu3N7oYXA6bjInWr2ktA3SD5k&marketplaceID=ATVPDKIKX0DER&qid=1776045996&ref=sr_st_exact-aware-popularity-rank
2026-06-12,2026-06-12T05:08:41+00:00,Competitor Store 3,seller,seller,Pawfect House Gifts (PFH),1,B0GX4ZPYJ8,15,15,15,display_order,15,Ver 3,,,,,,,no,https://www.amazon.com/Pawfect-House-Gifts-Personalized-Birthday/dp/B0GX4ZPYJ8/ref=cs_sr_dp_loc_5?dib=eyJ2IjoiMSJ9.S6Qzd9zgTWQ772id3G-LBkEYYyxgVb-9I0nZls2XNZ2T6xyfMSdt2p1fMWpkbINSDs0r0P55OdTm7qfsHrIvoiFMII_EwjGkT9gwdxDuMhOd8RsZzAhFLeLjaZoSzm8tXQi2su12tHbJnOhR6p5yqNRrH80YIXDnHbqF8fjtkV0hcE-GZizW0mjm5wbFIFs3eouyq-jHgvmtWTl2noxJB9CxYre4us1ntoghUtbWNqE.7tj9zXav8QDhB6hTyiikOqyyqVsZ5PvO3FDAvPszutA&dib_tag=se&m=AOZ4YNQPOAR1B&marketplaceID=ATVPDKIKX0DER&nsdOptOutParam=true&qid=1781240953&s=merchant-items&sr=1-3,,https://www.amazon.com/s?i=merchant-items&me=AOZ4YNQPOAR1B&s=exact-aware-popularity-rank&ds=v1%3AC1u24%2FAHRVG6as5gShRu3N7oYXA6bjInWr2ktA3SD5k&marketplaceID=ATVPDKIKX0DER&qid=1776045996&ref=sr_st_exact-aware-popularity-rank
2026-06-12,2026-06-12T05:08:41+00:00,Competitor Store 3,seller,seller,Pawfect House Gifts (PFH),1,B0H1GZ4CKL,16,16,16,display_order,16,Ver 4,,,,,,,no,https://www.amazon.com/Pawfect-House-Gifts-Personalized-Birthday/dp/B0H1GZ4CKL/ref=cs_sr_dp_loc_6?dib=eyJ2IjoiMSJ9.S6Qzd9zgTWQ772id3G-LBkEYYyxgVb-9I0nZls2XNZ2T6xyfMSdt2p1fMWpkbINSDs0r0P55OdTm7qfsHrIvoiFMII_EwjGkT9gwdxDuMhOd8RsZzAhFLeLjaZoSzm8tXQi2su12tHbJnOhR6p5yqNRrH80YIXDnHbqF8fjtkV0hcE-GZizW0mjm5wbFIFs3eouyq-jHgvmtWTl2noxJB9CxYre4us1ntoghUtbWNqE.7tj9zXav8QDhB6hTyiikOqyyqVsZ5PvO3FDAvPszutA&dib_tag=se&m=AOZ4YNQPOAR1B&marketplaceID=ATVPDKIKX0DER&nsdOptOutParam=true&qid=1781240953&s=merchant-items&sr=1-3,,https://www.amazon.com/s?i=merchant-items&me=AOZ4YNQPOAR1B&s=exact-aware-popularity-rank&ds=v1%3AC1u24%2FAHRVG6as5gShRu3N7oYXA6bjInWr2ktA3SD5k&marketplaceID=ATVPDKIKX0DER&qid=1776045996&ref=sr_st_exact-aware-popularity-rank
2026-06-12,2026-06-12T05:08:41+00:00,Competitor Store 3,seller,seller,Pawfect House Gifts (PFH),1,B0GWLSMBQZ,17,17,17,display_order,17,"Pawfect House Gifts Personalized Garage Signs For Men, Fathers Day Birthday Gifts For Man, Grandpa, Dad, My Garage My Rule...",,,,,,,no,https://www.amazon.com/Pawfect-House-Gifts-Personalized-Accessories/dp/B0GWLSMBQZ/ref=sr_1_4?dib=eyJ2IjoiMSJ9.S6Qzd9zgTWQ772id3G-LBkEYYyxgVb-9I0nZls2XNZ2T6xyfMSdt2p1fMWpkbINSDs0r0P55OdTm7qfsHrIvoiFMII_EwjGkT9gwdxDuMhOd8RsZzAhFLeLjaZoSzm8tXQi2su12tHbJnOhR6p5yqNRrH80YIXDnHbqF8fjtkV0hcE-GZizW0mjm5wbFIFs3eouyq-jHgvmtWTl2noxJB9CxYre4us1ntoghUtbWNqE.7tj9zXav8QDhB6hTyiikOqyyqVsZ5PvO3FDAvPszutA&dib_tag=se&m=AOZ4YNQPOAR1B&marketplaceID=ATVPDKIKX0DER&nsdOptOutParam=true&qid=1781240953&s=merchant-items&sr=1-4,https://m.media-amazon.com/images/I/81YGMGPebPL._AC_UY218_.jpg,https://www.amazon.com/s?i=merchant-items&me=AOZ4YNQPOAR1B&s=exact-aware-popularity-rank&ds=v1%3AC1u24%2FAHRVG6as5gShRu3N7oYXA6bjInWr2ktA3SD5k&marketplaceID=ATVPDKIKX0DER&qid=1776045996&ref=sr_st_exact-aware-popularity-rank
2026-06-12,2026-06-12T05:08:41+00:00,Competitor Store 3,seller,seller,Pawfect House Gifts (PFH),1,B0H2PGF16H,18,18,18,display_order,18,"Pawfect House Gifts Custom Patriotic Beach Towel, 250 Anniversary Beach Towels with Family Name, Summer Gifts for Family, ...",,,,,,,no,https://www.amazon.com/Pawfect-House-Gifts-Patriotic-Anniversary/dp/B0H2PGF16H/ref=sr_1_5?dib=eyJ2IjoiMSJ9.S6Qzd9zgTWQ772id3G-LBkEYYyxgVb-9I0nZls2XNZ2T6xyfMSdt2p1fMWpkbINSDs0r0P55OdTm7qfsHrIvoiFMII_EwjGkT9gwdxDuMhOd8RsZzAhFLeLjaZoSzm8tXQi2su12tHbJnOhR6p5yqNRrH80YIXDnHbqF8fjtkV0hcE-GZizW0mjm5wbFIFs3eouyq-jHgvmtWTl2noxJB9CxYre4us1ntoghUtbWNqE.7tj9zXav8QDhB6hTyiikOqyyqVsZ5PvO3FDAvPszutA&dib_tag=se&m=AOZ4YNQPOAR1B&marketplaceID=ATVPDKIKX0DER&nsdOptOutParam=true&qid=1781240953&s=merchant-items&sr=1-5,https://m.media-amazon.com/images/I/71YjcCb8SaL._AC_UY218_.jpg,https://www.amazon.com/s?i=merchant-items&me=AOZ4YNQPOAR1B&s=exact-aware-popularity-rank&ds=v1%3AC1u24%2FAHRVG6as5gShRu3N7oYXA6bjInWr2ktA3SD5k&marketplaceID=ATVPDKIKX0DER&qid=1776045996&ref=sr_st_exact-aware-popularity-rank
2026-06-12,2026-06-12T05:08:41+00:00,Competitor Store 3,seller,seller,Pawfect House Gifts (PFH),1,B0GXQ9ZWF8,19,19,19,display_order,19,"Pawfect House Gifts Personalized Journals For Women, 200 Pages Leather Writing Journal, Graduation Gifts For Women, I Trus...",,,,,,,no,https://www.amazon.com/Pawfect-Personalized-Journals-Graduation-Notebook/dp/B0GXQ9ZWF8/ref=sr_1_6?dib=eyJ2IjoiMSJ9.S6Qzd9zgTWQ772id3G-LBkEYYyxgVb-9I0nZls2XNZ2T6xyfMSdt2p1fMWpkbINSDs0r0P55OdTm7qfsHrIvoiFMII_EwjGkT9gwdxDuMhOd8RsZzAhFLeLjaZoSzm8tXQi2su12tHbJnOhR6p5yqNRrH80YIXDnHbqF8fjtkV0hcE-GZizW0mjm5wbFIFs3eouyq-jHgvmtWTl2noxJB9CxYre4us1ntoghUtbWNqE.7tj9zXav8QDhB6hTyiikOqyyqVsZ5PvO3FDAvPszutA&dib_tag=se&m=AOZ4YNQPOAR1B&marketplaceID=ATVPDKIKX0DER&nsdOptOutParam=true&qid=1781240953&s=merchant-items&sr=1-6,https://m.media-amazon.com/images/I/81U5Xxn2XiL._AC_UY218_.jpg,https://www.amazon.com/s?i=merchant-items&me=AOZ4YNQPOAR1B&s=exact-aware-popularity-rank&ds=v1%3AC1u24%2FAHRVG6as5gShRu3N7oYXA6bjInWr2ktA3SD5k&marketplaceID=ATVPDKIKX0DER&qid=1776045996&ref=sr_st_exact-aware-popularity-rank
2026-06-12,2026-06-12T05:08:41+00:00,Competitor Store 3,seller,seller,Pawfect House Gifts (PFH),1,B0H2XWZDWP,20,20,20,display_order,20,"Pawfect House Gifts Personalized Denim Baseball Cap, Fathers Day Cap Gifts for Cat Dog Lovers, Dog Hats for Men, Dad, Grandpa",,,,,,,no,https://www.amazon.com/Pawfect-House-Gifts-Personalized-Baseball/dp/B0H2XWZDWP/ref=sr_1_7?dib=eyJ2IjoiMSJ9.S6Qzd9zgTWQ772id3G-LBkEYYyxgVb-9I0nZls2XNZ2T6xyfMSdt2p1fMWpkbINSDs0r0P55OdTm7qfsHrIvoiFMII_EwjGkT9gwdxDuMhOd8RsZzAhFLeLjaZoSzm8tXQi2su12tHbJnOhR6p5yqNRrH80YIXDnHbqF8fjtkV0hcE-GZizW0mjm5wbFIFs3eouyq-jHgvmtWTl2noxJB9CxYre4us1ntoghUtbWNqE.7tj9zXav8QDhB6hTyiikOqyyqVsZ5PvO3FDAvPszutA&dib_tag=se&m=AOZ4YNQPOAR1B&marketplaceID=ATVPDKIKX0DER&nsdOptOutParam=true&qid=1781240953&s=merchant-items&sr=1-7,https://m.media-amazon.com/images/I/81VhMLELAsL._AC_UY218_.jpg,https://www.amazon.com/s?i=merchant-items&me=AOZ4YNQPOAR1B&s=exact-aware-popularity-rank&ds=v1%3AC1u24%2FAHRVG6as5gShRu3N7oYXA6bjInWr2ktA3SD5k&marketplaceID=ATVPDKIKX0DER&qid=1776045996&ref=sr_st_exact-aware-popularity-rank
2026-06-12,2026-06-12T05:08:41+00:00,Competitor Store 3,seller,seller,Pawfect House Gifts (PFH),1,B0H2HH2VDQ,21,21,21,display_order,21,Style 1,,,,,,,no,https://www.amazon.com/Pawfect-House-Gifts-Personalized-Baseball/dp/B0H2HH2VDQ/ref=cs_sr_dp_loc_2?dib=eyJ2IjoiMSJ9.S6Qzd9zgTWQ772id3G-LBkEYYyxgVb-9I0nZls2XNZ2T6xyfMSdt2p1fMWpkbINSDs0r0P55OdTm7qfsHrIvoiFMII_EwjGkT9gwdxDuMhOd8RsZzAhFLeLjaZoSzm8tXQi2su12tHbJnOhR6p5yqNRrH80YIXDnHbqF8fjtkV0hcE-GZizW0mjm5wbFIFs3eouyq-jHgvmtWTl2noxJB9CxYre4us1ntoghUtbWNqE.7tj9zXav8QDhB6hTyiikOqyyqVsZ5PvO3FDAvPszutA&dib_tag=se&m=AOZ4YNQPOAR1B&marketplaceID=ATVPDKIKX0DER&nsdOptOutParam=true&qid=1781240953&s=merchant-items&sr=1-7,,https://www.amazon.com/s?i=merchant-items&me=AOZ4YNQPOAR1B&s=exact-aware-popularity-rank&ds=v1%3AC1u24%2FAHRVG6as5gShRu3N7oYXA6bjInWr2ktA3SD5k&marketplaceID=ATVPDKIKX0DER&qid=1776045996&ref=sr_st_exact-aware-popularity-rank
2026-06-12,2026-06-12T05:08:41+00:00,Competitor Store 3,seller,seller,Pawfect House Gifts (PFH),1,B0GW8HKR25,22,22,22,display_order,22,"Pawfect House Gifts Personalized Cruise Door Magnets, Summer Vacation and Travel Gifts for Husband and Wife, Him and Her, ...",,,,,,,no,https://www.amazon.com/Pawfect-House-Gifts-Personalized-Vacation/dp/B0GW8HKR25/ref=sr_1_8?dib=eyJ2IjoiMSJ9.S6Qzd9zgTWQ772id3G-LBkEYYyxgVb-9I0nZls2XNZ2T6xyfMSdt2p1fMWpkbINSDs0r0P55OdTm7qfsHrIvoiFMII_EwjGkT9gwdxDuMhOd8RsZzAhFLeLjaZoSzm8tXQi2su12tHbJnOhR6p5yqNRrH80YIXDnHbqF8fjtkV0hcE-GZizW0mjm5wbFIFs3eouyq-jHgvmtWTl2noxJB9CxYre4us1ntoghUtbWNqE.7tj9zXav8QDhB6hTyiikOqyyqVsZ5PvO3FDAvPszutA&dib_tag=se&m=AOZ4YNQPOAR1B&marketplaceID=ATVPDKIKX0DER&nsdOptOutParam=true&qid=1781240953&s=merchant-items&sr=1-8,https://m.media-amazon.com/images/I/71SsC2CaenL._AC_UY218_.jpg,https://www.amazon.com/s?i=merchant-items&me=AOZ4YNQPOAR1B&s=exact-aware-popularity-rank&ds=v1%3AC1u24%2FAHRVG6as5gShRu3N7oYXA6bjInWr2ktA3SD5k&marketplaceID=ATVPDKIKX0DER&qid=1776045996&ref=sr_st_exact-aware-popularity-rank
2026-06-12,2026-06-12T05:08:41+00:00,Competitor Store 3,seller,seller,Pawfect House Gifts (PFH),1,B0H25Q1LP2,23,23,23,display_order,23,"Pawfect House Gifts Custom Photo Sketch Line Art Desk Mat, Personalized Father's Day Birthday Gifts for Dads, Grandpa, Dad...",,,,,,,no,https://www.amazon.com/Pawfect-House-Gifts-Personalized-Birthday/dp/B0H25Q1LP2/ref=sr_1_9?dib=eyJ2IjoiMSJ9.S6Qzd9zgTWQ772id3G-LBkEYYyxgVb-9I0nZls2XNZ2T6xyfMSdt2p1fMWpkbINSDs0r0P55OdTm7qfsHrIvoiFMII_EwjGkT9gwdxDuMhOd8RsZzAhFLeLjaZoSzm8tXQi2su12tHbJnOhR6p5yqNRrH80YIXDnHbqF8fjtkV0hcE-GZizW0mjm5wbFIFs3eouyq-jHgvmtWTl2noxJB9CxYre4us1ntoghUtbWNqE.7tj9zXav8QDhB6hTyiikOqyyqVsZ5PvO3FDAvPszutA&dib_tag=se&m=AOZ4YNQPOAR1B&marketplaceID=ATVPDKIKX0DER&nsdOptOutParam=true&qid=1781240953&s=merchant-items&sr=1-9,https://m.media-amazon.com/images/I/71k0Yt1qRNL._AC_UY218_.jpg,https://www.amazon.com/s?i=merchant-items&me=AOZ4YNQPOAR1B&s=exact-aware-popularity-rank&ds=v1%3AC1u24%2FAHRVG6as5gShRu3N7oYXA6bjInWr2ktA3SD5k&marketplaceID=ATVPDKIKX0DER&qid=1776045996&ref=sr_st_exact-aware-popularity-rank
2026-06-12,2026-06-12T05:08:41+00:00,Competitor Store 3,seller,seller,Pawfect House Gifts (PFH),1,B0GYWF694M,24,24,24,display_order,24,"Pawfect House Gifts 250th Anniversary Cups 12 & 16oz, Personalized Plastic Cups for 4th of July Decorations Personalized 4...",,,,,,,no,https://www.amazon.com/Pawfect-House-Gifts-Anniversary-Personalized/dp/B0GYWF694M/ref=sr_1_10?dib=eyJ2IjoiMSJ9.S6Qzd9zgTWQ772id3G-LBkEYYyxgVb-9I0nZls2XNZ2T6xyfMSdt2p1fMWpkbINSDs0r0P55OdTm7qfsHrIvoiFMII_EwjGkT9gwdxDuMhOd8RsZzAhFLeLjaZoSzm8tXQi2su12tHbJnOhR6p5yqNRrH80YIXDnHbqF8fjtkV0hcE-GZizW0mjm5wbFIFs3eouyq-jHgvmtWTl2noxJB9CxYre4us1ntoghUtbWNqE.7tj9zXav8QDhB6hTyiikOqyyqVsZ5PvO3FDAvPszutA&dib_tag=se&m=AOZ4YNQPOAR1B&marketplaceID=ATVPDKIKX0DER&nsdOptOutParam=true&qid=1781240953&s=merchant-items&sr=1-10,https://m.media-amazon.com/images/I/81Vf+nOZldL._AC_UY218_.jpg,https://www.amazon.com/s?i=merchant-items&me=AOZ4YNQPOAR1B&s=exact-aware-popularity-rank&ds=v1%3AC1u24%2FAHRVG6as5gShRu3N7oYXA6bjInWr2ktA3SD5k&marketplaceID=ATVPDKIKX0DER&qid=1776045996&ref=sr_st_exact-aware-popularity-rank
2026-06-12,2026-06-12T05:08:41+00:00,Competitor Store 3,seller,seller,Pawfect House Gifts (PFH),1,B0GYW23LCL,25,25,25,display_order,25,Ver 1,,,,,,,no,https://www.amazon.com/Pawfect-House-Gifts-Anniversary-Personalized/dp/B0GYW23LCL/ref=cs_sr_dp_loc_2?dib=eyJ2IjoiMSJ9.S6Qzd9zgTWQ772id3G-LBkEYYyxgVb-9I0nZls2XNZ2T6xyfMSdt2p1fMWpkbINSDs0r0P55OdTm7qfsHrIvoiFMII_EwjGkT9gwdxDuMhOd8RsZzAhFLeLjaZoSzm8tXQi2su12tHbJnOhR6p5yqNRrH80YIXDnHbqF8fjtkV0hcE-GZizW0mjm5wbFIFs3eouyq-jHgvmtWTl2noxJB9CxYre4us1ntoghUtbWNqE.7tj9zXav8QDhB6hTyiikOqyyqVsZ5PvO3FDAvPszutA&dib_tag=se&m=AOZ4YNQPOAR1B&marketplaceID=ATVPDKIKX0DER&nsdOptOutParam=true&qid=1781240953&s=merchant-items&sr=1-10,,https://www.amazon.com/s?i=merchant-items&me=AOZ4YNQPOAR1B&s=exact-aware-popularity-rank&ds=v1%3AC1u24%2FAHRVG6as5gShRu3N7oYXA6bjInWr2ktA3SD5k&marketplaceID=ATVPDKIKX0DER&qid=1776045996&ref=sr_st_exact-aware-popularity-rank
2026-06-12,2026-06-12T05:08:41+00:00,Competitor Store 3,seller,seller,Pawfect House Gifts (PFH),1,B0H33N9BTR,26,26,26,display_order,26,"Pawfect House Gifts Personalized To My Son Tumbler, Father's Day Birthday Gifts for Son from Mom Dad, to My Son the Only T...",,,,,,,no,https://www.amazon.com/Pawfect-House-Gifts-Personalized-Birthday/dp/B0H33N9BTR/ref=sr_1_11?dib=eyJ2IjoiMSJ9.S6Qzd9zgTWQ772id3G-LBkEYYyxgVb-9I0nZls2XNZ2T6xyfMSdt2p1fMWpkbINSDs0r0P55OdTm7qfsHrIvoiFMII_EwjGkT9gwdxDuMhOd8RsZzAhFLeLjaZoSzm8tXQi2su12tHbJnOhR6p5yqNRrH80YIXDnHbqF8fjtkV0hcE-GZizW0mjm5wbFIFs3eouyq-jHgvmtWTl2noxJB9CxYre4us1ntoghUtbWNqE.7tj9zXav8QDhB6hTyiikOqyyqVsZ5PvO3FDAvPszutA&dib_tag=se&m=AOZ4YNQPOAR1B&marketplaceID=ATVPDKIKX0DER&nsdOptOutParam=true&qid=1781240953&s=merchant-items&sr=1-11,https://m.media-amazon.com/images/I/71Qyx+GcppL._AC_UY218_.jpg,https://www.amazon.com/s?i=merchant-items&me=AOZ4YNQPOAR1B&s=exact-aware-popularity-rank&ds=v1%3AC1u24%2FAHRVG6as5gShRu3N7oYXA6bjInWr2ktA3SD5k&marketplaceID=ATVPDKIKX0DER&qid=1776045996&ref=sr_st_exact-aware-popularity-rank
2026-06-12,2026-06-12T05:08:41+00:00,Competitor Store 3,seller,seller,Pawfect House Gifts (PFH),1,B0FJQTPG15,27,27,27,display_order,27,"Pawfect House Gifts Custom Cap for Men, Personalized Gifts for Dads, Grandpa, Best Daddy Ever Gifts, Dad Hats for Fathers Day",,,,,,,no,https://www.amazon.com/Pawfect-House-Gifts-Personalized-Birthday/dp/B0FJQTPG15/ref=sr_1_12?dib=eyJ2IjoiMSJ9.S6Qzd9zgTWQ772id3G-LBkEYYyxgVb-9I0nZls2XNZ2T6xyfMSdt2p1fMWpkbINSDs0r0P55OdTm7qfsHrIvoiFMII_EwjGkT9gwdxDuMhOd8RsZzAhFLeLjaZoSzm8tXQi2su12tHbJnOhR6p5yqNRrH80YIXDnHbqF8fjtkV0hcE-GZizW0mjm5wbFIFs3eouyq-jHgvmtWTl2noxJB9CxYre4us1ntoghUtbWNqE.7tj9zXav8QDhB6hTyiikOqyyqVsZ5PvO3FDAvPszutA&dib_tag=se&m=AOZ4YNQPOAR1B&marketplaceID=ATVPDKIKX0DER&nsdOptOutParam=true&qid=1781240953&s=merchant-items&sr=1-12,https://m.media-amazon.com/images/I/71Uh+S+P11L._AC_UY218_.jpg,https://www.amazon.com/s?i=merchant-items&me=AOZ4YNQPOAR1B&s=exact-aware-popularity-rank&ds=v1%3AC1u24%2FAHRVG6as5gShRu3N7oYXA6bjInWr2ktA3SD5k&marketplaceID=ATVPDKIKX0DER&qid=1776045996&ref=sr_st_exact-aware-popularity-rank
2026-06-12,2026-06-12T05:08:41+00:00,Competitor Store 3,seller,seller,Pawfect House Gifts (PFH),1,B0FJR2YKM3,28,28,28,display_order,28,1 Kid,,,,,,,no,https://www.amazon.com/Pawfect-House-Gifts-Personalized-Birthday/dp/B0FJR2YKM3/ref=cs_sr_dp_loc_2?dib=eyJ2IjoiMSJ9.S6Qzd9zgTWQ772id3G-LBkEYYyxgVb-9I0nZls2XNZ2T6xyfMSdt2p1fMWpkbINSDs0r0P55OdTm7qfsHrIvoiFMII_EwjGkT9gwdxDuMhOd8RsZzAhFLeLjaZoSzm8tXQi2su12tHbJnOhR6p5yqNRrH80YIXDnHbqF8fjtkV0hcE-GZizW0mjm5wbFIFs3eouyq-jHgvmtWTl2noxJB9CxYre4us1ntoghUtbWNqE.7tj9zXav8QDhB6hTyiikOqyyqVsZ5PvO3FDAvPszutA&dib_tag=se&m=AOZ4YNQPOAR1B&marketplaceID=ATVPDKIKX0DER&nsdOptOutParam=true&qid=1781240953&s=merchant-items&sr=1-12,,https://www.amazon.com/s?i=merchant-items&me=AOZ4YNQPOAR1B&s=exact-aware-popularity-rank&ds=v1%3AC1u24%2FAHRVG6as5gShRu3N7oYXA6bjInWr2ktA3SD5k&marketplaceID=ATVPDKIKX0DER&qid=1776045996&ref=sr_st_exact-aware-popularity-rank
2026-06-12,2026-06-12T05:08:41+00:00,Competitor Store 3,seller,seller,Pawfect House Gifts (PFH),1,B0FJR2T52F,29,29,29,display_order,29,3 Kids,,,,,,,no,https://www.amazon.com/Pawfect-House-Gifts-Personalized-Birthday/dp/B0FJR2T52F/ref=cs_sr_dp_loc_3?dib=eyJ2IjoiMSJ9.S6Qzd9zgTWQ772id3G-LBkEYYyxgVb-9I0nZls2XNZ2T6xyfMSdt2p1fMWpkbINSDs0r0P55OdTm7qfsHrIvoiFMII_EwjGkT9gwdxDuMhOd8RsZzAhFLeLjaZoSzm8tXQi2su12tHbJnOhR6p5yqNRrH80YIXDnHbqF8fjtkV0hcE-GZizW0mjm5wbFIFs3eouyq-jHgvmtWTl2noxJB9CxYre4us1ntoghUtbWNqE.7tj9zXav8QDhB6hTyiikOqyyqVsZ5PvO3FDAvPszutA&dib_tag=se&m=AOZ4YNQPOAR1B&marketplaceID=ATVPDKIKX0DER&nsdOptOutParam=true&qid=1781240953&s=merchant-items&sr=1-12,,https://www.amazon.com/s?i=merchant-items&me=AOZ4YNQPOAR1B&s=exact-aware-popularity-rank&ds=v1%3AC1u24%2FAHRVG6as5gShRu3N7oYXA6bjInWr2ktA3SD5k&marketplaceID=ATVPDKIKX0DER&qid=1776045996&ref=sr_st_exact-aware-popularity-rank
2026-06-12,2026-06-12T05:08:41+00:00,Competitor Store 3,seller,seller,Pawfect House Gifts (PFH),1,B0FJR2YD3R,30,30,30,display_order,30,4 Kids,,,,,,,no,https://www.amazon.com/Pawfect-House-Gifts-Personalized-Birthday/dp/B0FJR2YD3R/ref=cs_sr_dp_loc_4?dib=eyJ2IjoiMSJ9.S6Qzd9zgTWQ772id3G-LBkEYYyxgVb-9I0nZls2XNZ2T6xyfMSdt2p1fMWpkbINSDs0r0P55OdTm7qfsHrIvoiFMII_EwjGkT9gwdxDuMhOd8RsZzAhFLeLjaZoSzm8tXQi2su12tHbJnOhR6p5yqNRrH80YIXDnHbqF8fjtkV0hcE-GZizW0mjm5wbFIFs3eouyq-jHgvmtWTl2noxJB9CxYre4us1ntoghUtbWNqE.7tj9zXav8QDhB6hTyiikOqyyqVsZ5PvO3FDAvPszutA&dib_tag=se&m=AOZ4YNQPOAR1B&marketplaceID=ATVPDKIKX0DER&nsdOptOutParam=true&qid=1781240953&s=merchant-items&sr=1-12,,https://www.amazon.com/s?i=merchant-items&me=AOZ4YNQPOAR1B&s=exact-aware-popularity-rank&ds=v1%3AC1u24%2FAHRVG6as5gShRu3N7oYXA6bjInWr2ktA3SD5k&marketplaceID=ATVPDKIKX0DER&qid=1776045996&ref=sr_st_exact-aware-popularity-rank
2026-06-12,2026-06-12T05:08:41+00:00,Competitor Store 3,seller,seller,Pawfect House Gifts (PFH),1,B0FJR5ZQBT,31,31,31,display_order,31,6 Kids,,,,,,,no,https://www.amazon.com/Pawfect-House-Gifts-Personalized-Birthday/dp/B0FJR5ZQBT/ref=cs_sr_dp_loc_5?dib=eyJ2IjoiMSJ9.S6Qzd9zgTWQ772id3G-LBkEYYyxgVb-9I0nZls2XNZ2T6xyfMSdt2p1fMWpkbINSDs0r0P55OdTm7qfsHrIvoiFMII_EwjGkT9gwdxDuMhOd8RsZzAhFLeLjaZoSzm8tXQi2su12tHbJnOhR6p5yqNRrH80YIXDnHbqF8fjtkV0hcE-GZizW0mjm5wbFIFs3eouyq-jHgvmtWTl2noxJB9CxYre4us1ntoghUtbWNqE.7tj9zXav8QDhB6hTyiikOqyyqVsZ5PvO3FDAvPszutA&dib_tag=se&m=AOZ4YNQPOAR1B&marketplaceID=ATVPDKIKX0DER&nsdOptOutParam=true&qid=1781240953&s=merchant-items&sr=1-12,,https://www.amazon.com/s?i=merchant-items&me=AOZ4YNQPOAR1B&s=exact-aware-popularity-rank&ds=v1%3AC1u24%2FAHRVG6as5gShRu3N7oYXA6bjInWr2ktA3SD5k&marketplaceID=ATVPDKIKX0DER&qid=1776045996&ref=sr_st_exact-aware-popularity-rank
2026-06-12,2026-06-12T05:08:41+00:00,Competitor Store 3,seller,seller,Pawfect House Gifts (PFH),1,B0H44MTK91,32,32,32,display_order,32,"Pawfect House Gifts Happy Anniversary Decorative Stones Rock, Personalized Anniversary Wedding Gifts for Husband and Wife,...",,,,,,,no,https://www.amazon.com/Pawfect-House-Gifts-Anniversary-Personalized/dp/B0H44MTK91/ref=sr_1_13?dib=eyJ2IjoiMSJ9.S6Qzd9zgTWQ772id3G-LBkEYYyxgVb-9I0nZls2XNZ2T6xyfMSdt2p1fMWpkbINSDs0r0P55OdTm7qfsHrIvoiFMII_EwjGkT9gwdxDuMhOd8RsZzAhFLeLjaZoSzm8tXQi2su12tHbJnOhR6p5yqNRrH80YIXDnHbqF8fjtkV0hcE-GZizW0mjm5wbFIFs3eouyq-jHgvmtWTl2noxJB9CxYre4us1ntoghUtbWNqE.7tj9zXav8QDhB6hTyiikOqyyqVsZ5PvO3FDAvPszutA&dib_tag=se&m=AOZ4YNQPOAR1B&marketplaceID=ATVPDKIKX0DER&nsdOptOutParam=true&qid=1781240953&s=merchant-items&sr=1-13,https://m.media-amazon.com/images/I/71mceBr1J2L._AC_UY218_.jpg,https://www.amazon.com/s?i=merchant-items&me=AOZ4YNQPOAR1B&s=exact-aware-popularity-rank&ds=v1%3AC1u24%2FAHRVG6as5gShRu3N7oYXA6bjInWr2ktA3SD5k&marketplaceID=ATVPDKIKX0DER&qid=1776045996&ref=sr_st_exact-aware-popularity-rank
2026-06-12,2026-06-12T05:08:41+00:00,Competitor Store 3,seller,seller,Pawfect House Gifts (PFH),1,B0GWXWHHS8,33,33,33,display_order,33,"Pawfect House Gifts Personalized Journals For Women, Leather Writing Journal, Graduation Gifts For Women, I Trust The Next...",,,,,,,no,https://www.amazon.com/Pawfect-Personalized-Journals-Graduation-Beginnings/dp/B0GWXWHHS8/ref=sr_1_14?dib=eyJ2IjoiMSJ9.S6Qzd9zgTWQ772id3G-LBkEYYyxgVb-9I0nZls2XNZ2T6xyfMSdt2p1fMWpkbINSDs0r0P55OdTm7qfsHrIvoiFMII_EwjGkT9gwdxDuMhOd8RsZzAhFLeLjaZoSzm8tXQi2su12tHbJnOhR6p5yqNRrH80YIXDnHbqF8fjtkV0hcE-GZizW0mjm5wbFIFs3eouyq-jHgvmtWTl2noxJB9CxYre4us1ntoghUtbWNqE.7tj9zXav8QDhB6hTyiikOqyyqVsZ5PvO3FDAvPszutA&dib_tag=se&m=AOZ4YNQPOAR1B&marketplaceID=ATVPDKIKX0DER&nsdOptOutParam=true&qid=1781240953&s=merchant-items&sr=1-14,https://m.media-amazon.com/images/I/71hGEohwk+L._AC_UY218_.jpg,https://www.amazon.com/s?i=merchant-items&me=AOZ4YNQPOAR1B&s=exact-aware-popularity-rank&ds=v1%3AC1u24%2FAHRVG6as5gShRu3N7oYXA6bjInWr2ktA3SD5k&marketplaceID=ATVPDKIKX0DER&qid=1776045996&ref=sr_st_exact-aware-popularity-rank
2026-06-12,2026-06-12T05:08:41+00:00,Competitor Store 3,seller,seller,Pawfect House Gifts (PFH),1,B0C1B94KLC,34,34,34,display_order,34,"Pawfect House Pet Picture Frame With Collar Holder, Dog Memorial Gifts For Loss Of Dog, 9x9 IN Pet Loss Sign, When Tomorro...",,,,,,,no,https://www.amazon.com/Pawfect-House-Memorial-Remembrance-Bereavement/dp/B0C1B94KLC/ref=sr_1_15?dib=eyJ2IjoiMSJ9.S6Qzd9zgTWQ772id3G-LBkEYYyxgVb-9I0nZls2XNZ2T6xyfMSdt2p1fMWpkbINSDs0r0P55OdTm7qfsHrIvoiFMII_EwjGkT9gwdxDuMhOd8RsZzAhFLeLjaZoSzm8tXQi2su12tHbJnOhR6p5yqNRrH80YIXDnHbqF8fjtkV0hcE-GZizW0mjm5wbFIFs3eouyq-jHgvmtWTl2noxJB9CxYre4us1ntoghUtbWNqE.7tj9zXav8QDhB6hTyiikOqyyqVsZ5PvO3FDAvPszutA&dib_tag=se&m=AOZ4YNQPOAR1B&marketplaceID=ATVPDKIKX0DER&nsdOptOutParam=true&qid=1781240953&s=merchant-items&sr=1-15,https://m.media-amazon.com/images/I/71Cc4j+AV3L._AC_UY218_.jpg,https://www.amazon.com/s?i=merchant-items&me=AOZ4YNQPOAR1B&s=exact-aware-popularity-rank&ds=v1%3AC1u24%2FAHRVG6as5gShRu3N7oYXA6bjInWr2ktA3SD5k&marketplaceID=ATVPDKIKX0DER&qid=1776045996&ref=sr_st_exact-aware-popularity-rank
2026-06-12,2026-06-12T05:08:41+00:00,Competitor Store 3,seller,seller,Pawfect House Gifts (PFH),1,B0H2DFFQBT,35,35,35,display_order,35,"Pawfect House Gifts Custom Unisex Tropical Hawaiian Aloha Shirt, America 250th Gifts for Grandpa, Dad, Fathers Day Shirts",,,,,,,no,https://www.amazon.com/Pawfect-House-Gifts-Tropical-Personalized/dp/B0H2DFFQBT/ref=sr_1_16?dib=eyJ2IjoiMSJ9.S6Qzd9zgTWQ772id3G-LBkEYYyxgVb-9I0nZls2XNZ2T6xyfMSdt2p1fMWpkbINSDs0r0P55OdTm7qfsHrIvoiFMII_EwjGkT9gwdxDuMhOd8RsZzAhFLeLjaZoSzm8tXQi2su12tHbJnOhR6p5yqNRrH80YIXDnHbqF8fjtkV0hcE-GZizW0mjm5wbFIFs3eouyq-jHgvmtWTl2noxJB9CxYre4us1ntoghUtbWNqE.7tj9zXav8QDhB6hTyiikOqyyqVsZ5PvO3FDAvPszutA&dib_tag=se&m=AOZ4YNQPOAR1B&marketplaceID=ATVPDKIKX0DER&nsdOptOutParam=true&qid=1781240953&s=merchant-items&sr=1-16,https://m.media-amazon.com/images/I/71B4EVaPi6L._AC_UY218_.jpg,https://www.amazon.com/s?i=merchant-items&me=AOZ4YNQPOAR1B&s=exact-aware-popularity-rank&ds=v1%3AC1u24%2FAHRVG6as5gShRu3N7oYXA6bjInWr2ktA3SD5k&marketplaceID=ATVPDKIKX0DER&qid=1776045996&ref=sr_st_exact-aware-popularity-rank
2026-06-12,2026-06-12T05:08:41+00:00,Competitor Store 3,seller,seller,Pawfect House Gifts (PFH),1,B0H38YWBGN,36,36,36,display_order,36,Style 2,,,,,,,no,https://www.amazon.com/Pawfect-House-Gifts-Tropical-Personalized/dp/B0H38YWBGN/ref=is_sr_dp_2?dib=eyJ2IjoiMSJ9.S6Qzd9zgTWQ772id3G-LBkEYYyxgVb-9I0nZls2XNZ2T6xyfMSdt2p1fMWpkbINSDs0r0P55OdTm7qfsHrIvoiFMII_EwjGkT9gwdxDuMhOd8RsZzAhFLeLjaZoSzm8tXQi2su12tHbJnOhR6p5yqNRrH80YIXDnHbqF8fjtkV0hcE-GZizW0mjm5wbFIFs3eouyq-jHgvmtWTl2noxJB9CxYre4us1ntoghUtbWNqE.7tj9zXav8QDhB6hTyiikOqyyqVsZ5PvO3FDAvPszutA&dib_tag=se&m=AOZ4YNQPOAR1B&marketplaceID=ATVPDKIKX0DER&nsdOptOutParam=true&qid=1781240953&s=merchant-items&sr=1-16,,https://www.amazon.com/s?i=merchant-items&me=AOZ4YNQPOAR1B&s=exact-aware-popularity-rank&ds=v1%3AC1u24%2FAHRVG6as5gShRu3N7oYXA6bjInWr2ktA3SD5k&marketplaceID=ATVPDKIKX0DER&qid=1776045996&ref=sr_st_exact-aware-popularity-rank
2026-06-12,2026-06-12T05:08:41+00:00,Competitor Store 3,seller,seller,Pawfect House Gifts (PFH),1,B0H38VBCFQ,37,37,37,display_order,37,Style 3,,,,,,,no,https://www.amazon.com/Pawfect-House-Gifts-Tropical-Personalized/dp/B0H38VBCFQ/ref=is_sr_dp_3?dib=eyJ2IjoiMSJ9.S6Qzd9zgTWQ772id3G-LBkEYYyxgVb-9I0nZls2XNZ2T6xyfMSdt2p1fMWpkbINSDs0r0P55OdTm7qfsHrIvoiFMII_EwjGkT9gwdxDuMhOd8RsZzAhFLeLjaZoSzm8tXQi2su12tHbJnOhR6p5yqNRrH80YIXDnHbqF8fjtkV0hcE-GZizW0mjm5wbFIFs3eouyq-jHgvmtWTl2noxJB9CxYre4us1ntoghUtbWNqE.7tj9zXav8QDhB6hTyiikOqyyqVsZ5PvO3FDAvPszutA&dib_tag=se&m=AOZ4YNQPOAR1B&marketplaceID=ATVPDKIKX0DER&nsdOptOutParam=true&qid=1781240953&s=merchant-items&sr=1-16,,https://www.amazon.com/s?i=merchant-items&me=AOZ4YNQPOAR1B&s=exact-aware-popularity-rank&ds=v1%3AC1u24%2FAHRVG6as5gShRu3N7oYXA6bjInWr2ktA3SD5k&marketplaceID=ATVPDKIKX0DER&qid=1776045996&ref=sr_st_exact-aware-popularity-rank
2026-06-12,2026-06-12T05:08:41+00:00,Competitor Store 3,seller,seller,Pawfect House Gifts (PFH),1,B0H38TBBNM,38,38,38,display_order,38,Style 4,,,,,,,no,https://www.amazon.com/Pawfect-House-Gifts-Tropical-Personalized/dp/B0H38TBBNM/ref=is_sr_dp_4?dib=eyJ2IjoiMSJ9.S6Qzd9zgTWQ772id3G-LBkEYYyxgVb-9I0nZls2XNZ2T6xyfMSdt2p1fMWpkbINSDs0r0P55OdTm7qfsHrIvoiFMII_EwjGkT9gwdxDuMhOd8RsZzAhFLeLjaZoSzm8tXQi2su12tHbJnOhR6p5yqNRrH80YIXDnHbqF8fjtkV0hcE-GZizW0mjm5wbFIFs3eouyq-jHgvmtWTl2noxJB9CxYre4us1ntoghUtbWNqE.7tj9zXav8QDhB6hTyiikOqyyqVsZ5PvO3FDAvPszutA&dib_tag=se&m=AOZ4YNQPOAR1B&marketplaceID=ATVPDKIKX0DER&nsdOptOutParam=true&qid=1781240953&s=merchant-items&sr=1-16,,https://www.amazon.com/s?i=merchant-items&me=AOZ4YNQPOAR1B&s=exact-aware-popularity-rank&ds=v1%3AC1u24%2FAHRVG6as5gShRu3N7oYXA6bjInWr2ktA3SD5k&marketplaceID=ATVPDKIKX0DER&qid=1776045996&ref=sr_st_exact-aware-popularity-rank
2026-06-12,2026-06-12T05:08:41+00:00,Competitor Store 3,seller,seller,Pawfect House Gifts (PFH),1,B0H38VBR17,39,39,39,display_order,39,Style 5,,,,,,,no,https://www.amazon.com/Pawfect-House-Gifts-Tropical-Personalized/dp/B0H38VBR17/ref=is_sr_dp_5?dib=eyJ2IjoiMSJ9.S6Qzd9zgTWQ772id3G-LBkEYYyxgVb-9I0nZls2XNZ2T6xyfMSdt2p1fMWpkbINSDs0r0P55OdTm7qfsHrIvoiFMII_EwjGkT9gwdxDuMhOd8RsZzAhFLeLjaZoSzm8tXQi2su12tHbJnOhR6p5yqNRrH80YIXDnHbqF8fjtkV0hcE-GZizW0mjm5wbFIFs3eouyq-jHgvmtWTl2noxJB9CxYre4us1ntoghUtbWNqE.7tj9zXav8QDhB6hTyiikOqyyqVsZ5PvO3FDAvPszutA&dib_tag=se&m=AOZ4YNQPOAR1B&marketplaceID=ATVPDKIKX0DER&nsdOptOutParam=true&qid=1781240953&s=merchant-items&sr=1-16,,https://www.amazon.com/s?i=merchant-items&me=AOZ4YNQPOAR1B&s=exact-aware-popularity-rank&ds=v1%3AC1u24%2FAHRVG6as5gShRu3N7oYXA6bjInWr2ktA3SD5k&marketplaceID=ATVPDKIKX0DER&qid=1776045996&ref=sr_st_exact-aware-popularity-rank
2026-06-12,2026-06-12T05:08:41+00:00,Competitor Store 3,seller,seller,Pawfect House Gifts (PFH),1,B0DVBL912R,40,40,40,display_order,40,Amazon Business Card,,,,,,,no,https://www.amazon.com/dp/B0DVBL912R?plattr=ACOMFO&ie=UTF-8,,https://www.amazon.com/s?i=merchant-items&me=AOZ4YNQPOAR1B&s=exact-aware-popularity-rank&ds=v1%3AC1u24%2FAHRVG6as5gShRu3N7oYXA6bjInWr2ktA3SD5k&marketplaceID=ATVPDKIKX0DER&qid=1776045996&ref=sr_st_exact-aware-popularity-rank
2026-06-12,2026-06-12T05:08:41+00:00,Competitor Store 4,seller,seller,MA Commerce (MC),1,B0H3T6XK29,1,1,1,display_order,1,"Macorner Personalized Dad Joke QR Code Mug, Custom Name Interactive Coffee Mug, Daily Daddy Jokes Gift for Dad, Funny Fath...",,,,,,,no,https://www.amazon.com/Macorner-Personalized-Interactive-Fathers-Coworker/dp/B0H3T6XK29/ref=sr_1_1?dib=eyJ2IjoiMSJ9.YQZa4wyqqGllht4f2xmfuzWlm_0AnrY1MqVzPAg6MmxVx58eRZvb5ik98Cgj-o473JxxuYLoM8-r_R64gEKs5boNG_lSx0UUa6vNumszCK9UdxEAbHlZmQyuvt7UXbS-FmQYvZi0dPhQbKfq1z6MGG73jgeq7Qm7DoICPffcLYOqWgSTHUvjOGUixGzDGY8fel0446ZOxhDi9xXmztAcKyVYq4VFy4jvGzlQnFd2uV0.WD_sxzwg7SenbI6ekil7zFqLmy8Eyvq8Zl-wi-Gah7U&dib_tag=se&m=A3IJKC1NDEWYPR&marketplaceID=ATVPDKIKX0DER&nsdOptOutParam=true&qid=1781240969&s=merchant-items&sr=1-1,https://m.media-amazon.com/images/I/71dqjZaxpXL._AC_UY218_.jpg,https://www.amazon.com/s?i=merchant-items&me=A3IJKC1NDEWYPR&s=exact-aware-popularity-rank&ds=v1%3AkEwp4aFNK3lZTYLGu6qb2EXuf5d7aWkCpxwC3smOObM&marketplaceID=ATVPDKIKX0DER&qid=1776046069&ref=sr_st_exact-aware-popularity-rank
2026-06-12,2026-06-12T05:08:41+00:00,Competitor Store 4,seller,seller,MA Commerce (MC),1,B0H1BM6K18,2,2,2,display_order,2,"Macorner Personalized Classic Limited Edition T-Shirt, Timeless Vintage Retro Shirt for Men, Dad, Husband, Grandpa",,,,,,,no,https://www.amazon.com/Macorner-Personalized-Classic-Limited-Timeless/dp/B0H1BM6K18/ref=sr_1_2?dib=eyJ2IjoiMSJ9.YQZa4wyqqGllht4f2xmfuzWlm_0AnrY1MqVzPAg6MmxVx58eRZvb5ik98Cgj-o473JxxuYLoM8-r_R64gEKs5boNG_lSx0UUa6vNumszCK9UdxEAbHlZmQyuvt7UXbS-FmQYvZi0dPhQbKfq1z6MGG73jgeq7Qm7DoICPffcLYOqWgSTHUvjOGUixGzDGY8fel0446ZOxhDi9xXmztAcKyVYq4VFy4jvGzlQnFd2uV0.WD_sxzwg7SenbI6ekil7zFqLmy8Eyvq8Zl-wi-Gah7U&dib_tag=se&m=A3IJKC1NDEWYPR&marketplaceID=ATVPDKIKX0DER&nsdOptOutParam=true&qid=1781240969&s=merchant-items&sr=1-2,https://m.media-amazon.com/images/I/61ekxXGvIyL._AC_UY218_.jpg,https://www.amazon.com/s?i=merchant-items&me=A3IJKC1NDEWYPR&s=exact-aware-popularity-rank&ds=v1%3AkEwp4aFNK3lZTYLGu6qb2EXuf5d7aWkCpxwC3smOObM&marketplaceID=ATVPDKIKX0DER&qid=1776046069&ref=sr_st_exact-aware-popularity-rank
2026-06-12,2026-06-12T05:08:41+00:00,Competitor Store 4,seller,seller,MA Commerce (MC),1,B0H1CR2PF5,3,3,3,display_order,3,A2,,,,,,,no,https://www.amazon.com/Macorner-Personalized-Classic-Limited-Timeless/dp/B0H1CR2PF5/ref=is_sr_dp_2?dib=eyJ2IjoiMSJ9.YQZa4wyqqGllht4f2xmfuzWlm_0AnrY1MqVzPAg6MmxVx58eRZvb5ik98Cgj-o473JxxuYLoM8-r_R64gEKs5boNG_lSx0UUa6vNumszCK9UdxEAbHlZmQyuvt7UXbS-FmQYvZi0dPhQbKfq1z6MGG73jgeq7Qm7DoICPffcLYOqWgSTHUvjOGUixGzDGY8fel0446ZOxhDi9xXmztAcKyVYq4VFy4jvGzlQnFd2uV0.WD_sxzwg7SenbI6ekil7zFqLmy8Eyvq8Zl-wi-Gah7U&dib_tag=se&m=A3IJKC1NDEWYPR&marketplaceID=ATVPDKIKX0DER&nsdOptOutParam=true&qid=1781240969&s=merchant-items&sr=1-2,,https://www.amazon.com/s?i=merchant-items&me=A3IJKC1NDEWYPR&s=exact-aware-popularity-rank&ds=v1%3AkEwp4aFNK3lZTYLGu6qb2EXuf5d7aWkCpxwC3smOObM&marketplaceID=ATVPDKIKX0DER&qid=1776046069&ref=sr_st_exact-aware-popularity-rank
2026-06-12,2026-06-12T05:08:41+00:00,Competitor Store 4,seller,seller,MA Commerce (MC),1,B0H2CYSTQC,4,4,4,display_order,4,A3,,,,,,,no,https://www.amazon.com/Macorner-Personalized-Classic-Limited-Timeless/dp/B0H2CYSTQC/ref=is_sr_dp_3?dib=eyJ2IjoiMSJ9.YQZa4wyqqGllht4f2xmfuzWlm_0AnrY1MqVzPAg6MmxVx58eRZvb5ik98Cgj-o473JxxuYLoM8-r_R64gEKs5boNG_lSx0UUa6vNumszCK9UdxEAbHlZmQyuvt7UXbS-FmQYvZi0dPhQbKfq1z6MGG73jgeq7Qm7DoICPffcLYOqWgSTHUvjOGUixGzDGY8fel0446ZOxhDi9xXmztAcKyVYq4VFy4jvGzlQnFd2uV0.WD_sxzwg7SenbI6ekil7zFqLmy8Eyvq8Zl-wi-Gah7U&dib_tag=se&m=A3IJKC1NDEWYPR&marketplaceID=ATVPDKIKX0DER&nsdOptOutParam=true&qid=1781240969&s=merchant-items&sr=1-2,,https://www.amazon.com/s?i=merchant-items&me=A3IJKC1NDEWYPR&s=exact-aware-popularity-rank&ds=v1%3AkEwp4aFNK3lZTYLGu6qb2EXuf5d7aWkCpxwC3smOObM&marketplaceID=ATVPDKIKX0DER&qid=1776046069&ref=sr_st_exact-aware-popularity-rank
2026-06-12,2026-06-12T05:08:41+00:00,Competitor Store 4,seller,seller,MA Commerce (MC),1,B0H2DJNQ6N,5,5,5,display_order,5,A4,,,,,,,no,https://www.amazon.com/Macorner-Personalized-Classic-Limited-Timeless/dp/B0H2DJNQ6N/ref=is_sr_dp_4?dib=eyJ2IjoiMSJ9.YQZa4wyqqGllht4f2xmfuzWlm_0AnrY1MqVzPAg6MmxVx58eRZvb5ik98Cgj-o473JxxuYLoM8-r_R64gEKs5boNG_lSx0UUa6vNumszCK9UdxEAbHlZmQyuvt7UXbS-FmQYvZi0dPhQbKfq1z6MGG73jgeq7Qm7DoICPffcLYOqWgSTHUvjOGUixGzDGY8fel0446ZOxhDi9xXmztAcKyVYq4VFy4jvGzlQnFd2uV0.WD_sxzwg7SenbI6ekil7zFqLmy8Eyvq8Zl-wi-Gah7U&dib_tag=se&m=A3IJKC1NDEWYPR&marketplaceID=ATVPDKIKX0DER&nsdOptOutParam=true&qid=1781240969&s=merchant-items&sr=1-2,,https://www.amazon.com/s?i=merchant-items&me=A3IJKC1NDEWYPR&s=exact-aware-popularity-rank&ds=v1%3AkEwp4aFNK3lZTYLGu6qb2EXuf5d7aWkCpxwC3smOObM&marketplaceID=ATVPDKIKX0DER&qid=1776046069&ref=sr_st_exact-aware-popularity-rank
2026-06-12,2026-06-12T05:08:41+00:00,Competitor Store 4,seller,seller,MA Commerce (MC),1,B0H2TTD7QQ,6,6,6,display_order,6,A5,,,,,,,no,https://www.amazon.com/Macorner-Personalized-Classic-Limited-Timeless/dp/B0H2TTD7QQ/ref=is_sr_dp_5?dib=eyJ2IjoiMSJ9.YQZa4wyqqGllht4f2xmfuzWlm_0AnrY1MqVzPAg6MmxVx58eRZvb5ik98Cgj-o473JxxuYLoM8-r_R64gEKs5boNG_lSx0UUa6vNumszCK9UdxEAbHlZmQyuvt7UXbS-FmQYvZi0dPhQbKfq1z6MGG73jgeq7Qm7DoICPffcLYOqWgSTHUvjOGUixGzDGY8fel0446ZOxhDi9xXmztAcKyVYq4VFy4jvGzlQnFd2uV0.WD_sxzwg7SenbI6ekil7zFqLmy8Eyvq8Zl-wi-Gah7U&dib_tag=se&m=A3IJKC1NDEWYPR&marketplaceID=ATVPDKIKX0DER&nsdOptOutParam=true&qid=1781240969&s=merchant-items&sr=1-2,,https://www.amazon.com/s?i=merchant-items&me=A3IJKC1NDEWYPR&s=exact-aware-popularity-rank&ds=v1%3AkEwp4aFNK3lZTYLGu6qb2EXuf5d7aWkCpxwC3smOObM&marketplaceID=ATVPDKIKX0DER&qid=1776046069&ref=sr_st_exact-aware-popularity-rank
2026-06-12,2026-06-12T05:08:41+00:00,Competitor Store 4,seller,seller,MA Commerce (MC),1,B0H32XJ7BX,7,7,7,display_order,7,A6,,,,,,,no,https://www.amazon.com/Macorner-Personalized-Classic-Limited-Timeless/dp/B0H32XJ7BX/ref=is_sr_dp_6?dib=eyJ2IjoiMSJ9.YQZa4wyqqGllht4f2xmfuzWlm_0AnrY1MqVzPAg6MmxVx58eRZvb5ik98Cgj-o473JxxuYLoM8-r_R64gEKs5boNG_lSx0UUa6vNumszCK9UdxEAbHlZmQyuvt7UXbS-FmQYvZi0dPhQbKfq1z6MGG73jgeq7Qm7DoICPffcLYOqWgSTHUvjOGUixGzDGY8fel0446ZOxhDi9xXmztAcKyVYq4VFy4jvGzlQnFd2uV0.WD_sxzwg7SenbI6ekil7zFqLmy8Eyvq8Zl-wi-Gah7U&dib_tag=se&m=A3IJKC1NDEWYPR&marketplaceID=ATVPDKIKX0DER&nsdOptOutParam=true&qid=1781240969&s=merchant-items&sr=1-2,,https://www.amazon.com/s?i=merchant-items&me=A3IJKC1NDEWYPR&s=exact-aware-popularity-rank&ds=v1%3AkEwp4aFNK3lZTYLGu6qb2EXuf5d7aWkCpxwC3smOObM&marketplaceID=ATVPDKIKX0DER&qid=1776046069&ref=sr_st_exact-aware-popularity-rank
2026-06-12,2026-06-12T05:08:41+00:00,Competitor Store 4,seller,seller,MA Commerce (MC),1,B0H398R169,8,8,8,display_order,8,"Macorner Personalized Wooden Pen Holder with LED Clock, Custom Photo Desk Organizer for Dad, Father’s Day Gift for Grandpa...",,,,,,,no,https://www.amazon.com/Macorner-Personalized-Organizer-Fathers-Grandpa/dp/B0H398R169/ref=sr_1_3?dib=eyJ2IjoiMSJ9.YQZa4wyqqGllht4f2xmfuzWlm_0AnrY1MqVzPAg6MmxVx58eRZvb5ik98Cgj-o473JxxuYLoM8-r_R64gEKs5boNG_lSx0UUa6vNumszCK9UdxEAbHlZmQyuvt7UXbS-FmQYvZi0dPhQbKfq1z6MGG73jgeq7Qm7DoICPffcLYOqWgSTHUvjOGUixGzDGY8fel0446ZOxhDi9xXmztAcKyVYq4VFy4jvGzlQnFd2uV0.WD_sxzwg7SenbI6ekil7zFqLmy8Eyvq8Zl-wi-Gah7U&dib_tag=se&m=A3IJKC1NDEWYPR&marketplaceID=ATVPDKIKX0DER&nsdOptOutParam=true&qid=1781240969&s=merchant-items&sr=1-3,https://m.media-amazon.com/images/I/81w2zIjW5qL._AC_UY218_.jpg,https://www.amazon.com/s?i=merchant-items&me=A3IJKC1NDEWYPR&s=exact-aware-popularity-rank&ds=v1%3AkEwp4aFNK3lZTYLGu6qb2EXuf5d7aWkCpxwC3smOObM&marketplaceID=ATVPDKIKX0DER&qid=1776046069&ref=sr_st_exact-aware-popularity-rank
2026-06-12,2026-06-12T05:08:41+00:00,Competitor Store 4,seller,seller,MA Commerce (MC),1,B0GS9N6NX5,9,9,9,display_order,9,"Macorner Personalized Hair Brush, Custom Birth Flower & Name For Her, Daughter, Sister, Thank You Gifts, Birthday Gifts Fo...",,,,,,,no,https://www.amazon.com/Macorner-Personalized-Daughter-Birthday-Mothers/dp/B0GS9N6NX5/ref=sr_1_4?dib=eyJ2IjoiMSJ9.YQZa4wyqqGllht4f2xmfuzWlm_0AnrY1MqVzPAg6MmxVx58eRZvb5ik98Cgj-o473JxxuYLoM8-r_R64gEKs5boNG_lSx0UUa6vNumszCK9UdxEAbHlZmQyuvt7UXbS-FmQYvZi0dPhQbKfq1z6MGG73jgeq7Qm7DoICPffcLYOqWgSTHUvjOGUixGzDGY8fel0446ZOxhDi9xXmztAcKyVYq4VFy4jvGzlQnFd2uV0.WD_sxzwg7SenbI6ekil7zFqLmy8Eyvq8Zl-wi-Gah7U&dib_tag=se&m=A3IJKC1NDEWYPR&marketplaceID=ATVPDKIKX0DER&nsdOptOutParam=true&qid=1781240969&s=merchant-items&sr=1-4,https://m.media-amazon.com/images/I/81VJ5ZNUd9L._AC_UY218_.jpg,https://www.amazon.com/s?i=merchant-items&me=A3IJKC1NDEWYPR&s=exact-aware-popularity-rank&ds=v1%3AkEwp4aFNK3lZTYLGu6qb2EXuf5d7aWkCpxwC3smOObM&marketplaceID=ATVPDKIKX0DER&qid=1776046069&ref=sr_st_exact-aware-popularity-rank
2026-06-12,2026-06-12T05:08:41+00:00,Competitor Store 4,seller,seller,MA Commerce (MC),1,B0H1GRQLKF,10,10,10,display_order,10,"Macorner Personalized Graduation Gift for High School & College Grads, Custom School Pennant Beach Towel, Quick-Dry Towel ...",,,,,,,no,https://www.amazon.com/Macorner-Personalized-Graduation-Quick-Dry-Accessories/dp/B0H1GRQLKF/ref=sr_1_5?dib=eyJ2IjoiMSJ9.YQZa4wyqqGllht4f2xmfuzWlm_0AnrY1MqVzPAg6MmxVx58eRZvb5ik98Cgj-o473JxxuYLoM8-r_R64gEKs5boNG_lSx0UUa6vNumszCK9UdxEAbHlZmQyuvt7UXbS-FmQYvZi0dPhQbKfq1z6MGG73jgeq7Qm7DoICPffcLYOqWgSTHUvjOGUixGzDGY8fel0446ZOxhDi9xXmztAcKyVYq4VFy4jvGzlQnFd2uV0.WD_sxzwg7SenbI6ekil7zFqLmy8Eyvq8Zl-wi-Gah7U&dib_tag=se&m=A3IJKC1NDEWYPR&marketplaceID=ATVPDKIKX0DER&nsdOptOutParam=true&qid=1781240969&s=merchant-items&sr=1-5,https://m.media-amazon.com/images/I/81LU+ulVCZL._AC_UY218_.jpg,https://www.amazon.com/s?i=merchant-items&me=A3IJKC1NDEWYPR&s=exact-aware-popularity-rank&ds=v1%3AkEwp4aFNK3lZTYLGu6qb2EXuf5d7aWkCpxwC3smOObM&marketplaceID=ATVPDKIKX0DER&qid=1776046069&ref=sr_st_exact-aware-popularity-rank
2026-06-12,2026-06-12T05:08:41+00:00,Competitor Store 4,seller,seller,MA Commerce (MC),1,B0H3DSVLMK,11,11,11,display_order,11,"Macorner Funny Dad BOD Father Fridge Magnet, Gift for Dad, Father's Day Birthday Gift, Humorous Dad BOD Kitchen Décor",,,,,,,no,https://www.amazon.com/Macorner-Fathers-Birthday-Humorous-Kitchen/dp/B0H3DSVLMK/ref=sr_1_6?dib=eyJ2IjoiMSJ9.YQZa4wyqqGllht4f2xmfuzWlm_0AnrY1MqVzPAg6MmxVx58eRZvb5ik98Cgj-o473JxxuYLoM8-r_R64gEKs5boNG_lSx0UUa6vNumszCK9UdxEAbHlZmQyuvt7UXbS-FmQYvZi0dPhQbKfq1z6MGG73jgeq7Qm7DoICPffcLYOqWgSTHUvjOGUixGzDGY8fel0446ZOxhDi9xXmztAcKyVYq4VFy4jvGzlQnFd2uV0.WD_sxzwg7SenbI6ekil7zFqLmy8Eyvq8Zl-wi-Gah7U&dib_tag=se&m=A3IJKC1NDEWYPR&marketplaceID=ATVPDKIKX0DER&nsdOptOutParam=true&qid=1781240969&s=merchant-items&sr=1-6,https://m.media-amazon.com/images/I/71zlvO8JQoL._AC_UY218_.jpg,https://www.amazon.com/s?i=merchant-items&me=A3IJKC1NDEWYPR&s=exact-aware-popularity-rank&ds=v1%3AkEwp4aFNK3lZTYLGu6qb2EXuf5d7aWkCpxwC3smOObM&marketplaceID=ATVPDKIKX0DER&qid=1776046069&ref=sr_st_exact-aware-popularity-rank
2026-06-12,2026-06-12T05:08:41+00:00,Competitor Store 4,seller,seller,MA Commerce (MC),1,B0GPPZJ9ZT,12,12,12,display_order,12,"Macorner Personalized Wooden Plaque Gift for Mom, Mothers Day for Mom Birthday Gift Ideas for Mama Mother from Daughter So...",,,,,,,no,https://www.amazon.com/Macorner-Personalized-Birthday-Daughter-Presents/dp/B0GPPZJ9ZT/ref=sr_1_7?dib=eyJ2IjoiMSJ9.YQZa4wyqqGllht4f2xmfuzWlm_0AnrY1MqVzPAg6MmxVx58eRZvb5ik98Cgj-o473JxxuYLoM8-r_R64gEKs5boNG_lSx0UUa6vNumszCK9UdxEAbHlZmQyuvt7UXbS-FmQYvZi0dPhQbKfq1z6MGG73jgeq7Qm7DoICPffcLYOqWgSTHUvjOGUixGzDGY8fel0446ZOxhDi9xXmztAcKyVYq4VFy4jvGzlQnFd2uV0.WD_sxzwg7SenbI6ekil7zFqLmy8Eyvq8Zl-wi-Gah7U&dib_tag=se&m=A3IJKC1NDEWYPR&marketplaceID=ATVPDKIKX0DER&nsdOptOutParam=true&qid=1781240969&s=merchant-items&sr=1-7,https://m.media-amazon.com/images/I/81Kg93WB3JL._AC_UY218_.jpg,https://www.amazon.com/s?i=merchant-items&me=A3IJKC1NDEWYPR&s=exact-aware-popularity-rank&ds=v1%3AkEwp4aFNK3lZTYLGu6qb2EXuf5d7aWkCpxwC3smOObM&marketplaceID=ATVPDKIKX0DER&qid=1776046069&ref=sr_st_exact-aware-popularity-rank
2026-06-12,2026-06-12T05:08:41+00:00,Competitor Store 4,seller,seller,MA Commerce (MC),1,B0H265YJG5,13,13,13,display_order,13,"Macorner Personalized Hawaiian Shirt, This Grandpa Belongs to Doodle",,,,,,,no,https://www.amazon.com/Macorner-Personalized-Husband-Hawaiian-American/dp/B0H265YJG5/ref=sr_1_8?dib=eyJ2IjoiMSJ9.YQZa4wyqqGllht4f2xmfuzWlm_0AnrY1MqVzPAg6MmxVx58eRZvb5ik98Cgj-o473JxxuYLoM8-r_R64gEKs5boNG_lSx0UUa6vNumszCK9UdxEAbHlZmQyuvt7UXbS-FmQYvZi0dPhQbKfq1z6MGG73jgeq7Qm7DoICPffcLYOqWgSTHUvjOGUixGzDGY8fel0446ZOxhDi9xXmztAcKyVYq4VFy4jvGzlQnFd2uV0.WD_sxzwg7SenbI6ekil7zFqLmy8Eyvq8Zl-wi-Gah7U&dib_tag=se&m=A3IJKC1NDEWYPR&marketplaceID=ATVPDKIKX0DER&nsdOptOutParam=true&qid=1781240969&s=merchant-items&sr=1-8,https://m.media-amazon.com/images/I/81x6EdkmntL._AC_UY218_.jpg,https://www.amazon.com/s?i=merchant-items&me=A3IJKC1NDEWYPR&s=exact-aware-popularity-rank&ds=v1%3AkEwp4aFNK3lZTYLGu6qb2EXuf5d7aWkCpxwC3smOObM&marketplaceID=ATVPDKIKX0DER&qid=1776046069&ref=sr_st_exact-aware-popularity-rank
2026-06-12,2026-06-12T05:08:41+00:00,Competitor Store 4,seller,seller,MA Commerce (MC),1,B0GCDW965H,14,14,14,display_order,14,A1,,,,,,,no,https://www.amazon.com/Macorner-Personalized-Husband-Hawaiian-American/dp/B0GCDW965H/ref=is_sr_dp_2?dib=eyJ2IjoiMSJ9.YQZa4wyqqGllht4f2xmfuzWlm_0AnrY1MqVzPAg6MmxVx58eRZvb5ik98Cgj-o473JxxuYLoM8-r_R64gEKs5boNG_lSx0UUa6vNumszCK9UdxEAbHlZmQyuvt7UXbS-FmQYvZi0dPhQbKfq1z6MGG73jgeq7Qm7DoICPffcLYOqWgSTHUvjOGUixGzDGY8fel0446ZOxhDi9xXmztAcKyVYq4VFy4jvGzlQnFd2uV0.WD_sxzwg7SenbI6ekil7zFqLmy8Eyvq8Zl-wi-Gah7U&dib_tag=se&m=A3IJKC1NDEWYPR&marketplaceID=ATVPDKIKX0DER&nsdOptOutParam=true&qid=1781240969&s=merchant-items&sr=1-8,,https://www.amazon.com/s?i=merchant-items&me=A3IJKC1NDEWYPR&s=exact-aware-popularity-rank&ds=v1%3AkEwp4aFNK3lZTYLGu6qb2EXuf5d7aWkCpxwC3smOObM&marketplaceID=ATVPDKIKX0DER&qid=1776046069&ref=sr_st_exact-aware-popularity-rank
2026-06-12,2026-06-12T05:08:41+00:00,Competitor Store 4,seller,seller,MA Commerce (MC),1,B0H1GP4HW5,15,15,15,display_order,15,A2,,,,,,,no,https://www.amazon.com/Macorner-Personalized-Husband-Hawaiian-American/dp/B0H1GP4HW5/ref=is_sr_dp_3?dib=eyJ2IjoiMSJ9.YQZa4wyqqGllht4f2xmfuzWlm_0AnrY1MqVzPAg6MmxVx58eRZvb5ik98Cgj-o473JxxuYLoM8-r_R64gEKs5boNG_lSx0UUa6vNumszCK9UdxEAbHlZmQyuvt7UXbS-FmQYvZi0dPhQbKfq1z6MGG73jgeq7Qm7DoICPffcLYOqWgSTHUvjOGUixGzDGY8fel0446ZOxhDi9xXmztAcKyVYq4VFy4jvGzlQnFd2uV0.WD_sxzwg7SenbI6ekil7zFqLmy8Eyvq8Zl-wi-Gah7U&dib_tag=se&m=A3IJKC1NDEWYPR&marketplaceID=ATVPDKIKX0DER&nsdOptOutParam=true&qid=1781240969&s=merchant-items&sr=1-8,,https://www.amazon.com/s?i=merchant-items&me=A3IJKC1NDEWYPR&s=exact-aware-popularity-rank&ds=v1%3AkEwp4aFNK3lZTYLGu6qb2EXuf5d7aWkCpxwC3smOObM&marketplaceID=ATVPDKIKX0DER&qid=1776046069&ref=sr_st_exact-aware-popularity-rank
2026-06-12,2026-06-12T05:08:41+00:00,Competitor Store 4,seller,seller,MA Commerce (MC),1,B0H32TBZ19,16,16,16,display_order,16,A4,,,,,,,no,https://www.amazon.com/Macorner-Personalized-Husband-Hawaiian-American/dp/B0H32TBZ19/ref=is_sr_dp_4?dib=eyJ2IjoiMSJ9.YQZa4wyqqGllht4f2xmfuzWlm_0AnrY1MqVzPAg6MmxVx58eRZvb5ik98Cgj-o473JxxuYLoM8-r_R64gEKs5boNG_lSx0UUa6vNumszCK9UdxEAbHlZmQyuvt7UXbS-FmQYvZi0dPhQbKfq1z6MGG73jgeq7Qm7DoICPffcLYOqWgSTHUvjOGUixGzDGY8fel0446ZOxhDi9xXmztAcKyVYq4VFy4jvGzlQnFd2uV0.WD_sxzwg7SenbI6ekil7zFqLmy8Eyvq8Zl-wi-Gah7U&dib_tag=se&m=A3IJKC1NDEWYPR&marketplaceID=ATVPDKIKX0DER&nsdOptOutParam=true&qid=1781240969&s=merchant-items&sr=1-8,,https://www.amazon.com/s?i=merchant-items&me=A3IJKC1NDEWYPR&s=exact-aware-popularity-rank&ds=v1%3AkEwp4aFNK3lZTYLGu6qb2EXuf5d7aWkCpxwC3smOObM&marketplaceID=ATVPDKIKX0DER&qid=1776046069&ref=sr_st_exact-aware-popularity-rank
2026-06-12,2026-06-12T05:08:41+00:00,Competitor Store 4,seller,seller,MA Commerce (MC),1,B0GWH5R6PJ,17,17,17,display_order,17,"Macorner Personalized Wooden Figurine Gift for Mom, Mothers Day Mom Birthday Gift Ideas for Mama Mother from Daughter Son ...",,,,,,,no,https://www.amazon.com/Macorner-Personalized-Figurine-Birthday-Daughter/dp/B0GWH5R6PJ/ref=sr_1_9?dib=eyJ2IjoiMSJ9.YQZa4wyqqGllht4f2xmfuzWlm_0AnrY1MqVzPAg6MmxVx58eRZvb5ik98Cgj-o473JxxuYLoM8-r_R64gEKs5boNG_lSx0UUa6vNumszCK9UdxEAbHlZmQyuvt7UXbS-FmQYvZi0dPhQbKfq1z6MGG73jgeq7Qm7DoICPffcLYOqWgSTHUvjOGUixGzDGY8fel0446ZOxhDi9xXmztAcKyVYq4VFy4jvGzlQnFd2uV0.WD_sxzwg7SenbI6ekil7zFqLmy8Eyvq8Zl-wi-Gah7U&dib_tag=se&m=A3IJKC1NDEWYPR&marketplaceID=ATVPDKIKX0DER&nsdOptOutParam=true&qid=1781240969&s=merchant-items&sr=1-9,https://m.media-amazon.com/images/I/81chxce2L8L._AC_UY218_.jpg,https://www.amazon.com/s?i=merchant-items&me=A3IJKC1NDEWYPR&s=exact-aware-popularity-rank&ds=v1%3AkEwp4aFNK3lZTYLGu6qb2EXuf5d7aWkCpxwC3smOObM&marketplaceID=ATVPDKIKX0DER&qid=1776046069&ref=sr_st_exact-aware-popularity-rank
2026-06-12,2026-06-12T05:08:41+00:00,Competitor Store 4,seller,seller,MA Commerce (MC),1,B0GQ8HP3RM,18,18,18,display_order,18,"Macorner Personalized Shirt, Never Forget That I Love You Gift for Son",,,,,,,no,https://www.amazon.com/Macorner-Personalized-Shirt-Never-Forget/dp/B0GQ8HP3RM/ref=sr_1_10?dib=eyJ2IjoiMSJ9.YQZa4wyqqGllht4f2xmfuzWlm_0AnrY1MqVzPAg6MmxVx58eRZvb5ik98Cgj-o473JxxuYLoM8-r_R64gEKs5boNG_lSx0UUa6vNumszCK9UdxEAbHlZmQyuvt7UXbS-FmQYvZi0dPhQbKfq1z6MGG73jgeq7Qm7DoICPffcLYOqWgSTHUvjOGUixGzDGY8fel0446ZOxhDi9xXmztAcKyVYq4VFy4jvGzlQnFd2uV0.WD_sxzwg7SenbI6ekil7zFqLmy8Eyvq8Zl-wi-Gah7U&dib_tag=se&m=A3IJKC1NDEWYPR&marketplaceID=ATVPDKIKX0DER&nsdOptOutParam=true&qid=1781240969&s=merchant-items&sr=1-10,https://m.media-amazon.com/images/I/91SjguBd8QL._AC_UY218_.jpg,https://www.amazon.com/s?i=merchant-items&me=A3IJKC1NDEWYPR&s=exact-aware-popularity-rank&ds=v1%3AkEwp4aFNK3lZTYLGu6qb2EXuf5d7aWkCpxwC3smOObM&marketplaceID=ATVPDKIKX0DER&qid=1776046069&ref=sr_st_exact-aware-popularity-rank
2026-06-12,2026-06-12T05:08:41+00:00,Competitor Store 4,seller,seller,MA Commerce (MC),1,B0GZZFNL63,19,19,19,display_order,19,"Macorner Personalized Dog Dad Beer Glass, Custom Dog Name Pint Glass for Dog Lovers, Funny Father’s Day Gift for Pet Dad, ...",,,,,,,no,https://www.amazon.com/Macorner-Personalized-Custom-Fathers-Birthday/dp/B0GZZFNL63/ref=sr_1_11?dib=eyJ2IjoiMSJ9.YQZa4wyqqGllht4f2xmfuzWlm_0AnrY1MqVzPAg6MmxVx58eRZvb5ik98Cgj-o473JxxuYLoM8-r_R64gEKs5boNG_lSx0UUa6vNumszCK9UdxEAbHlZmQyuvt7UXbS-FmQYvZi0dPhQbKfq1z6MGG73jgeq7Qm7DoICPffcLYOqWgSTHUvjOGUixGzDGY8fel0446ZOxhDi9xXmztAcKyVYq4VFy4jvGzlQnFd2uV0.WD_sxzwg7SenbI6ekil7zFqLmy8Eyvq8Zl-wi-Gah7U&dib_tag=se&m=A3IJKC1NDEWYPR&marketplaceID=ATVPDKIKX0DER&nsdOptOutParam=true&qid=1781240969&s=merchant-items&sr=1-11,https://m.media-amazon.com/images/I/81I-OTVDIGL._AC_UY218_.jpg,https://www.amazon.com/s?i=merchant-items&me=A3IJKC1NDEWYPR&s=exact-aware-popularity-rank&ds=v1%3AkEwp4aFNK3lZTYLGu6qb2EXuf5d7aWkCpxwC3smOObM&marketplaceID=ATVPDKIKX0DER&qid=1776046069&ref=sr_st_exact-aware-popularity-rank
2026-06-12,2026-06-12T05:08:41+00:00,Competitor Store 4,seller,seller,MA Commerce (MC),1,B0GS823L54,20,20,20,display_order,20,"Macorner Personalized Graduation Fan, Custom Photo Graduation Gifts",,,,,,,no,https://www.amazon.com/Macorner-Personalized-Graduation-Fan-Custom/dp/B0GS823L54/ref=sr_1_12?dib=eyJ2IjoiMSJ9.YQZa4wyqqGllht4f2xmfuzWlm_0AnrY1MqVzPAg6MmxVx58eRZvb5ik98Cgj-o473JxxuYLoM8-r_R64gEKs5boNG_lSx0UUa6vNumszCK9UdxEAbHlZmQyuvt7UXbS-FmQYvZi0dPhQbKfq1z6MGG73jgeq7Qm7DoICPffcLYOqWgSTHUvjOGUixGzDGY8fel0446ZOxhDi9xXmztAcKyVYq4VFy4jvGzlQnFd2uV0.WD_sxzwg7SenbI6ekil7zFqLmy8Eyvq8Zl-wi-Gah7U&dib_tag=se&m=A3IJKC1NDEWYPR&marketplaceID=ATVPDKIKX0DER&nsdOptOutParam=true&qid=1781240969&s=merchant-items&sr=1-12,https://m.media-amazon.com/images/I/810ZDmma0LL._AC_UY218_.jpg,https://www.amazon.com/s?i=merchant-items&me=A3IJKC1NDEWYPR&s=exact-aware-popularity-rank&ds=v1%3AkEwp4aFNK3lZTYLGu6qb2EXuf5d7aWkCpxwC3smOObM&marketplaceID=ATVPDKIKX0DER&qid=1776046069&ref=sr_st_exact-aware-popularity-rank
2026-06-12,2026-06-12T05:08:41+00:00,Competitor Store 4,seller,seller,MA Commerce (MC),1,B0GGY5D6RJ,21,21,21,display_order,21,"Macorner Personalized Men's Boxer Briefs, F Valentine's Day I Love You Every Day - Gifts For Him",,,,,,,no,https://www.amazon.com/Macorner-Personalized-Valentines-Anniversary-Boyfriend/dp/B0GGY5D6RJ/ref=sr_1_13?dib=eyJ2IjoiMSJ9.YQZa4wyqqGllht4f2xmfuzWlm_0AnrY1MqVzPAg6MmxVx58eRZvb5ik98Cgj-o473JxxuYLoM8-r_R64gEKs5boNG_lSx0UUa6vNumszCK9UdxEAbHlZmQyuvt7UXbS-FmQYvZi0dPhQbKfq1z6MGG73jgeq7Qm7DoICPffcLYOqWgSTHUvjOGUixGzDGY8fel0446ZOxhDi9xXmztAcKyVYq4VFy4jvGzlQnFd2uV0.WD_sxzwg7SenbI6ekil7zFqLmy8Eyvq8Zl-wi-Gah7U&dib_tag=se&m=A3IJKC1NDEWYPR&marketplaceID=ATVPDKIKX0DER&nsdOptOutParam=true&qid=1781240969&s=merchant-items&sr=1-13,https://m.media-amazon.com/images/I/71t7RQBgYuL._AC_UY218_.jpg,https://www.amazon.com/s?i=merchant-items&me=A3IJKC1NDEWYPR&s=exact-aware-popularity-rank&ds=v1%3AkEwp4aFNK3lZTYLGu6qb2EXuf5d7aWkCpxwC3smOObM&marketplaceID=ATVPDKIKX0DER&qid=1776046069&ref=sr_st_exact-aware-popularity-rank
2026-06-12,2026-06-12T05:08:41+00:00,Competitor Store 4,seller,seller,MA Commerce (MC),1,B0GG9C2YLX,22,22,22,display_order,22,A1,,,,,,,no,https://www.amazon.com/Macorner-Personalized-Valentines-Anniversary-Boyfriend/dp/B0GG9C2YLX/ref=cs_sr_dp_loc_2?dib=eyJ2IjoiMSJ9.YQZa4wyqqGllht4f2xmfuzWlm_0AnrY1MqVzPAg6MmxVx58eRZvb5ik98Cgj-o473JxxuYLoM8-r_R64gEKs5boNG_lSx0UUa6vNumszCK9UdxEAbHlZmQyuvt7UXbS-FmQYvZi0dPhQbKfq1z6MGG73jgeq7Qm7DoICPffcLYOqWgSTHUvjOGUixGzDGY8fel0446ZOxhDi9xXmztAcKyVYq4VFy4jvGzlQnFd2uV0.WD_sxzwg7SenbI6ekil7zFqLmy8Eyvq8Zl-wi-Gah7U&dib_tag=se&m=A3IJKC1NDEWYPR&marketplaceID=ATVPDKIKX0DER&nsdOptOutParam=true&qid=1781240969&s=merchant-items&sr=1-13,,https://www.amazon.com/s?i=merchant-items&me=A3IJKC1NDEWYPR&s=exact-aware-popularity-rank&ds=v1%3AkEwp4aFNK3lZTYLGu6qb2EXuf5d7aWkCpxwC3smOObM&marketplaceID=ATVPDKIKX0DER&qid=1776046069&ref=sr_st_exact-aware-popularity-rank
2026-06-12,2026-06-12T05:08:41+00:00,Competitor Store 4,seller,seller,MA Commerce (MC),1,B0GH6DL7NX,23,23,23,display_order,23,A3,,,,,,,no,https://www.amazon.com/Macorner-Personalized-Valentines-Anniversary-Boyfriend/dp/B0GH6DL7NX/ref=cs_sr_dp_loc_3?dib=eyJ2IjoiMSJ9.YQZa4wyqqGllht4f2xmfuzWlm_0AnrY1MqVzPAg6MmxVx58eRZvb5ik98Cgj-o473JxxuYLoM8-r_R64gEKs5boNG_lSx0UUa6vNumszCK9UdxEAbHlZmQyuvt7UXbS-FmQYvZi0dPhQbKfq1z6MGG73jgeq7Qm7DoICPffcLYOqWgSTHUvjOGUixGzDGY8fel0446ZOxhDi9xXmztAcKyVYq4VFy4jvGzlQnFd2uV0.WD_sxzwg7SenbI6ekil7zFqLmy8Eyvq8Zl-wi-Gah7U&dib_tag=se&m=A3IJKC1NDEWYPR&marketplaceID=ATVPDKIKX0DER&nsdOptOutParam=true&qid=1781240969&s=merchant-items&sr=1-13,,https://www.amazon.com/s?i=merchant-items&me=A3IJKC1NDEWYPR&s=exact-aware-popularity-rank&ds=v1%3AkEwp4aFNK3lZTYLGu6qb2EXuf5d7aWkCpxwC3smOObM&marketplaceID=ATVPDKIKX0DER&qid=1776046069&ref=sr_st_exact-aware-popularity-rank
2026-06-12,2026-06-12T05:08:41+00:00,Competitor Store 4,seller,seller,MA Commerce (MC),1,B0GH7PS2MC,24,24,24,display_order,24,A4,,,,,,,no,https://www.amazon.com/Macorner-Personalized-Valentines-Anniversary-Boyfriend/dp/B0GH7PS2MC/ref=cs_sr_dp_loc_4?dib=eyJ2IjoiMSJ9.YQZa4wyqqGllht4f2xmfuzWlm_0AnrY1MqVzPAg6MmxVx58eRZvb5ik98Cgj-o473JxxuYLoM8-r_R64gEKs5boNG_lSx0UUa6vNumszCK9UdxEAbHlZmQyuvt7UXbS-FmQYvZi0dPhQbKfq1z6MGG73jgeq7Qm7DoICPffcLYOqWgSTHUvjOGUixGzDGY8fel0446ZOxhDi9xXmztAcKyVYq4VFy4jvGzlQnFd2uV0.WD_sxzwg7SenbI6ekil7zFqLmy8Eyvq8Zl-wi-Gah7U&dib_tag=se&m=A3IJKC1NDEWYPR&marketplaceID=ATVPDKIKX0DER&nsdOptOutParam=true&qid=1781240969&s=merchant-items&sr=1-13,,https://www.amazon.com/s?i=merchant-items&me=A3IJKC1NDEWYPR&s=exact-aware-popularity-rank&ds=v1%3AkEwp4aFNK3lZTYLGu6qb2EXuf5d7aWkCpxwC3smOObM&marketplaceID=ATVPDKIKX0DER&qid=1776046069&ref=sr_st_exact-aware-popularity-rank
2026-06-12,2026-06-12T05:08:41+00:00,Competitor Store 4,seller,seller,MA Commerce (MC),1,B0GSFNS3HH,25,25,25,display_order,25,"Macorner Personalized Christian Throw Pillows (Insert Included), “God Says I Am”, Gifts for Girls, Daughter Granddaughter,...",,,,,,,no,https://www.amazon.com/Macorner-Personalized-Christian-Included-Granddaughter/dp/B0GSFNS3HH/ref=sr_1_14?dib=eyJ2IjoiMSJ9.YQZa4wyqqGllht4f2xmfuzWlm_0AnrY1MqVzPAg6MmxVx58eRZvb5ik98Cgj-o473JxxuYLoM8-r_R64gEKs5boNG_lSx0UUa6vNumszCK9UdxEAbHlZmQyuvt7UXbS-FmQYvZi0dPhQbKfq1z6MGG73jgeq7Qm7DoICPffcLYOqWgSTHUvjOGUixGzDGY8fel0446ZOxhDi9xXmztAcKyVYq4VFy4jvGzlQnFd2uV0.WD_sxzwg7SenbI6ekil7zFqLmy8Eyvq8Zl-wi-Gah7U&dib_tag=se&m=A3IJKC1NDEWYPR&marketplaceID=ATVPDKIKX0DER&nsdOptOutParam=true&qid=1781240969&s=merchant-items&sr=1-14,https://m.media-amazon.com/images/I/81t68e7Kn4L._AC_UY218_.jpg,https://www.amazon.com/s?i=merchant-items&me=A3IJKC1NDEWYPR&s=exact-aware-popularity-rank&ds=v1%3AkEwp4aFNK3lZTYLGu6qb2EXuf5d7aWkCpxwC3smOObM&marketplaceID=ATVPDKIKX0DER&qid=1776046069&ref=sr_st_exact-aware-popularity-rank
2026-06-12,2026-06-12T05:08:41+00:00,Competitor Store 4,seller,seller,MA Commerce (MC),1,B0H28P6Z3W,26,26,26,display_order,26,"Macorner Personalized LED Compact Mirror with Name & Birth Flower, Portable Pocket Mirror, Birthday Gift for Women Mom Dau...",,,,,,,no,https://www.amazon.com/Macorner-Personalized-Portable-Birthday-Accessories/dp/B0H28P6Z3W/ref=sr_1_15?dib=eyJ2IjoiMSJ9.YQZa4wyqqGllht4f2xmfuzWlm_0AnrY1MqVzPAg6MmxVx58eRZvb5ik98Cgj-o473JxxuYLoM8-r_R64gEKs5boNG_lSx0UUa6vNumszCK9UdxEAbHlZmQyuvt7UXbS-FmQYvZi0dPhQbKfq1z6MGG73jgeq7Qm7DoICPffcLYOqWgSTHUvjOGUixGzDGY8fel0446ZOxhDi9xXmztAcKyVYq4VFy4jvGzlQnFd2uV0.WD_sxzwg7SenbI6ekil7zFqLmy8Eyvq8Zl-wi-Gah7U&dib_tag=se&m=A3IJKC1NDEWYPR&marketplaceID=ATVPDKIKX0DER&nsdOptOutParam=true&qid=1781240969&s=merchant-items&sr=1-15,https://m.media-amazon.com/images/I/71Xsyi0pl3L._AC_UY218_.jpg,https://www.amazon.com/s?i=merchant-items&me=A3IJKC1NDEWYPR&s=exact-aware-popularity-rank&ds=v1%3AkEwp4aFNK3lZTYLGu6qb2EXuf5d7aWkCpxwC3smOObM&marketplaceID=ATVPDKIKX0DER&qid=1776046069&ref=sr_st_exact-aware-popularity-rank
2026-06-12,2026-06-12T05:08:41+00:00,Competitor Store 4,seller,seller,MA Commerce (MC),1,B0H1W8Z8FG,27,27,27,display_order,27,"Macorner Personalized Moon Phase Night Light for Dad, Custom Date LED Acrylic Lamp, Father’s Day Gift from Daughter Son, “...",,,,,,,no,https://www.amazon.com/Macorner-Personalized-Acrylic-Fathers-Daughter/dp/B0H1W8Z8FG/ref=sr_1_16?dib=eyJ2IjoiMSJ9.YQZa4wyqqGllht4f2xmfuzWlm_0AnrY1MqVzPAg6MmxVx58eRZvb5ik98Cgj-o473JxxuYLoM8-r_R64gEKs5boNG_lSx0UUa6vNumszCK9UdxEAbHlZmQyuvt7UXbS-FmQYvZi0dPhQbKfq1z6MGG73jgeq7Qm7DoICPffcLYOqWgSTHUvjOGUixGzDGY8fel0446ZOxhDi9xXmztAcKyVYq4VFy4jvGzlQnFd2uV0.WD_sxzwg7SenbI6ekil7zFqLmy8Eyvq8Zl-wi-Gah7U&dib_tag=se&m=A3IJKC1NDEWYPR&marketplaceID=ATVPDKIKX0DER&nsdOptOutParam=true&qid=1781240969&s=merchant-items&sr=1-16,https://m.media-amazon.com/images/I/71lnMS8DTHL._AC_UY218_.jpg,https://www.amazon.com/s?i=merchant-items&me=A3IJKC1NDEWYPR&s=exact-aware-popularity-rank&ds=v1%3AkEwp4aFNK3lZTYLGu6qb2EXuf5d7aWkCpxwC3smOObM&marketplaceID=ATVPDKIKX0DER&qid=1776046069&ref=sr_st_exact-aware-popularity-rank
2026-06-12,2026-06-12T05:08:41+00:00,Competitor Store 4,seller,seller,MA Commerce (MC),1,B0DVBL912R,28,28,28,display_order,28,Amazon Business Card,,,,,,,no,https://www.amazon.com/dp/B0DVBL912R?plattr=ACOMFO&ie=UTF-8,,https://www.amazon.com/s?i=merchant-items&me=A3IJKC1NDEWYPR&s=exact-aware-popularity-rank&ds=v1%3AkEwp4aFNK3lZTYLGu6qb2EXuf5d7aWkCpxwC3smOObM&marketplaceID=ATVPDKIKX0DER&qid=1776046069&ref=sr_st_exact-aware-popularity-rank
2026-06-12,2026-06-12T05:08:41+00:00,Competitor Store 5,seller,seller,ZuneArt (Warrior),1,B0FMK9XY1W,1,1,1,display_order,1,"Personalized Vintage Washed Denim Cap for Grandpa, Dad – Custom Baseball Hat for Men, Christmas Birthday Gift for Daddy, Papa",,,,,,,no,https://www.amazon.com/Personalized-Favorite-People-Vintage-Washed/dp/B0FMK9XY1W/ref=sr_1_1?dib=eyJ2IjoiMSJ9.yFxQtnWeSmxGjFvENNUjduY-hiU5yfBVrgDOVubCI4hSAUqlUH8MUF47d6xe_oHdRPcDkq1LsiU36t4yv5o_5M7sSZkGblAmly3F7QeLoRerFXUM2W1gFproYXgK29fqkW4kAwhraY-JIzXolurnMN5csr7WkuAoP4RhnvcNK2i8j51vSbP1RAPcz51K1D43DJOxytORuRDOzdHleLE-ppknMS5g3IxGkqQOnd1U5lA.NKfWeopxByYUvMkdi5Ls6WnqSOQbtbEODDq09A3wW4Y&dib_tag=se&m=A15T7O8I2EPBUZ&marketplaceID=ATVPDKIKX0DER&nsdOptOutParam=true&qid=1781240984&s=merchant-items&sr=1-1,https://m.media-amazon.com/images/I/615LraZYH1L._AC_UY218_.jpg,https://www.amazon.com/s?i=merchant-items&me=A15T7O8I2EPBUZ&s=exact-aware-popularity-rank&ds=v1%3A31fy69i5WkDT%2BCKADsgzf0KJ5dDH21fVCGztsujN%2Fic&marketplaceID=ATVPDKIKX0DER&qid=1776046083&ref=sr_st_exact-aware-popularity-rank
2026-06-12,2026-06-12T05:08:41+00:00,Competitor Store 5,seller,seller,ZuneArt (Warrior),1,B0FMKBY371,2,2,2,display_order,2,C1,,,,,,,no,https://www.amazon.com/Personalized-Favorite-People-Vintage-Washed/dp/B0FMKBY371/ref=cs_sr_dp_loc_2?dib=eyJ2IjoiMSJ9.yFxQtnWeSmxGjFvENNUjduY-hiU5yfBVrgDOVubCI4hSAUqlUH8MUF47d6xe_oHdRPcDkq1LsiU36t4yv5o_5M7sSZkGblAmly3F7QeLoRerFXUM2W1gFproYXgK29fqkW4kAwhraY-JIzXolurnMN5csr7WkuAoP4RhnvcNK2i8j51vSbP1RAPcz51K1D43DJOxytORuRDOzdHleLE-ppknMS5g3IxGkqQOnd1U5lA.NKfWeopxByYUvMkdi5Ls6WnqSOQbtbEODDq09A3wW4Y&dib_tag=se&m=A15T7O8I2EPBUZ&marketplaceID=ATVPDKIKX0DER&nsdOptOutParam=true&qid=1781240984&s=merchant-items&sr=1-1,,https://www.amazon.com/s?i=merchant-items&me=A15T7O8I2EPBUZ&s=exact-aware-popularity-rank&ds=v1%3A31fy69i5WkDT%2BCKADsgzf0KJ5dDH21fVCGztsujN%2Fic&marketplaceID=ATVPDKIKX0DER&qid=1776046083&ref=sr_st_exact-aware-popularity-rank
2026-06-12,2026-06-12T05:08:41+00:00,Competitor Store 5,seller,seller,ZuneArt (Warrior),1,B0FMKBMQZG,3,3,3,display_order,3,C2,,,,,,,no,https://www.amazon.com/Personalized-Favorite-People-Vintage-Washed/dp/B0FMKBMQZG/ref=cs_sr_dp_loc_3?dib=eyJ2IjoiMSJ9.yFxQtnWeSmxGjFvENNUjduY-hiU5yfBVrgDOVubCI4hSAUqlUH8MUF47d6xe_oHdRPcDkq1LsiU36t4yv5o_5M7sSZkGblAmly3F7QeLoRerFXUM2W1gFproYXgK29fqkW4kAwhraY-JIzXolurnMN5csr7WkuAoP4RhnvcNK2i8j51vSbP1RAPcz51K1D43DJOxytORuRDOzdHleLE-ppknMS5g3IxGkqQOnd1U5lA.NKfWeopxByYUvMkdi5Ls6WnqSOQbtbEODDq09A3wW4Y&dib_tag=se&m=A15T7O8I2EPBUZ&marketplaceID=ATVPDKIKX0DER&nsdOptOutParam=true&qid=1781240984&s=merchant-items&sr=1-1,,https://www.amazon.com/s?i=merchant-items&me=A15T7O8I2EPBUZ&s=exact-aware-popularity-rank&ds=v1%3A31fy69i5WkDT%2BCKADsgzf0KJ5dDH21fVCGztsujN%2Fic&marketplaceID=ATVPDKIKX0DER&qid=1776046083&ref=sr_st_exact-aware-popularity-rank
2026-06-12,2026-06-12T05:08:41+00:00,Competitor Store 5,seller,seller,ZuneArt (Warrior),1,B0G1SV64X4,4,4,4,display_order,4,C6,,,,,,,no,https://www.amazon.com/Personalized-Favorite-People-Vintage-Washed/dp/B0G1SV64X4/ref=cs_sr_dp_loc_4?dib=eyJ2IjoiMSJ9.yFxQtnWeSmxGjFvENNUjduY-hiU5yfBVrgDOVubCI4hSAUqlUH8MUF47d6xe_oHdRPcDkq1LsiU36t4yv5o_5M7sSZkGblAmly3F7QeLoRerFXUM2W1gFproYXgK29fqkW4kAwhraY-JIzXolurnMN5csr7WkuAoP4RhnvcNK2i8j51vSbP1RAPcz51K1D43DJOxytORuRDOzdHleLE-ppknMS5g3IxGkqQOnd1U5lA.NKfWeopxByYUvMkdi5Ls6WnqSOQbtbEODDq09A3wW4Y&dib_tag=se&m=A15T7O8I2EPBUZ&marketplaceID=ATVPDKIKX0DER&nsdOptOutParam=true&qid=1781240984&s=merchant-items&sr=1-1,,https://www.amazon.com/s?i=merchant-items&me=A15T7O8I2EPBUZ&s=exact-aware-popularity-rank&ds=v1%3A31fy69i5WkDT%2BCKADsgzf0KJ5dDH21fVCGztsujN%2Fic&marketplaceID=ATVPDKIKX0DER&qid=1776046083&ref=sr_st_exact-aware-popularity-rank
2026-06-12,2026-06-12T05:08:41+00:00,Competitor Store 5,seller,seller,ZuneArt (Warrior),1,B0H25KZYJY,5,5,5,display_order,5,"Dad Forget Fathers Day We Love You Everyday - Personalized Leather Charging Mat, Custom Names Faux Leather Wireless Charge...",,,,,,,no,https://www.amazon.com/Dad-Forget-Fathers-Love-Everyday/dp/B0H25KZYJY/ref=sr_1_2?dib=eyJ2IjoiMSJ9.yFxQtnWeSmxGjFvENNUjduY-hiU5yfBVrgDOVubCI4hSAUqlUH8MUF47d6xe_oHdRPcDkq1LsiU36t4yv5o_5M7sSZkGblAmly3F7QeLoRerFXUM2W1gFproYXgK29fqkW4kAwhraY-JIzXolurnMN5csr7WkuAoP4RhnvcNK2i8j51vSbP1RAPcz51K1D43DJOxytORuRDOzdHleLE-ppknMS5g3IxGkqQOnd1U5lA.NKfWeopxByYUvMkdi5Ls6WnqSOQbtbEODDq09A3wW4Y&dib_tag=se&m=A15T7O8I2EPBUZ&marketplaceID=ATVPDKIKX0DER&nsdOptOutParam=true&qid=1781240984&s=merchant-items&sr=1-2,https://m.media-amazon.com/images/I/71psjWh6qgL._AC_UY218_.jpg,https://www.amazon.com/s?i=merchant-items&me=A15T7O8I2EPBUZ&s=exact-aware-popularity-rank&ds=v1%3A31fy69i5WkDT%2BCKADsgzf0KJ5dDH21fVCGztsujN%2Fic&marketplaceID=ATVPDKIKX0DER&qid=1776046083&ref=sr_st_exact-aware-popularity-rank
2026-06-12,2026-06-12T05:08:41+00:00,Competitor Store 5,seller,seller,ZuneArt (Warrior),1,B0H25N69M9,6,6,6,display_order,6,"Dad Forget Fathers Day We Love You Everyday - Personalized Leather Charging Mat, Custom Names Faux Leather Wireless Charge...",,,,,,,no,https://www.amazon.com/Dad-Forget-Fathers-Love-Everyday/dp/B0H25N69M9/ref=sr_1_3?dib=eyJ2IjoiMSJ9.yFxQtnWeSmxGjFvENNUjduY-hiU5yfBVrgDOVubCI4hSAUqlUH8MUF47d6xe_oHdRPcDkq1LsiU36t4yv5o_5M7sSZkGblAmly3F7QeLoRerFXUM2W1gFproYXgK29fqkW4kAwhraY-JIzXolurnMN5csr7WkuAoP4RhnvcNK2i8j51vSbP1RAPcz51K1D43DJOxytORuRDOzdHleLE-ppknMS5g3IxGkqQOnd1U5lA.NKfWeopxByYUvMkdi5Ls6WnqSOQbtbEODDq09A3wW4Y&dib_tag=se&m=A15T7O8I2EPBUZ&marketplaceID=ATVPDKIKX0DER&nsdOptOutParam=true&qid=1781240984&s=merchant-items&sr=1-3,https://m.media-amazon.com/images/I/71p+OOD6AnL._AC_UY218_.jpg,https://www.amazon.com/s?i=merchant-items&me=A15T7O8I2EPBUZ&s=exact-aware-popularity-rank&ds=v1%3A31fy69i5WkDT%2BCKADsgzf0KJ5dDH21fVCGztsujN%2Fic&marketplaceID=ATVPDKIKX0DER&qid=1776046083&ref=sr_st_exact-aware-popularity-rank
2026-06-12,2026-06-12T05:08:41+00:00,Competitor Store 5,seller,seller,ZuneArt (Warrior),1,B0H26WYCDV,7,7,7,display_order,7,"Adventure Partners for Life Couple Gift - Personalized Solar Mason Jar Light, Custom Camping Couple Lantern for Husband Wi...",,,,,,,no,https://www.amazon.com/Adventure-Partners-Life-Couple-Gift/dp/B0H26WYCDV/ref=sr_1_4?dib=eyJ2IjoiMSJ9.yFxQtnWeSmxGjFvENNUjduY-hiU5yfBVrgDOVubCI4hSAUqlUH8MUF47d6xe_oHdRPcDkq1LsiU36t4yv5o_5M7sSZkGblAmly3F7QeLoRerFXUM2W1gFproYXgK29fqkW4kAwhraY-JIzXolurnMN5csr7WkuAoP4RhnvcNK2i8j51vSbP1RAPcz51K1D43DJOxytORuRDOzdHleLE-ppknMS5g3IxGkqQOnd1U5lA.NKfWeopxByYUvMkdi5Ls6WnqSOQbtbEODDq09A3wW4Y&dib_tag=se&m=A15T7O8I2EPBUZ&marketplaceID=ATVPDKIKX0DER&nsdOptOutParam=true&qid=1781240984&s=merchant-items&sr=1-4,https://m.media-amazon.com/images/I/61x6jhtqLUL._AC_UY218_.jpg,https://www.amazon.com/s?i=merchant-items&me=A15T7O8I2EPBUZ&s=exact-aware-popularity-rank&ds=v1%3A31fy69i5WkDT%2BCKADsgzf0KJ5dDH21fVCGztsujN%2Fic&marketplaceID=ATVPDKIKX0DER&qid=1776046083&ref=sr_st_exact-aware-popularity-rank
2026-06-12,2026-06-12T05:08:41+00:00,Competitor Store 5,seller,seller,ZuneArt (Warrior),1,B0H25M6D8B,8,8,8,display_order,8,"Dad Sketch Line Art Custom Photo for Dad, Husband - Personalized Charging Pad, Custom Photo Sketch Line Art Wireless Charg...",,,,,,,no,https://www.amazon.com/Sketch-Line-Custom-Photo-Husband/dp/B0H25M6D8B/ref=sr_1_5?dib=eyJ2IjoiMSJ9.yFxQtnWeSmxGjFvENNUjduY-hiU5yfBVrgDOVubCI4hSAUqlUH8MUF47d6xe_oHdRPcDkq1LsiU36t4yv5o_5M7sSZkGblAmly3F7QeLoRerFXUM2W1gFproYXgK29fqkW4kAwhraY-JIzXolurnMN5csr7WkuAoP4RhnvcNK2i8j51vSbP1RAPcz51K1D43DJOxytORuRDOzdHleLE-ppknMS5g3IxGkqQOnd1U5lA.NKfWeopxByYUvMkdi5Ls6WnqSOQbtbEODDq09A3wW4Y&dib_tag=se&m=A15T7O8I2EPBUZ&marketplaceID=ATVPDKIKX0DER&nsdOptOutParam=true&qid=1781240984&s=merchant-items&sr=1-5,https://m.media-amazon.com/images/I/61kTvLddmEL._AC_UY218_.jpg,https://www.amazon.com/s?i=merchant-items&me=A15T7O8I2EPBUZ&s=exact-aware-popularity-rank&ds=v1%3A31fy69i5WkDT%2BCKADsgzf0KJ5dDH21fVCGztsujN%2Fic&marketplaceID=ATVPDKIKX0DER&qid=1776046083&ref=sr_st_exact-aware-popularity-rank
2026-06-12,2026-06-12T05:08:41+00:00,Competitor Store 5,seller,seller,ZuneArt (Warrior),1,B0GLZ72HQ8,9,9,9,display_order,9,"TM TEEMAN Love Sewing Stained Glass - Personalized Accent Mug, Custom Name Sewing Machine Coffee Cup for Crafters, Sewers...",,,,,,,no,https://www.amazon.com/TM-TEEMAN-Sewing-Stained-Glass/dp/B0GLZ72HQ8/ref=sr_1_6?dib=eyJ2IjoiMSJ9.yFxQtnWeSmxGjFvENNUjduY-hiU5yfBVrgDOVubCI4hSAUqlUH8MUF47d6xe_oHdRPcDkq1LsiU36t4yv5o_5M7sSZkGblAmly3F7QeLoRerFXUM2W1gFproYXgK29fqkW4kAwhraY-JIzXolurnMN5csr7WkuAoP4RhnvcNK2i8j51vSbP1RAPcz51K1D43DJOxytORuRDOzdHleLE-ppknMS5g3IxGkqQOnd1U5lA.NKfWeopxByYUvMkdi5Ls6WnqSOQbtbEODDq09A3wW4Y&dib_tag=se&m=A15T7O8I2EPBUZ&marketplaceID=ATVPDKIKX0DER&nsdOptOutParam=true&qid=1781240984&s=merchant-items&sr=1-6,https://m.media-amazon.com/images/I/61gzWipm3hL._AC_UY218_.jpg,https://www.amazon.com/s?i=merchant-items&me=A15T7O8I2EPBUZ&s=exact-aware-popularity-rank&ds=v1%3A31fy69i5WkDT%2BCKADsgzf0KJ5dDH21fVCGztsujN%2Fic&marketplaceID=ATVPDKIKX0DER&qid=1776046083&ref=sr_st_exact-aware-popularity-rank
2026-06-12,2026-06-12T05:08:41+00:00,Competitor Store 5,seller,seller,ZuneArt (Warrior),1,B0FNVGYRQ2,10,10,10,display_order,10,"Custom Fishing Magazine Cover, Personalized Fishing Gifts for Men, Fly Fishing Gifts for Him, Fishing Dad Gift, Angler Fun...",,,,,,,no,https://www.amazon.com/Fishing-Magazine-Personalized-Fisherman-Memories/dp/B0FNVGYRQ2/ref=sr_1_7?dib=eyJ2IjoiMSJ9.yFxQtnWeSmxGjFvENNUjduY-hiU5yfBVrgDOVubCI4hSAUqlUH8MUF47d6xe_oHdRPcDkq1LsiU36t4yv5o_5M7sSZkGblAmly3F7QeLoRerFXUM2W1gFproYXgK29fqkW4kAwhraY-JIzXolurnMN5csr7WkuAoP4RhnvcNK2i8j51vSbP1RAPcz51K1D43DJOxytORuRDOzdHleLE-ppknMS5g3IxGkqQOnd1U5lA.NKfWeopxByYUvMkdi5Ls6WnqSOQbtbEODDq09A3wW4Y&dib_tag=se&m=A15T7O8I2EPBUZ&marketplaceID=ATVPDKIKX0DER&nsdOptOutParam=true&qid=1781240984&s=merchant-items&sr=1-7,https://m.media-amazon.com/images/I/61zPZbt3ShL._AC_UY218_.jpg,https://www.amazon.com/s?i=merchant-items&me=A15T7O8I2EPBUZ&s=exact-aware-popularity-rank&ds=v1%3A31fy69i5WkDT%2BCKADsgzf0KJ5dDH21fVCGztsujN%2Fic&marketplaceID=ATVPDKIKX0DER&qid=1776046083&ref=sr_st_exact-aware-popularity-rank
2026-06-12,2026-06-12T05:08:41+00:00,Competitor Store 5,seller,seller,ZuneArt (Warrior),1,B0FP8Y3L94,11,11,11,display_order,11,"To My Grandson, Watching You Grow, Love From Grandma, Pocket Watch, Gift For Grandsons, To My Son Personalized Engraved Po...",,,,,,,no,https://www.amazon.com/Grandson-Watching-Grandsons-Personalized-Engraved/dp/B0FP8Y3L94/ref=sr_1_8?dib=eyJ2IjoiMSJ9.yFxQtnWeSmxGjFvENNUjduY-hiU5yfBVrgDOVubCI4hSAUqlUH8MUF47d6xe_oHdRPcDkq1LsiU36t4yv5o_5M7sSZkGblAmly3F7QeLoRerFXUM2W1gFproYXgK29fqkW4kAwhraY-JIzXolurnMN5csr7WkuAoP4RhnvcNK2i8j51vSbP1RAPcz51K1D43DJOxytORuRDOzdHleLE-ppknMS5g3IxGkqQOnd1U5lA.NKfWeopxByYUvMkdi5Ls6WnqSOQbtbEODDq09A3wW4Y&dib_tag=se&m=A15T7O8I2EPBUZ&marketplaceID=ATVPDKIKX0DER&nsdOptOutParam=true&qid=1781240984&s=merchant-items&sr=1-8,https://m.media-amazon.com/images/I/61r5IEBnb-L._AC_UY218_.jpg,https://www.amazon.com/s?i=merchant-items&me=A15T7O8I2EPBUZ&s=exact-aware-popularity-rank&ds=v1%3A31fy69i5WkDT%2BCKADsgzf0KJ5dDH21fVCGztsujN%2Fic&marketplaceID=ATVPDKIKX0DER&qid=1776046083&ref=sr_st_exact-aware-popularity-rank
2026-06-12,2026-06-12T05:08:41+00:00,Competitor Store 5,seller,seller,ZuneArt (Warrior),1,B0H2B1QK9L,12,12,12,display_order,12,"Dad Forget Fathers Day We Love You Everyday - Personalized Leather Charging Mat, Custom Names Faux Leather Wireless Charge...",,,,,,,no,https://www.amazon.com/Dad-Forget-Fathers-Love-Everyday/dp/B0H2B1QK9L/ref=sr_1_9?dib=eyJ2IjoiMSJ9.yFxQtnWeSmxGjFvENNUjduY-hiU5yfBVrgDOVubCI4hSAUqlUH8MUF47d6xe_oHdRPcDkq1LsiU36t4yv5o_5M7sSZkGblAmly3F7QeLoRerFXUM2W1gFproYXgK29fqkW4kAwhraY-JIzXolurnMN5csr7WkuAoP4RhnvcNK2i8j51vSbP1RAPcz51K1D43DJOxytORuRDOzdHleLE-ppknMS5g3IxGkqQOnd1U5lA.NKfWeopxByYUvMkdi5Ls6WnqSOQbtbEODDq09A3wW4Y&dib_tag=se&m=A15T7O8I2EPBUZ&marketplaceID=ATVPDKIKX0DER&nsdOptOutParam=true&qid=1781240984&s=merchant-items&sr=1-9,https://m.media-amazon.com/images/I/71yQroDTqoL._AC_UY218_.jpg,https://www.amazon.com/s?i=merchant-items&me=A15T7O8I2EPBUZ&s=exact-aware-popularity-rank&ds=v1%3A31fy69i5WkDT%2BCKADsgzf0KJ5dDH21fVCGztsujN%2Fic&marketplaceID=ATVPDKIKX0DER&qid=1776046083&ref=sr_st_exact-aware-popularity-rank
2026-06-12,2026-06-12T05:08:41+00:00,Competitor Store 5,seller,seller,ZuneArt (Warrior),1,B0H2HV2M6B,13,13,13,display_order,13,"Classic Edition - Personalized Custom Vintage Washed Denim Cap, Custom Year Classic Limited Edition Baseball Hat for Dad, ...",,,,,,,no,https://www.amazon.com/Classic-Personalized-Vintage-Baseball-Birthday/dp/B0H2HV2M6B/ref=sr_1_10?dib=eyJ2IjoiMSJ9.yFxQtnWeSmxGjFvENNUjduY-hiU5yfBVrgDOVubCI4hSAUqlUH8MUF47d6xe_oHdRPcDkq1LsiU36t4yv5o_5M7sSZkGblAmly3F7QeLoRerFXUM2W1gFproYXgK29fqkW4kAwhraY-JIzXolurnMN5csr7WkuAoP4RhnvcNK2i8j51vSbP1RAPcz51K1D43DJOxytORuRDOzdHleLE-ppknMS5g3IxGkqQOnd1U5lA.NKfWeopxByYUvMkdi5Ls6WnqSOQbtbEODDq09A3wW4Y&dib_tag=se&m=A15T7O8I2EPBUZ&marketplaceID=ATVPDKIKX0DER&nsdOptOutParam=true&qid=1781240984&s=merchant-items&sr=1-10,https://m.media-amazon.com/images/I/61d1+KfPlfL._AC_UY218_.jpg,https://www.amazon.com/s?i=merchant-items&me=A15T7O8I2EPBUZ&s=exact-aware-popularity-rank&ds=v1%3A31fy69i5WkDT%2BCKADsgzf0KJ5dDH21fVCGztsujN%2Fic&marketplaceID=ATVPDKIKX0DER&qid=1776046083&ref=sr_st_exact-aware-popularity-rank
2026-06-12,2026-06-12T05:08:41+00:00,Competitor Store 5,seller,seller,ZuneArt (Warrior),1,B0H1SBJVYM,14,14,14,display_order,14,"Custom Moon Phase By Date Gift For Dad Father's Day Keepsake - Personalized Night Light, This is What The Moon Looked Like...",,,,,,,no,https://www.amazon.com/Custom-Moon-Phase-Fathers-Keepsake/dp/B0H1SBJVYM/ref=sr_1_11?dib=eyJ2IjoiMSJ9.yFxQtnWeSmxGjFvENNUjduY-hiU5yfBVrgDOVubCI4hSAUqlUH8MUF47d6xe_oHdRPcDkq1LsiU36t4yv5o_5M7sSZkGblAmly3F7QeLoRerFXUM2W1gFproYXgK29fqkW4kAwhraY-JIzXolurnMN5csr7WkuAoP4RhnvcNK2i8j51vSbP1RAPcz51K1D43DJOxytORuRDOzdHleLE-ppknMS5g3IxGkqQOnd1U5lA.NKfWeopxByYUvMkdi5Ls6WnqSOQbtbEODDq09A3wW4Y&dib_tag=se&m=A15T7O8I2EPBUZ&marketplaceID=ATVPDKIKX0DER&nsdOptOutParam=true&qid=1781240984&s=merchant-items&sr=1-11,https://m.media-amazon.com/images/I/61u6kEnN-TL._AC_UY218_.jpg,https://www.amazon.com/s?i=merchant-items&me=A15T7O8I2EPBUZ&s=exact-aware-popularity-rank&ds=v1%3A31fy69i5WkDT%2BCKADsgzf0KJ5dDH21fVCGztsujN%2Fic&marketplaceID=ATVPDKIKX0DER&qid=1776046083&ref=sr_st_exact-aware-popularity-rank
2026-06-12,2026-06-12T05:08:41+00:00,Competitor Store 5,seller,seller,ZuneArt (Warrior),1,B0F1D58RY9,15,15,15,display_order,15,My Mind Still Talks to You Personalized Memorial Car Visor Clip with Picture - Custom Cardinal Memorial Gifts for Loss of ...,,,,,,,no,https://www.amazon.com/Still-Talks-Personalized-Memorial-Picture/dp/B0F1D58RY9/ref=sr_1_12?dib=eyJ2IjoiMSJ9.yFxQtnWeSmxGjFvENNUjduY-hiU5yfBVrgDOVubCI4hSAUqlUH8MUF47d6xe_oHdRPcDkq1LsiU36t4yv5o_5M7sSZkGblAmly3F7QeLoRerFXUM2W1gFproYXgK29fqkW4kAwhraY-JIzXolurnMN5csr7WkuAoP4RhnvcNK2i8j51vSbP1RAPcz51K1D43DJOxytORuRDOzdHleLE-ppknMS5g3IxGkqQOnd1U5lA.NKfWeopxByYUvMkdi5Ls6WnqSOQbtbEODDq09A3wW4Y&dib_tag=se&m=A15T7O8I2EPBUZ&marketplaceID=ATVPDKIKX0DER&nsdOptOutParam=true&qid=1781240984&s=merchant-items&sr=1-12,https://m.media-amazon.com/images/I/717f-B-oNrL._AC_UY218_.jpg,https://www.amazon.com/s?i=merchant-items&me=A15T7O8I2EPBUZ&s=exact-aware-popularity-rank&ds=v1%3A31fy69i5WkDT%2BCKADsgzf0KJ5dDH21fVCGztsujN%2Fic&marketplaceID=ATVPDKIKX0DER&qid=1776046083&ref=sr_st_exact-aware-popularity-rank
2026-06-12,2026-06-12T05:08:41+00:00,Competitor Store 5,seller,seller,ZuneArt (Warrior),1,B0H26TFVRT,16,16,16,display_order,16,"Adventure Partners for Life Couple Gift - Personalized Solar Mason Jar Light, Custom Camping Couple Lantern for Husband Wi...",,,,,,,no,https://www.amazon.com/Adventure-Partners-Life-Couple-Gift/dp/B0H26TFVRT/ref=sr_1_13?dib=eyJ2IjoiMSJ9.yFxQtnWeSmxGjFvENNUjduY-hiU5yfBVrgDOVubCI4hSAUqlUH8MUF47d6xe_oHdRPcDkq1LsiU36t4yv5o_5M7sSZkGblAmly3F7QeLoRerFXUM2W1gFproYXgK29fqkW4kAwhraY-JIzXolurnMN5csr7WkuAoP4RhnvcNK2i8j51vSbP1RAPcz51K1D43DJOxytORuRDOzdHleLE-ppknMS5g3IxGkqQOnd1U5lA.NKfWeopxByYUvMkdi5Ls6WnqSOQbtbEODDq09A3wW4Y&dib_tag=se&m=A15T7O8I2EPBUZ&marketplaceID=ATVPDKIKX0DER&nsdOptOutParam=true&qid=1781240984&s=merchant-items&sr=1-13,https://m.media-amazon.com/images/I/61nwHBmuSDL._AC_UY218_.jpg,https://www.amazon.com/s?i=merchant-items&me=A15T7O8I2EPBUZ&s=exact-aware-popularity-rank&ds=v1%3A31fy69i5WkDT%2BCKADsgzf0KJ5dDH21fVCGztsujN%2Fic&marketplaceID=ATVPDKIKX0DER&qid=1776046083&ref=sr_st_exact-aware-popularity-rank
2026-06-12,2026-06-12T05:08:41+00:00,Competitor Store 5,seller,seller,ZuneArt (Warrior),1,B0H26D7CSC,17,17,17,display_order,17,"Adventure Partners for Life Couple Gift - Personalized Solar Mason Jar Light, Custom Camping Couple Lantern for Husband Wi...",,,,,,,no,https://www.amazon.com/Adventure-Partners-Life-Couple-Gift/dp/B0H26D7CSC/ref=sr_1_14?dib=eyJ2IjoiMSJ9.yFxQtnWeSmxGjFvENNUjduY-hiU5yfBVrgDOVubCI4hSAUqlUH8MUF47d6xe_oHdRPcDkq1LsiU36t4yv5o_5M7sSZkGblAmly3F7QeLoRerFXUM2W1gFproYXgK29fqkW4kAwhraY-JIzXolurnMN5csr7WkuAoP4RhnvcNK2i8j51vSbP1RAPcz51K1D43DJOxytORuRDOzdHleLE-ppknMS5g3IxGkqQOnd1U5lA.NKfWeopxByYUvMkdi5Ls6WnqSOQbtbEODDq09A3wW4Y&dib_tag=se&m=A15T7O8I2EPBUZ&marketplaceID=ATVPDKIKX0DER&nsdOptOutParam=true&qid=1781240984&s=merchant-items&sr=1-14,https://m.media-amazon.com/images/I/617SJOFuZcL._AC_UY218_.jpg,https://www.amazon.com/s?i=merchant-items&me=A15T7O8I2EPBUZ&s=exact-aware-popularity-rank&ds=v1%3A31fy69i5WkDT%2BCKADsgzf0KJ5dDH21fVCGztsujN%2Fic&marketplaceID=ATVPDKIKX0DER&qid=1776046083&ref=sr_st_exact-aware-popularity-rank
2026-06-12,2026-06-12T05:08:41+00:00,Competitor Store 5,seller,seller,ZuneArt (Warrior),1,B0GG1HRR6B,18,18,18,display_order,18,"TM TEEMAN Custom Moon Phase Crystal Ball LED Night Light, Personalized Our Moon Special Day Anniversary, Valentines Day Gi...",,,,,,,no,https://www.amazon.com/TM-TEEMAN-Personalized-Anniversary-Valentines/dp/B0GG1HRR6B/ref=sr_1_15?dib=eyJ2IjoiMSJ9.yFxQtnWeSmxGjFvENNUjduY-hiU5yfBVrgDOVubCI4hSAUqlUH8MUF47d6xe_oHdRPcDkq1LsiU36t4yv5o_5M7sSZkGblAmly3F7QeLoRerFXUM2W1gFproYXgK29fqkW4kAwhraY-JIzXolurnMN5csr7WkuAoP4RhnvcNK2i8j51vSbP1RAPcz51K1D43DJOxytORuRDOzdHleLE-ppknMS5g3IxGkqQOnd1U5lA.NKfWeopxByYUvMkdi5Ls6WnqSOQbtbEODDq09A3wW4Y&dib_tag=se&m=A15T7O8I2EPBUZ&marketplaceID=ATVPDKIKX0DER&nsdOptOutParam=true&qid=1781240984&s=merchant-items&sr=1-15,https://m.media-amazon.com/images/I/51uNq7UyqkL._AC_UY218_.jpg,https://www.amazon.com/s?i=merchant-items&me=A15T7O8I2EPBUZ&s=exact-aware-popularity-rank&ds=v1%3A31fy69i5WkDT%2BCKADsgzf0KJ5dDH21fVCGztsujN%2Fic&marketplaceID=ATVPDKIKX0DER&qid=1776046083&ref=sr_st_exact-aware-popularity-rank
2026-06-12,2026-06-12T05:08:41+00:00,Competitor Store 5,seller,seller,ZuneArt (Warrior),1,B0GGZ4WFVC,19,19,19,display_order,19,YOU & ME (1),,,,,,,no,https://www.amazon.com/TM-TEEMAN-Personalized-Anniversary-Valentines/dp/B0GGZ4WFVC/ref=cs_sr_dp_loc_2?dib=eyJ2IjoiMSJ9.yFxQtnWeSmxGjFvENNUjduY-hiU5yfBVrgDOVubCI4hSAUqlUH8MUF47d6xe_oHdRPcDkq1LsiU36t4yv5o_5M7sSZkGblAmly3F7QeLoRerFXUM2W1gFproYXgK29fqkW4kAwhraY-JIzXolurnMN5csr7WkuAoP4RhnvcNK2i8j51vSbP1RAPcz51K1D43DJOxytORuRDOzdHleLE-ppknMS5g3IxGkqQOnd1U5lA.NKfWeopxByYUvMkdi5Ls6WnqSOQbtbEODDq09A3wW4Y&dib_tag=se&m=A15T7O8I2EPBUZ&marketplaceID=ATVPDKIKX0DER&nsdOptOutParam=true&qid=1781240984&s=merchant-items&sr=1-15,,https://www.amazon.com/s?i=merchant-items&me=A15T7O8I2EPBUZ&s=exact-aware-popularity-rank&ds=v1%3A31fy69i5WkDT%2BCKADsgzf0KJ5dDH21fVCGztsujN%2Fic&marketplaceID=ATVPDKIKX0DER&qid=1776046083&ref=sr_st_exact-aware-popularity-rank
2026-06-12,2026-06-12T05:08:41+00:00,Competitor Store 5,seller,seller,ZuneArt (Warrior),1,B0GGZ2RKS3,20,20,20,display_order,20,STAR MAP 1,,,,,,,no,https://www.amazon.com/TM-TEEMAN-Personalized-Anniversary-Valentines/dp/B0GGZ2RKS3/ref=cs_sr_dp_loc_3?dib=eyJ2IjoiMSJ9.yFxQtnWeSmxGjFvENNUjduY-hiU5yfBVrgDOVubCI4hSAUqlUH8MUF47d6xe_oHdRPcDkq1LsiU36t4yv5o_5M7sSZkGblAmly3F7QeLoRerFXUM2W1gFproYXgK29fqkW4kAwhraY-JIzXolurnMN5csr7WkuAoP4RhnvcNK2i8j51vSbP1RAPcz51K1D43DJOxytORuRDOzdHleLE-ppknMS5g3IxGkqQOnd1U5lA.NKfWeopxByYUvMkdi5Ls6WnqSOQbtbEODDq09A3wW4Y&dib_tag=se&m=A15T7O8I2EPBUZ&marketplaceID=ATVPDKIKX0DER&nsdOptOutParam=true&qid=1781240984&s=merchant-items&sr=1-15,,https://www.amazon.com/s?i=merchant-items&me=A15T7O8I2EPBUZ&s=exact-aware-popularity-rank&ds=v1%3A31fy69i5WkDT%2BCKADsgzf0KJ5dDH21fVCGztsujN%2Fic&marketplaceID=ATVPDKIKX0DER&qid=1776046083&ref=sr_st_exact-aware-popularity-rank
2026-06-12,2026-06-12T05:08:41+00:00,Competitor Store 5,seller,seller,ZuneArt (Warrior),1,B0GGH1STV9,21,21,21,display_order,21,MOON PHASE 1,,,,,,,no,https://www.amazon.com/TM-TEEMAN-Personalized-Anniversary-Valentines/dp/B0GGH1STV9/ref=cs_sr_dp_loc_4?dib=eyJ2IjoiMSJ9.yFxQtnWeSmxGjFvENNUjduY-hiU5yfBVrgDOVubCI4hSAUqlUH8MUF47d6xe_oHdRPcDkq1LsiU36t4yv5o_5M7sSZkGblAmly3F7QeLoRerFXUM2W1gFproYXgK29fqkW4kAwhraY-JIzXolurnMN5csr7WkuAoP4RhnvcNK2i8j51vSbP1RAPcz51K1D43DJOxytORuRDOzdHleLE-ppknMS5g3IxGkqQOnd1U5lA.NKfWeopxByYUvMkdi5Ls6WnqSOQbtbEODDq09A3wW4Y&dib_tag=se&m=A15T7O8I2EPBUZ&marketplaceID=ATVPDKIKX0DER&nsdOptOutParam=true&qid=1781240984&s=merchant-items&sr=1-15,,https://www.amazon.com/s?i=merchant-items&me=A15T7O8I2EPBUZ&s=exact-aware-popularity-rank&ds=v1%3A31fy69i5WkDT%2BCKADsgzf0KJ5dDH21fVCGztsujN%2Fic&marketplaceID=ATVPDKIKX0DER&qid=1776046083&ref=sr_st_exact-aware-popularity-rank
2026-06-12,2026-06-12T05:08:41+00:00,Competitor Store 5,seller,seller,ZuneArt (Warrior),1,B0GGYXNY7N,22,22,22,display_order,22,STAR MAP 2,,,,,,,no,https://www.amazon.com/TM-TEEMAN-Personalized-Anniversary-Valentines/dp/B0GGYXNY7N/ref=cs_sr_dp_loc_5?dib=eyJ2IjoiMSJ9.yFxQtnWeSmxGjFvENNUjduY-hiU5yfBVrgDOVubCI4hSAUqlUH8MUF47d6xe_oHdRPcDkq1LsiU36t4yv5o_5M7sSZkGblAmly3F7QeLoRerFXUM2W1gFproYXgK29fqkW4kAwhraY-JIzXolurnMN5csr7WkuAoP4RhnvcNK2i8j51vSbP1RAPcz51K1D43DJOxytORuRDOzdHleLE-ppknMS5g3IxGkqQOnd1U5lA.NKfWeopxByYUvMkdi5Ls6WnqSOQbtbEODDq09A3wW4Y&dib_tag=se&m=A15T7O8I2EPBUZ&marketplaceID=ATVPDKIKX0DER&nsdOptOutParam=true&qid=1781240984&s=merchant-items&sr=1-15,,https://www.amazon.com/s?i=merchant-items&me=A15T7O8I2EPBUZ&s=exact-aware-popularity-rank&ds=v1%3A31fy69i5WkDT%2BCKADsgzf0KJ5dDH21fVCGztsujN%2Fic&marketplaceID=ATVPDKIKX0DER&qid=1776046083&ref=sr_st_exact-aware-popularity-rank
2026-06-12,2026-06-12T05:08:41+00:00,Competitor Store 5,seller,seller,ZuneArt (Warrior),1,B0GGBJ1TFT,23,23,23,display_order,23,Y2K COUPLE,,,,,,,no,https://www.amazon.com/TM-TEEMAN-Personalized-Anniversary-Valentines/dp/B0GGBJ1TFT/ref=cs_sr_dp_loc_6?dib=eyJ2IjoiMSJ9.yFxQtnWeSmxGjFvENNUjduY-hiU5yfBVrgDOVubCI4hSAUqlUH8MUF47d6xe_oHdRPcDkq1LsiU36t4yv5o_5M7sSZkGblAmly3F7QeLoRerFXUM2W1gFproYXgK29fqkW4kAwhraY-JIzXolurnMN5csr7WkuAoP4RhnvcNK2i8j51vSbP1RAPcz51K1D43DJOxytORuRDOzdHleLE-ppknMS5g3IxGkqQOnd1U5lA.NKfWeopxByYUvMkdi5Ls6WnqSOQbtbEODDq09A3wW4Y&dib_tag=se&m=A15T7O8I2EPBUZ&marketplaceID=ATVPDKIKX0DER&nsdOptOutParam=true&qid=1781240984&s=merchant-items&sr=1-15,,https://www.amazon.com/s?i=merchant-items&me=A15T7O8I2EPBUZ&s=exact-aware-popularity-rank&ds=v1%3A31fy69i5WkDT%2BCKADsgzf0KJ5dDH21fVCGztsujN%2Fic&marketplaceID=ATVPDKIKX0DER&qid=1776046083&ref=sr_st_exact-aware-popularity-rank
2026-06-12,2026-06-12T05:08:41+00:00,Competitor Store 5,seller,seller,ZuneArt (Warrior),1,B0H262XV8V,24,24,24,display_order,24,"Classic Limited Edition - Father's Day, Birthday Gifts, Vintage for Him, Dad, Husband, Grandpa - Personalized Cap, Custom ...",,,,,,,no,https://www.amazon.com/Classic-Limited-Birthday-Personalized-Baseball/dp/B0H262XV8V/ref=sr_1_16?dib=eyJ2IjoiMSJ9.yFxQtnWeSmxGjFvENNUjduY-hiU5yfBVrgDOVubCI4hSAUqlUH8MUF47d6xe_oHdRPcDkq1LsiU36t4yv5o_5M7sSZkGblAmly3F7QeLoRerFXUM2W1gFproYXgK29fqkW4kAwhraY-JIzXolurnMN5csr7WkuAoP4RhnvcNK2i8j51vSbP1RAPcz51K1D43DJOxytORuRDOzdHleLE-ppknMS5g3IxGkqQOnd1U5lA.NKfWeopxByYUvMkdi5Ls6WnqSOQbtbEODDq09A3wW4Y&dib_tag=se&m=A15T7O8I2EPBUZ&marketplaceID=ATVPDKIKX0DER&nsdOptOutParam=true&qid=1781240984&s=merchant-items&sr=1-16,https://m.media-amazon.com/images/I/61Qvmqos-DL._AC_UY218_.jpg,https://www.amazon.com/s?i=merchant-items&me=A15T7O8I2EPBUZ&s=exact-aware-popularity-rank&ds=v1%3A31fy69i5WkDT%2BCKADsgzf0KJ5dDH21fVCGztsujN%2Fic&marketplaceID=ATVPDKIKX0DER&qid=1776046083&ref=sr_st_exact-aware-popularity-rank
2026-06-12,2026-06-12T05:08:41+00:00,Competitor Store 5,seller,seller,ZuneArt (Warrior),1,B0DVBL912R,25,25,25,display_order,25,Amazon Business Card,,,,,,,no,https://www.amazon.com/dp/B0DVBL912R?plattr=ACOMFO&ie=UTF-8,,https://www.amazon.com/s?i=merchant-items&me=A15T7O8I2EPBUZ&s=exact-aware-popularity-rank&ds=v1%3A31fy69i5WkDT%2BCKADsgzf0KJ5dDH21fVCGztsujN%2Fic&marketplaceID=ATVPDKIKX0DER&qid=1776046083&ref=sr_st_exact-aware-popularity-rank
2026-06-12,2026-06-12T05:08:41+00:00,Competitor Store 6,seller,seller,LASFOUR (Warrior),1,B0F7R2H4LX,1,1,1,display_order,1,"Dad The Man The Myth The Legend - Personalized Shirt Father's Day, Dad The Man The Myth The Legend Shirt, Fathers Day Shir...",,,,,,,no,https://www.amazon.com/Dad-Man-Myth-Legend-Personalized/dp/B0F7R2H4LX/ref=sr_1_1?dib=eyJ2IjoiMSJ9.Vwu4uCajTGJarejvDVXSXAWZisEy2XEqwV3cmj3Fx4TiG2phOvQjlBfL4ixMBGqfQJ5_B8Gt7FPLQjqkJR6xYLKOUVHYvvG6y5dxkJ-Us2fcOCEnHP9gMJ9VHfb8uN2KNI4mYb7CT2PvhcjRYT4AgL1betoibIlbDAeFNyf3HtrdQS8Uv0hKqItdryUDHv83FXJtISm1AFkORGhpEZYM7QbSLDzSjqUXVer9B8kQLzA.GOuX9Ppk28BpZLTMibScsqORwGikqX47vG0ri-WkQjA&dib_tag=se&m=A1HHNBJES4IIQK&marketplaceID=ATVPDKIKX0DER&nsdOptOutParam=true&qid=1781240999&s=merchant-items&sr=1-1,https://m.media-amazon.com/images/I/61j1T7jiymL._AC_UY218_.jpg,https://www.amazon.com/s?i=merchant-items&me=A1HHNBJES4IIQK&s=exact-aware-popularity-rank&ds=v1%3A5GI1qv47ulI6PjEg%2BMwJSl1ECFjNO6B6JQaZbR7In%2BE&marketplaceID=ATVPDKIKX0DER&qid=1776046094&ref=sr_st_exact-aware-popularity-rank
2026-06-12,2026-06-12T05:08:41+00:00,Competitor Store 6,seller,seller,LASFOUR (Warrior),1,B0F8B57T11,2,2,2,display_order,2,"The Coolest Pop - Personalized Shirt, The Coolest Pop Shirt, Personalized Father's Day Shirts for Dad Grandpa Papa, Custom...",,,,,,,no,https://www.amazon.com/Coolest-Pop-Personalized-Fathers-Grandpa/dp/B0F8B57T11/ref=sr_1_2?dib=eyJ2IjoiMSJ9.Vwu4uCajTGJarejvDVXSXAWZisEy2XEqwV3cmj3Fx4TiG2phOvQjlBfL4ixMBGqfQJ5_B8Gt7FPLQjqkJR6xYLKOUVHYvvG6y5dxkJ-Us2fcOCEnHP9gMJ9VHfb8uN2KNI4mYb7CT2PvhcjRYT4AgL1betoibIlbDAeFNyf3HtrdQS8Uv0hKqItdryUDHv83FXJtISm1AFkORGhpEZYM7QbSLDzSjqUXVer9B8kQLzA.GOuX9Ppk28BpZLTMibScsqORwGikqX47vG0ri-WkQjA&dib_tag=se&m=A1HHNBJES4IIQK&marketplaceID=ATVPDKIKX0DER&nsdOptOutParam=true&qid=1781240999&s=merchant-items&sr=1-2,https://m.media-amazon.com/images/I/51LucysrF6L._AC_UY218_.jpg,https://www.amazon.com/s?i=merchant-items&me=A1HHNBJES4IIQK&s=exact-aware-popularity-rank&ds=v1%3A5GI1qv47ulI6PjEg%2BMwJSl1ECFjNO6B6JQaZbR7In%2BE&marketplaceID=ATVPDKIKX0DER&qid=1776046094&ref=sr_st_exact-aware-popularity-rank
2026-06-12,2026-06-12T05:08:41+00:00,Competitor Store 6,seller,seller,LASFOUR (Warrior),1,B0F6TSVDK5,3,3,3,display_order,3,"LASFOUR Best Flippin' Dad Grilling Plate For Dad Grandpa, Daddy's Grilling Plate Personalized Father's Day Grilling Gifts,...",,,,,,,no,https://www.amazon.com/LASFOUR-Grilling-Personalized-Daughter-Birthday/dp/B0F6TSVDK5/ref=sr_1_3?dib=eyJ2IjoiMSJ9.Vwu4uCajTGJarejvDVXSXAWZisEy2XEqwV3cmj3Fx4TiG2phOvQjlBfL4ixMBGqfQJ5_B8Gt7FPLQjqkJR6xYLKOUVHYvvG6y5dxkJ-Us2fcOCEnHP9gMJ9VHfb8uN2KNI4mYb7CT2PvhcjRYT4AgL1betoibIlbDAeFNyf3HtrdQS8Uv0hKqItdryUDHv83FXJtISm1AFkORGhpEZYM7QbSLDzSjqUXVer9B8kQLzA.GOuX9Ppk28BpZLTMibScsqORwGikqX47vG0ri-WkQjA&dib_tag=se&m=A1HHNBJES4IIQK&marketplaceID=ATVPDKIKX0DER&nsdOptOutParam=true&qid=1781240999&s=merchant-items&sr=1-3,https://m.media-amazon.com/images/I/51NRKYAIPbL._AC_UY218_.jpg,https://www.amazon.com/s?i=merchant-items&me=A1HHNBJES4IIQK&s=exact-aware-popularity-rank&ds=v1%3A5GI1qv47ulI6PjEg%2BMwJSl1ECFjNO6B6JQaZbR7In%2BE&marketplaceID=ATVPDKIKX0DER&qid=1776046094&ref=sr_st_exact-aware-popularity-rank
2026-06-12,2026-06-12T05:08:41+00:00,Competitor Store 6,seller,seller,LASFOUR (Warrior),1,B0F6N9YH3X,4,4,4,display_order,4,PD1,,,,,,,no,https://www.amazon.com/LASFOUR-Grilling-Personalized-Daughter-Birthday/dp/B0F6N9YH3X/ref=cs_sr_dp_loc_2?dib=eyJ2IjoiMSJ9.Vwu4uCajTGJarejvDVXSXAWZisEy2XEqwV3cmj3Fx4TiG2phOvQjlBfL4ixMBGqfQJ5_B8Gt7FPLQjqkJR6xYLKOUVHYvvG6y5dxkJ-Us2fcOCEnHP9gMJ9VHfb8uN2KNI4mYb7CT2PvhcjRYT4AgL1betoibIlbDAeFNyf3HtrdQS8Uv0hKqItdryUDHv83FXJtISm1AFkORGhpEZYM7QbSLDzSjqUXVer9B8kQLzA.GOuX9Ppk28BpZLTMibScsqORwGikqX47vG0ri-WkQjA&dib_tag=se&m=A1HHNBJES4IIQK&marketplaceID=ATVPDKIKX0DER&nsdOptOutParam=true&qid=1781240999&s=merchant-items&sr=1-3,,https://www.amazon.com/s?i=merchant-items&me=A1HHNBJES4IIQK&s=exact-aware-popularity-rank&ds=v1%3A5GI1qv47ulI6PjEg%2BMwJSl1ECFjNO6B6JQaZbR7In%2BE&marketplaceID=ATVPDKIKX0DER&qid=1776046094&ref=sr_st_exact-aware-popularity-rank
2026-06-12,2026-06-12T05:08:41+00:00,Competitor Store 6,seller,seller,LASFOUR (Warrior),1,B0F8N7LT7J,5,5,5,display_order,5,PD10,,,,,,,no,https://www.amazon.com/LASFOUR-Grilling-Personalized-Daughter-Birthday/dp/B0F8N7LT7J/ref=cs_sr_dp_loc_3?dib=eyJ2IjoiMSJ9.Vwu4uCajTGJarejvDVXSXAWZisEy2XEqwV3cmj3Fx4TiG2phOvQjlBfL4ixMBGqfQJ5_B8Gt7FPLQjqkJR6xYLKOUVHYvvG6y5dxkJ-Us2fcOCEnHP9gMJ9VHfb8uN2KNI4mYb7CT2PvhcjRYT4AgL1betoibIlbDAeFNyf3HtrdQS8Uv0hKqItdryUDHv83FXJtISm1AFkORGhpEZYM7QbSLDzSjqUXVer9B8kQLzA.GOuX9Ppk28BpZLTMibScsqORwGikqX47vG0ri-WkQjA&dib_tag=se&m=A1HHNBJES4IIQK&marketplaceID=ATVPDKIKX0DER&nsdOptOutParam=true&qid=1781240999&s=merchant-items&sr=1-3,,https://www.amazon.com/s?i=merchant-items&me=A1HHNBJES4IIQK&s=exact-aware-popularity-rank&ds=v1%3A5GI1qv47ulI6PjEg%2BMwJSl1ECFjNO6B6JQaZbR7In%2BE&marketplaceID=ATVPDKIKX0DER&qid=1776046094&ref=sr_st_exact-aware-popularity-rank
2026-06-12,2026-06-12T05:08:41+00:00,Competitor Store 6,seller,seller,LASFOUR (Warrior),1,B0F8N9FJYC,6,6,6,display_order,6,PD11,,,,,,,no,https://www.amazon.com/LASFOUR-Grilling-Personalized-Daughter-Birthday/dp/B0F8N9FJYC/ref=cs_sr_dp_loc_4?dib=eyJ2IjoiMSJ9.Vwu4uCajTGJarejvDVXSXAWZisEy2XEqwV3cmj3Fx4TiG2phOvQjlBfL4ixMBGqfQJ5_B8Gt7FPLQjqkJR6xYLKOUVHYvvG6y5dxkJ-Us2fcOCEnHP9gMJ9VHfb8uN2KNI4mYb7CT2PvhcjRYT4AgL1betoibIlbDAeFNyf3HtrdQS8Uv0hKqItdryUDHv83FXJtISm1AFkORGhpEZYM7QbSLDzSjqUXVer9B8kQLzA.GOuX9Ppk28BpZLTMibScsqORwGikqX47vG0ri-WkQjA&dib_tag=se&m=A1HHNBJES4IIQK&marketplaceID=ATVPDKIKX0DER&nsdOptOutParam=true&qid=1781240999&s=merchant-items&sr=1-3,,https://www.amazon.com/s?i=merchant-items&me=A1HHNBJES4IIQK&s=exact-aware-popularity-rank&ds=v1%3A5GI1qv47ulI6PjEg%2BMwJSl1ECFjNO6B6JQaZbR7In%2BE&marketplaceID=ATVPDKIKX0DER&qid=1776046094&ref=sr_st_exact-aware-popularity-rank
2026-06-12,2026-06-12T05:08:41+00:00,Competitor Store 6,seller,seller,LASFOUR (Warrior),1,B0F8N7843L,7,7,7,display_order,7,PD12,,,,,,,no,https://www.amazon.com/LASFOUR-Grilling-Personalized-Daughter-Birthday/dp/B0F8N7843L/ref=cs_sr_dp_loc_5?dib=eyJ2IjoiMSJ9.Vwu4uCajTGJarejvDVXSXAWZisEy2XEqwV3cmj3Fx4TiG2phOvQjlBfL4ixMBGqfQJ5_B8Gt7FPLQjqkJR6xYLKOUVHYvvG6y5dxkJ-Us2fcOCEnHP9gMJ9VHfb8uN2KNI4mYb7CT2PvhcjRYT4AgL1betoibIlbDAeFNyf3HtrdQS8Uv0hKqItdryUDHv83FXJtISm1AFkORGhpEZYM7QbSLDzSjqUXVer9B8kQLzA.GOuX9Ppk28BpZLTMibScsqORwGikqX47vG0ri-WkQjA&dib_tag=se&m=A1HHNBJES4IIQK&marketplaceID=ATVPDKIKX0DER&nsdOptOutParam=true&qid=1781240999&s=merchant-items&sr=1-3,,https://www.amazon.com/s?i=merchant-items&me=A1HHNBJES4IIQK&s=exact-aware-popularity-rank&ds=v1%3A5GI1qv47ulI6PjEg%2BMwJSl1ECFjNO6B6JQaZbR7In%2BE&marketplaceID=ATVPDKIKX0DER&qid=1776046094&ref=sr_st_exact-aware-popularity-rank
2026-06-12,2026-06-12T05:08:41+00:00,Competitor Store 6,seller,seller,LASFOUR (Warrior),1,B0F8N9ZLBV,8,8,8,display_order,8,PD13,,,,,,,no,https://www.amazon.com/LASFOUR-Grilling-Personalized-Daughter-Birthday/dp/B0F8N9ZLBV/ref=cs_sr_dp_loc_6?dib=eyJ2IjoiMSJ9.Vwu4uCajTGJarejvDVXSXAWZisEy2XEqwV3cmj3Fx4TiG2phOvQjlBfL4ixMBGqfQJ5_B8Gt7FPLQjqkJR6xYLKOUVHYvvG6y5dxkJ-Us2fcOCEnHP9gMJ9VHfb8uN2KNI4mYb7CT2PvhcjRYT4AgL1betoibIlbDAeFNyf3HtrdQS8Uv0hKqItdryUDHv83FXJtISm1AFkORGhpEZYM7QbSLDzSjqUXVer9B8kQLzA.GOuX9Ppk28BpZLTMibScsqORwGikqX47vG0ri-WkQjA&dib_tag=se&m=A1HHNBJES4IIQK&marketplaceID=ATVPDKIKX0DER&nsdOptOutParam=true&qid=1781240999&s=merchant-items&sr=1-3,,https://www.amazon.com/s?i=merchant-items&me=A1HHNBJES4IIQK&s=exact-aware-popularity-rank&ds=v1%3A5GI1qv47ulI6PjEg%2BMwJSl1ECFjNO6B6JQaZbR7In%2BE&marketplaceID=ATVPDKIKX0DER&qid=1776046094&ref=sr_st_exact-aware-popularity-rank
2026-06-12,2026-06-12T05:08:41+00:00,Competitor Store 6,seller,seller,LASFOUR (Warrior),1,B09YY62K48,9,9,9,display_order,9,"LASFOUR Funny Golf Polo Shirts for Men, Crazy Short Sleeve, Lightweight Golf Polo Shirts for Dad, Grandpa.",,,,,,,no,https://www.amazon.com/LASFOUR-Shirts-Repeat-Patriotic-Grandpa/dp/B09YY62K48/ref=sr_1_4?dib=eyJ2IjoiMSJ9.Vwu4uCajTGJarejvDVXSXAWZisEy2XEqwV3cmj3Fx4TiG2phOvQjlBfL4ixMBGqfQJ5_B8Gt7FPLQjqkJR6xYLKOUVHYvvG6y5dxkJ-Us2fcOCEnHP9gMJ9VHfb8uN2KNI4mYb7CT2PvhcjRYT4AgL1betoibIlbDAeFNyf3HtrdQS8Uv0hKqItdryUDHv83FXJtISm1AFkORGhpEZYM7QbSLDzSjqUXVer9B8kQLzA.GOuX9Ppk28BpZLTMibScsqORwGikqX47vG0ri-WkQjA&dib_tag=se&m=A1HHNBJES4IIQK&marketplaceID=ATVPDKIKX0DER&nsdOptOutParam=true&qid=1781240999&s=merchant-items&sr=1-4,https://m.media-amazon.com/images/I/71UsHpAVKfL._AC_UY218_.jpg,https://www.amazon.com/s?i=merchant-items&me=A1HHNBJES4IIQK&s=exact-aware-popularity-rank&ds=v1%3A5GI1qv47ulI6PjEg%2BMwJSl1ECFjNO6B6JQaZbR7In%2BE&marketplaceID=ATVPDKIKX0DER&qid=1776046094&ref=sr_st_exact-aware-popularity-rank
2026-06-12,2026-06-12T05:08:41+00:00,Competitor Store 6,seller,seller,LASFOUR (Warrior),1,B09YXZPFDD,10,10,10,display_order,10,D1,,,,,,,no,https://www.amazon.com/LASFOUR-Shirts-Repeat-Patriotic-Grandpa/dp/B09YXZPFDD/ref=is_sr_dp_2?dib=eyJ2IjoiMSJ9.Vwu4uCajTGJarejvDVXSXAWZisEy2XEqwV3cmj3Fx4TiG2phOvQjlBfL4ixMBGqfQJ5_B8Gt7FPLQjqkJR6xYLKOUVHYvvG6y5dxkJ-Us2fcOCEnHP9gMJ9VHfb8uN2KNI4mYb7CT2PvhcjRYT4AgL1betoibIlbDAeFNyf3HtrdQS8Uv0hKqItdryUDHv83FXJtISm1AFkORGhpEZYM7QbSLDzSjqUXVer9B8kQLzA.GOuX9Ppk28BpZLTMibScsqORwGikqX47vG0ri-WkQjA&dib_tag=se&m=A1HHNBJES4IIQK&marketplaceID=ATVPDKIKX0DER&nsdOptOutParam=true&qid=1781240999&s=merchant-items&sr=1-4,,https://www.amazon.com/s?i=merchant-items&me=A1HHNBJES4IIQK&s=exact-aware-popularity-rank&ds=v1%3A5GI1qv47ulI6PjEg%2BMwJSl1ECFjNO6B6JQaZbR7In%2BE&marketplaceID=ATVPDKIKX0DER&qid=1776046094&ref=sr_st_exact-aware-popularity-rank
2026-06-12,2026-06-12T05:08:41+00:00,Competitor Store 6,seller,seller,LASFOUR (Warrior),1,B09YY15WW4,11,11,11,display_order,11,D2,,,,,,,no,https://www.amazon.com/LASFOUR-Shirts-Repeat-Patriotic-Grandpa/dp/B09YY15WW4/ref=is_sr_dp_3?dib=eyJ2IjoiMSJ9.Vwu4uCajTGJarejvDVXSXAWZisEy2XEqwV3cmj3Fx4TiG2phOvQjlBfL4ixMBGqfQJ5_B8Gt7FPLQjqkJR6xYLKOUVHYvvG6y5dxkJ-Us2fcOCEnHP9gMJ9VHfb8uN2KNI4mYb7CT2PvhcjRYT4AgL1betoibIlbDAeFNyf3HtrdQS8Uv0hKqItdryUDHv83FXJtISm1AFkORGhpEZYM7QbSLDzSjqUXVer9B8kQLzA.GOuX9Ppk28BpZLTMibScsqORwGikqX47vG0ri-WkQjA&dib_tag=se&m=A1HHNBJES4IIQK&marketplaceID=ATVPDKIKX0DER&nsdOptOutParam=true&qid=1781240999&s=merchant-items&sr=1-4,,https://www.amazon.com/s?i=merchant-items&me=A1HHNBJES4IIQK&s=exact-aware-popularity-rank&ds=v1%3A5GI1qv47ulI6PjEg%2BMwJSl1ECFjNO6B6JQaZbR7In%2BE&marketplaceID=ATVPDKIKX0DER&qid=1776046094&ref=sr_st_exact-aware-popularity-rank
2026-06-12,2026-06-12T05:08:41+00:00,Competitor Store 6,seller,seller,LASFOUR (Warrior),1,B09YXV82PP,12,12,12,display_order,12,D3,,,,,,,no,https://www.amazon.com/LASFOUR-Shirts-Repeat-Patriotic-Grandpa/dp/B09YXV82PP/ref=is_sr_dp_4?dib=eyJ2IjoiMSJ9.Vwu4uCajTGJarejvDVXSXAWZisEy2XEqwV3cmj3Fx4TiG2phOvQjlBfL4ixMBGqfQJ5_B8Gt7FPLQjqkJR6xYLKOUVHYvvG6y5dxkJ-Us2fcOCEnHP9gMJ9VHfb8uN2KNI4mYb7CT2PvhcjRYT4AgL1betoibIlbDAeFNyf3HtrdQS8Uv0hKqItdryUDHv83FXJtISm1AFkORGhpEZYM7QbSLDzSjqUXVer9B8kQLzA.GOuX9Ppk28BpZLTMibScsqORwGikqX47vG0ri-WkQjA&dib_tag=se&m=A1HHNBJES4IIQK&marketplaceID=ATVPDKIKX0DER&nsdOptOutParam=true&qid=1781240999&s=merchant-items&sr=1-4,,https://www.amazon.com/s?i=merchant-items&me=A1HHNBJES4IIQK&s=exact-aware-popularity-rank&ds=v1%3A5GI1qv47ulI6PjEg%2BMwJSl1ECFjNO6B6JQaZbR7In%2BE&marketplaceID=ATVPDKIKX0DER&qid=1776046094&ref=sr_st_exact-aware-popularity-rank
2026-06-12,2026-06-12T05:08:41+00:00,Competitor Store 6,seller,seller,LASFOUR (Warrior),1,B09YY462M7,13,13,13,display_order,13,D4,,,,,,,no,https://www.amazon.com/LASFOUR-Shirts-Repeat-Patriotic-Grandpa/dp/B09YY462M7/ref=is_sr_dp_5?dib=eyJ2IjoiMSJ9.Vwu4uCajTGJarejvDVXSXAWZisEy2XEqwV3cmj3Fx4TiG2phOvQjlBfL4ixMBGqfQJ5_B8Gt7FPLQjqkJR6xYLKOUVHYvvG6y5dxkJ-Us2fcOCEnHP9gMJ9VHfb8uN2KNI4mYb7CT2PvhcjRYT4AgL1betoibIlbDAeFNyf3HtrdQS8Uv0hKqItdryUDHv83FXJtISm1AFkORGhpEZYM7QbSLDzSjqUXVer9B8kQLzA.GOuX9Ppk28BpZLTMibScsqORwGikqX47vG0ri-WkQjA&dib_tag=se&m=A1HHNBJES4IIQK&marketplaceID=ATVPDKIKX0DER&nsdOptOutParam=true&qid=1781240999&s=merchant-items&sr=1-4,,https://www.amazon.com/s?i=merchant-items&me=A1HHNBJES4IIQK&s=exact-aware-popularity-rank&ds=v1%3A5GI1qv47ulI6PjEg%2BMwJSl1ECFjNO6B6JQaZbR7In%2BE&marketplaceID=ATVPDKIKX0DER&qid=1776046094&ref=sr_st_exact-aware-popularity-rank
2026-06-12,2026-06-12T05:08:41+00:00,Competitor Store 6,seller,seller,LASFOUR (Warrior),1,B09YYLVTGY,14,14,14,display_order,14,D5,,,,,,,no,https://www.amazon.com/LASFOUR-Shirts-Repeat-Patriotic-Grandpa/dp/B09YYLVTGY/ref=is_sr_dp_6?dib=eyJ2IjoiMSJ9.Vwu4uCajTGJarejvDVXSXAWZisEy2XEqwV3cmj3Fx4TiG2phOvQjlBfL4ixMBGqfQJ5_B8Gt7FPLQjqkJR6xYLKOUVHYvvG6y5dxkJ-Us2fcOCEnHP9gMJ9VHfb8uN2KNI4mYb7CT2PvhcjRYT4AgL1betoibIlbDAeFNyf3HtrdQS8Uv0hKqItdryUDHv83FXJtISm1AFkORGhpEZYM7QbSLDzSjqUXVer9B8kQLzA.GOuX9Ppk28BpZLTMibScsqORwGikqX47vG0ri-WkQjA&dib_tag=se&m=A1HHNBJES4IIQK&marketplaceID=ATVPDKIKX0DER&nsdOptOutParam=true&qid=1781240999&s=merchant-items&sr=1-4,,https://www.amazon.com/s?i=merchant-items&me=A1HHNBJES4IIQK&s=exact-aware-popularity-rank&ds=v1%3A5GI1qv47ulI6PjEg%2BMwJSl1ECFjNO6B6JQaZbR7In%2BE&marketplaceID=ATVPDKIKX0DER&qid=1776046094&ref=sr_st_exact-aware-popularity-rank
2026-06-12,2026-06-12T05:08:41+00:00,Competitor Store 6,seller,seller,LASFOUR (Warrior),1,B0F8VDP1FK,15,15,15,display_order,15,"LASFOUR Personalized Valentines Pajama Pants for Men, I Love My Wife, Girlfriend, Boyfriend Pajama Pants Custom Photo",,,,,,,no,https://www.amazon.com/LASFOUR-Personalized-Pajamas-Bottoms-Fathers/dp/B0F8VDP1FK/ref=sr_1_5?dib=eyJ2IjoiMSJ9.Vwu4uCajTGJarejvDVXSXAWZisEy2XEqwV3cmj3Fx4TiG2phOvQjlBfL4ixMBGqfQJ5_B8Gt7FPLQjqkJR6xYLKOUVHYvvG6y5dxkJ-Us2fcOCEnHP9gMJ9VHfb8uN2KNI4mYb7CT2PvhcjRYT4AgL1betoibIlbDAeFNyf3HtrdQS8Uv0hKqItdryUDHv83FXJtISm1AFkORGhpEZYM7QbSLDzSjqUXVer9B8kQLzA.GOuX9Ppk28BpZLTMibScsqORwGikqX47vG0ri-WkQjA&dib_tag=se&m=A1HHNBJES4IIQK&marketplaceID=ATVPDKIKX0DER&nsdOptOutParam=true&qid=1781240999&s=merchant-items&sr=1-5,https://m.media-amazon.com/images/I/612jSLLvVkL._AC_UY218_.jpg,https://www.amazon.com/s?i=merchant-items&me=A1HHNBJES4IIQK&s=exact-aware-popularity-rank&ds=v1%3A5GI1qv47ulI6PjEg%2BMwJSl1ECFjNO6B6JQaZbR7In%2BE&marketplaceID=ATVPDKIKX0DER&qid=1776046094&ref=sr_st_exact-aware-popularity-rank
2026-06-12,2026-06-12T05:08:41+00:00,Competitor Store 6,seller,seller,LASFOUR (Warrior),1,B0D2SWG567,16,16,16,display_order,16,"LASFOUR Daddy's Grilling Plate Family Personalized Platter with Name - Gifts for Dad on Father's Day, Birthday from Wife K...",,,,,,,no,https://www.amazon.com/LASFOUR-Daddys-Grilling-Personalized-Platter/dp/B0D2SWG567/ref=sr_1_6?dib=eyJ2IjoiMSJ9.Vwu4uCajTGJarejvDVXSXAWZisEy2XEqwV3cmj3Fx4TiG2phOvQjlBfL4ixMBGqfQJ5_B8Gt7FPLQjqkJR6xYLKOUVHYvvG6y5dxkJ-Us2fcOCEnHP9gMJ9VHfb8uN2KNI4mYb7CT2PvhcjRYT4AgL1betoibIlbDAeFNyf3HtrdQS8Uv0hKqItdryUDHv83FXJtISm1AFkORGhpEZYM7QbSLDzSjqUXVer9B8kQLzA.GOuX9Ppk28BpZLTMibScsqORwGikqX47vG0ri-WkQjA&dib_tag=se&m=A1HHNBJES4IIQK&marketplaceID=ATVPDKIKX0DER&nsdOptOutParam=true&qid=1781240999&s=merchant-items&sr=1-6,https://m.media-amazon.com/images/I/51Hch83VhML._AC_UY218_.jpg,https://www.amazon.com/s?i=merchant-items&me=A1HHNBJES4IIQK&s=exact-aware-popularity-rank&ds=v1%3A5GI1qv47ulI6PjEg%2BMwJSl1ECFjNO6B6JQaZbR7In%2BE&marketplaceID=ATVPDKIKX0DER&qid=1776046094&ref=sr_st_exact-aware-popularity-rank
2026-06-12,2026-06-12T05:08:41+00:00,Competitor Store 6,seller,seller,LASFOUR (Warrior),1,B0H4FMGJK6,17,17,17,display_order,17,"1st 4th of July - Personalized Custom Baby Onesie, My First 4th of July Born in America's 250th Year Onesie with Custom Na...",,,,,,,no,https://www.amazon.com/1st-4th-July-Personalized-Americas/dp/B0H4FMGJK6/ref=sr_1_7?dib=eyJ2IjoiMSJ9.Vwu4uCajTGJarejvDVXSXAWZisEy2XEqwV3cmj3Fx4TiG2phOvQjlBfL4ixMBGqfQJ5_B8Gt7FPLQjqkJR6xYLKOUVHYvvG6y5dxkJ-Us2fcOCEnHP9gMJ9VHfb8uN2KNI4mYb7CT2PvhcjRYT4AgL1betoibIlbDAeFNyf3HtrdQS8Uv0hKqItdryUDHv83FXJtISm1AFkORGhpEZYM7QbSLDzSjqUXVer9B8kQLzA.GOuX9Ppk28BpZLTMibScsqORwGikqX47vG0ri-WkQjA&dib_tag=se&m=A1HHNBJES4IIQK&marketplaceID=ATVPDKIKX0DER&nsdOptOutParam=true&qid=1781240999&s=merchant-items&sr=1-7,https://m.media-amazon.com/images/I/51Q1KjmS42L._AC_UY218_.jpg,https://www.amazon.com/s?i=merchant-items&me=A1HHNBJES4IIQK&s=exact-aware-popularity-rank&ds=v1%3A5GI1qv47ulI6PjEg%2BMwJSl1ECFjNO6B6JQaZbR7In%2BE&marketplaceID=ATVPDKIKX0DER&qid=1776046094&ref=sr_st_exact-aware-popularity-rank
2026-06-12,2026-06-12T05:08:41+00:00,Competitor Store 6,seller,seller,LASFOUR (Warrior),1,B0FC2LYF1C,18,18,18,display_order,18,"LASFOUR 4th of July Grandma Mom Kids Heart in Heart Personalized Shirt, Personalized Grandma Shirts with Grandkids Names",,,,,,,no,https://www.amazon.com/LASFOUR-Personalized-Fireworks-Patriotic-Independence/dp/B0FC2LYF1C/ref=sr_1_8?dib=eyJ2IjoiMSJ9.Vwu4uCajTGJarejvDVXSXAWZisEy2XEqwV3cmj3Fx4TiG2phOvQjlBfL4ixMBGqfQJ5_B8Gt7FPLQjqkJR6xYLKOUVHYvvG6y5dxkJ-Us2fcOCEnHP9gMJ9VHfb8uN2KNI4mYb7CT2PvhcjRYT4AgL1betoibIlbDAeFNyf3HtrdQS8Uv0hKqItdryUDHv83FXJtISm1AFkORGhpEZYM7QbSLDzSjqUXVer9B8kQLzA.GOuX9Ppk28BpZLTMibScsqORwGikqX47vG0ri-WkQjA&dib_tag=se&m=A1HHNBJES4IIQK&marketplaceID=ATVPDKIKX0DER&nsdOptOutParam=true&qid=1781240999&s=merchant-items&sr=1-8,https://m.media-amazon.com/images/I/71mioAI1P5L._AC_UY218_.jpg,https://www.amazon.com/s?i=merchant-items&me=A1HHNBJES4IIQK&s=exact-aware-popularity-rank&ds=v1%3A5GI1qv47ulI6PjEg%2BMwJSl1ECFjNO6B6JQaZbR7In%2BE&marketplaceID=ATVPDKIKX0DER&qid=1776046094&ref=sr_st_exact-aware-popularity-rank
2026-06-12,2026-06-12T05:08:41+00:00,Competitor Store 6,seller,seller,LASFOUR (Warrior),1,B0D5TWZCJN,19,19,19,display_order,19,Gigi,,,,,,,no,https://www.amazon.com/LASFOUR-Personalized-Fireworks-Patriotic-Independence/dp/B0D5TWZCJN/ref=is_sr_dp_2?dib=eyJ2IjoiMSJ9.Vwu4uCajTGJarejvDVXSXAWZisEy2XEqwV3cmj3Fx4TiG2phOvQjlBfL4ixMBGqfQJ5_B8Gt7FPLQjqkJR6xYLKOUVHYvvG6y5dxkJ-Us2fcOCEnHP9gMJ9VHfb8uN2KNI4mYb7CT2PvhcjRYT4AgL1betoibIlbDAeFNyf3HtrdQS8Uv0hKqItdryUDHv83FXJtISm1AFkORGhpEZYM7QbSLDzSjqUXVer9B8kQLzA.GOuX9Ppk28BpZLTMibScsqORwGikqX47vG0ri-WkQjA&dib_tag=se&m=A1HHNBJES4IIQK&marketplaceID=ATVPDKIKX0DER&nsdOptOutParam=true&qid=1781240999&s=merchant-items&sr=1-8,,https://www.amazon.com/s?i=merchant-items&me=A1HHNBJES4IIQK&s=exact-aware-popularity-rank&ds=v1%3A5GI1qv47ulI6PjEg%2BMwJSl1ECFjNO6B6JQaZbR7In%2BE&marketplaceID=ATVPDKIKX0DER&qid=1776046094&ref=sr_st_exact-aware-popularity-rank
2026-06-12,2026-06-12T05:08:41+00:00,Competitor Store 6,seller,seller,LASFOUR (Warrior),1,B0D4YNN6ZD,20,20,20,display_order,20,Gm01,,,,,,,no,https://www.amazon.com/LASFOUR-Personalized-Fireworks-Patriotic-Independence/dp/B0D4YNN6ZD/ref=is_sr_dp_3?dib=eyJ2IjoiMSJ9.Vwu4uCajTGJarejvDVXSXAWZisEy2XEqwV3cmj3Fx4TiG2phOvQjlBfL4ixMBGqfQJ5_B8Gt7FPLQjqkJR6xYLKOUVHYvvG6y5dxkJ-Us2fcOCEnHP9gMJ9VHfb8uN2KNI4mYb7CT2PvhcjRYT4AgL1betoibIlbDAeFNyf3HtrdQS8Uv0hKqItdryUDHv83FXJtISm1AFkORGhpEZYM7QbSLDzSjqUXVer9B8kQLzA.GOuX9Ppk28BpZLTMibScsqORwGikqX47vG0ri-WkQjA&dib_tag=se&m=A1HHNBJES4IIQK&marketplaceID=ATVPDKIKX0DER&nsdOptOutParam=true&qid=1781240999&s=merchant-items&sr=1-8,,https://www.amazon.com/s?i=merchant-items&me=A1HHNBJES4IIQK&s=exact-aware-popularity-rank&ds=v1%3A5GI1qv47ulI6PjEg%2BMwJSl1ECFjNO6B6JQaZbR7In%2BE&marketplaceID=ATVPDKIKX0DER&qid=1776046094&ref=sr_st_exact-aware-popularity-rank
2026-06-12,2026-06-12T05:08:41+00:00,Competitor Store 6,seller,seller,LASFOUR (Warrior),1,B0D4Y3JMLQ,21,21,21,display_order,21,Gm02,,,,,,,no,https://www.amazon.com/LASFOUR-Personalized-Fireworks-Patriotic-Independence/dp/B0D4Y3JMLQ/ref=is_sr_dp_4?dib=eyJ2IjoiMSJ9.Vwu4uCajTGJarejvDVXSXAWZisEy2XEqwV3cmj3Fx4TiG2phOvQjlBfL4ixMBGqfQJ5_B8Gt7FPLQjqkJR6xYLKOUVHYvvG6y5dxkJ-Us2fcOCEnHP9gMJ9VHfb8uN2KNI4mYb7CT2PvhcjRYT4AgL1betoibIlbDAeFNyf3HtrdQS8Uv0hKqItdryUDHv83FXJtISm1AFkORGhpEZYM7QbSLDzSjqUXVer9B8kQLzA.GOuX9Ppk28BpZLTMibScsqORwGikqX47vG0ri-WkQjA&dib_tag=se&m=A1HHNBJES4IIQK&marketplaceID=ATVPDKIKX0DER&nsdOptOutParam=true&qid=1781240999&s=merchant-items&sr=1-8,,https://www.amazon.com/s?i=merchant-items&me=A1HHNBJES4IIQK&s=exact-aware-popularity-rank&ds=v1%3A5GI1qv47ulI6PjEg%2BMwJSl1ECFjNO6B6JQaZbR7In%2BE&marketplaceID=ATVPDKIKX0DER&qid=1776046094&ref=sr_st_exact-aware-popularity-rank
2026-06-12,2026-06-12T05:08:41+00:00,Competitor Store 6,seller,seller,LASFOUR (Warrior),1,B0D5M2SQJR,22,22,22,display_order,22,Gm03-gigi,,,,,,,no,https://www.amazon.com/LASFOUR-Personalized-Fireworks-Patriotic-Independence/dp/B0D5M2SQJR/ref=is_sr_dp_5?dib=eyJ2IjoiMSJ9.Vwu4uCajTGJarejvDVXSXAWZisEy2XEqwV3cmj3Fx4TiG2phOvQjlBfL4ixMBGqfQJ5_B8Gt7FPLQjqkJR6xYLKOUVHYvvG6y5dxkJ-Us2fcOCEnHP9gMJ9VHfb8uN2KNI4mYb7CT2PvhcjRYT4AgL1betoibIlbDAeFNyf3HtrdQS8Uv0hKqItdryUDHv83FXJtISm1AFkORGhpEZYM7QbSLDzSjqUXVer9B8kQLzA.GOuX9Ppk28BpZLTMibScsqORwGikqX47vG0ri-WkQjA&dib_tag=se&m=A1HHNBJES4IIQK&marketplaceID=ATVPDKIKX0DER&nsdOptOutParam=true&qid=1781240999&s=merchant-items&sr=1-8,,https://www.amazon.com/s?i=merchant-items&me=A1HHNBJES4IIQK&s=exact-aware-popularity-rank&ds=v1%3A5GI1qv47ulI6PjEg%2BMwJSl1ECFjNO6B6JQaZbR7In%2BE&marketplaceID=ATVPDKIKX0DER&qid=1776046094&ref=sr_st_exact-aware-popularity-rank
2026-06-12,2026-06-12T05:08:41+00:00,Competitor Store 6,seller,seller,LASFOUR (Warrior),1,B0FC68FWX9,23,23,23,display_order,23,Gm04,,,,,,,no,https://www.amazon.com/LASFOUR-Personalized-Fireworks-Patriotic-Independence/dp/B0FC68FWX9/ref=is_sr_dp_6?dib=eyJ2IjoiMSJ9.Vwu4uCajTGJarejvDVXSXAWZisEy2XEqwV3cmj3Fx4TiG2phOvQjlBfL4ixMBGqfQJ5_B8Gt7FPLQjqkJR6xYLKOUVHYvvG6y5dxkJ-Us2fcOCEnHP9gMJ9VHfb8uN2KNI4mYb7CT2PvhcjRYT4AgL1betoibIlbDAeFNyf3HtrdQS8Uv0hKqItdryUDHv83FXJtISm1AFkORGhpEZYM7QbSLDzSjqUXVer9B8kQLzA.GOuX9Ppk28BpZLTMibScsqORwGikqX47vG0ri-WkQjA&dib_tag=se&m=A1HHNBJES4IIQK&marketplaceID=ATVPDKIKX0DER&nsdOptOutParam=true&qid=1781240999&s=merchant-items&sr=1-8,,https://www.amazon.com/s?i=merchant-items&me=A1HHNBJES4IIQK&s=exact-aware-popularity-rank&ds=v1%3A5GI1qv47ulI6PjEg%2BMwJSl1ECFjNO6B6JQaZbR7In%2BE&marketplaceID=ATVPDKIKX0DER&qid=1776046094&ref=sr_st_exact-aware-popularity-rank
2026-06-12,2026-06-12T05:08:41+00:00,Competitor Store 6,seller,seller,LASFOUR (Warrior),1,B0H2TTHJBD,24,24,24,display_order,24,"We All Came From There - Personalized Custom 3D Inflated Effect Mug, Who Would Have Thought That Something So Fantastic Co...",,,,,,,no,https://www.amazon.com/All-Came-There-Personalized-Something/dp/B0H2TTHJBD/ref=sr_1_9?dib=eyJ2IjoiMSJ9.Vwu4uCajTGJarejvDVXSXAWZisEy2XEqwV3cmj3Fx4TiG2phOvQjlBfL4ixMBGqfQJ5_B8Gt7FPLQjqkJR6xYLKOUVHYvvG6y5dxkJ-Us2fcOCEnHP9gMJ9VHfb8uN2KNI4mYb7CT2PvhcjRYT4AgL1betoibIlbDAeFNyf3HtrdQS8Uv0hKqItdryUDHv83FXJtISm1AFkORGhpEZYM7QbSLDzSjqUXVer9B8kQLzA.GOuX9Ppk28BpZLTMibScsqORwGikqX47vG0ri-WkQjA&dib_tag=se&m=A1HHNBJES4IIQK&marketplaceID=ATVPDKIKX0DER&nsdOptOutParam=true&qid=1781240999&s=merchant-items&sr=1-9,https://m.media-amazon.com/images/I/61NHlj8zNlL._AC_UY218_.jpg,https://www.amazon.com/s?i=merchant-items&me=A1HHNBJES4IIQK&s=exact-aware-popularity-rank&ds=v1%3A5GI1qv47ulI6PjEg%2BMwJSl1ECFjNO6B6JQaZbR7In%2BE&marketplaceID=ATVPDKIKX0DER&qid=1776046094&ref=sr_st_exact-aware-popularity-rank
2026-06-12,2026-06-12T05:08:41+00:00,Competitor Store 6,seller,seller,LASFOUR (Warrior),1,B0F8HBTZ3L,25,25,25,display_order,25,"LASFOUR Best Flippin' Dad Ever - Family Personalized Custom Platter - Father's Day, Gift For Dad, Grandpa, Daddys Grilling...",,,,,,,no,https://www.amazon.com/LASFOUR-Best-Flippin-Dad-Ever/dp/B0F8HBTZ3L/ref=sr_1_10?dib=eyJ2IjoiMSJ9.Vwu4uCajTGJarejvDVXSXAWZisEy2XEqwV3cmj3Fx4TiG2phOvQjlBfL4ixMBGqfQJ5_B8Gt7FPLQjqkJR6xYLKOUVHYvvG6y5dxkJ-Us2fcOCEnHP9gMJ9VHfb8uN2KNI4mYb7CT2PvhcjRYT4AgL1betoibIlbDAeFNyf3HtrdQS8Uv0hKqItdryUDHv83FXJtISm1AFkORGhpEZYM7QbSLDzSjqUXVer9B8kQLzA.GOuX9Ppk28BpZLTMibScsqORwGikqX47vG0ri-WkQjA&dib_tag=se&m=A1HHNBJES4IIQK&marketplaceID=ATVPDKIKX0DER&nsdOptOutParam=true&qid=1781240999&s=merchant-items&sr=1-10,https://m.media-amazon.com/images/I/51-Nj6Q3yhL._AC_UY218_.jpg,https://www.amazon.com/s?i=merchant-items&me=A1HHNBJES4IIQK&s=exact-aware-popularity-rank&ds=v1%3A5GI1qv47ulI6PjEg%2BMwJSl1ECFjNO6B6JQaZbR7In%2BE&marketplaceID=ATVPDKIKX0DER&qid=1776046094&ref=sr_st_exact-aware-popularity-rank
2026-06-12,2026-06-12T05:08:41+00:00,Competitor Store 6,seller,seller,LASFOUR (Warrior),1,B0F5HBLRRN,26,26,26,display_order,26,"To Daddy Now You Can Carry Me Too From Bump, Ultrasound Keychain Gift For Dad Cant Wait To Meet You Daddy First Father's Gift",,,,,,,no,https://www.amazon.com/Daddy-Carry-Ultrasound-Keychain-Fathers/dp/B0F5HBLRRN/ref=sr_1_11?dib=eyJ2IjoiMSJ9.Vwu4uCajTGJarejvDVXSXAWZisEy2XEqwV3cmj3Fx4TiG2phOvQjlBfL4ixMBGqfQJ5_B8Gt7FPLQjqkJR6xYLKOUVHYvvG6y5dxkJ-Us2fcOCEnHP9gMJ9VHfb8uN2KNI4mYb7CT2PvhcjRYT4AgL1betoibIlbDAeFNyf3HtrdQS8Uv0hKqItdryUDHv83FXJtISm1AFkORGhpEZYM7QbSLDzSjqUXVer9B8kQLzA.GOuX9Ppk28BpZLTMibScsqORwGikqX47vG0ri-WkQjA&dib_tag=se&m=A1HHNBJES4IIQK&marketplaceID=ATVPDKIKX0DER&nsdOptOutParam=true&qid=1781240999&s=merchant-items&sr=1-11,https://m.media-amazon.com/images/I/71hMB+E9WLL._AC_UY218_.jpg,https://www.amazon.com/s?i=merchant-items&me=A1HHNBJES4IIQK&s=exact-aware-popularity-rank&ds=v1%3A5GI1qv47ulI6PjEg%2BMwJSl1ECFjNO6B6JQaZbR7In%2BE&marketplaceID=ATVPDKIKX0DER&qid=1776046094&ref=sr_st_exact-aware-popularity-rank
2026-06-12,2026-06-12T05:08:41+00:00,Competitor Store 6,seller,seller,LASFOUR (Warrior),1,B0CTTB5NPH,27,27,27,display_order,27,"LASFOUR Custom Bootleg Rap Tee, I Love My Wife Shirts for Men, Vintage Graphic Shirt with Faces On Them Custom",,,,,,,no,https://www.amazon.com/LASFOUR-Girlfriend-Collage-Valentine-Boyfriend/dp/B0CTTB5NPH/ref=sr_1_12?dib=eyJ2IjoiMSJ9.Vwu4uCajTGJarejvDVXSXAWZisEy2XEqwV3cmj3Fx4TiG2phOvQjlBfL4ixMBGqfQJ5_B8Gt7FPLQjqkJR6xYLKOUVHYvvG6y5dxkJ-Us2fcOCEnHP9gMJ9VHfb8uN2KNI4mYb7CT2PvhcjRYT4AgL1betoibIlbDAeFNyf3HtrdQS8Uv0hKqItdryUDHv83FXJtISm1AFkORGhpEZYM7QbSLDzSjqUXVer9B8kQLzA.GOuX9Ppk28BpZLTMibScsqORwGikqX47vG0ri-WkQjA&dib_tag=se&m=A1HHNBJES4IIQK&marketplaceID=ATVPDKIKX0DER&nsdOptOutParam=true&qid=1781240999&s=merchant-items&sr=1-12,https://m.media-amazon.com/images/I/71pUbU-my4L._AC_UY218_.jpg,https://www.amazon.com/s?i=merchant-items&me=A1HHNBJES4IIQK&s=exact-aware-popularity-rank&ds=v1%3A5GI1qv47ulI6PjEg%2BMwJSl1ECFjNO6B6JQaZbR7In%2BE&marketplaceID=ATVPDKIKX0DER&qid=1776046094&ref=sr_st_exact-aware-popularity-rank
2026-06-12,2026-06-12T05:08:41+00:00,Competitor Store 6,seller,seller,LASFOUR (Warrior),1,B0FLNCLSJG,28,28,28,display_order,28,B01,,,,,,,no,https://www.amazon.com/LASFOUR-Girlfriend-Collage-Valentine-Boyfriend/dp/B0FLNCLSJG/ref=is_sr_dp_2?dib=eyJ2IjoiMSJ9.Vwu4uCajTGJarejvDVXSXAWZisEy2XEqwV3cmj3Fx4TiG2phOvQjlBfL4ixMBGqfQJ5_B8Gt7FPLQjqkJR6xYLKOUVHYvvG6y5dxkJ-Us2fcOCEnHP9gMJ9VHfb8uN2KNI4mYb7CT2PvhcjRYT4AgL1betoibIlbDAeFNyf3HtrdQS8Uv0hKqItdryUDHv83FXJtISm1AFkORGhpEZYM7QbSLDzSjqUXVer9B8kQLzA.GOuX9Ppk28BpZLTMibScsqORwGikqX47vG0ri-WkQjA&dib_tag=se&m=A1HHNBJES4IIQK&marketplaceID=ATVPDKIKX0DER&nsdOptOutParam=true&qid=1781240999&s=merchant-items&sr=1-12,,https://www.amazon.com/s?i=merchant-items&me=A1HHNBJES4IIQK&s=exact-aware-popularity-rank&ds=v1%3A5GI1qv47ulI6PjEg%2BMwJSl1ECFjNO6B6JQaZbR7In%2BE&marketplaceID=ATVPDKIKX0DER&qid=1776046094&ref=sr_st_exact-aware-popularity-rank
2026-06-12,2026-06-12T05:08:41+00:00,Competitor Store 6,seller,seller,LASFOUR (Warrior),1,B0G641JF1S,29,29,29,display_order,29,B02,,,,,,,no,https://www.amazon.com/LASFOUR-Girlfriend-Collage-Valentine-Boyfriend/dp/B0G641JF1S/ref=is_sr_dp_3?dib=eyJ2IjoiMSJ9.Vwu4uCajTGJarejvDVXSXAWZisEy2XEqwV3cmj3Fx4TiG2phOvQjlBfL4ixMBGqfQJ5_B8Gt7FPLQjqkJR6xYLKOUVHYvvG6y5dxkJ-Us2fcOCEnHP9gMJ9VHfb8uN2KNI4mYb7CT2PvhcjRYT4AgL1betoibIlbDAeFNyf3HtrdQS8Uv0hKqItdryUDHv83FXJtISm1AFkORGhpEZYM7QbSLDzSjqUXVer9B8kQLzA.GOuX9Ppk28BpZLTMibScsqORwGikqX47vG0ri-WkQjA&dib_tag=se&m=A1HHNBJES4IIQK&marketplaceID=ATVPDKIKX0DER&nsdOptOutParam=true&qid=1781240999&s=merchant-items&sr=1-12,,https://www.amazon.com/s?i=merchant-items&me=A1HHNBJES4IIQK&s=exact-aware-popularity-rank&ds=v1%3A5GI1qv47ulI6PjEg%2BMwJSl1ECFjNO6B6JQaZbR7In%2BE&marketplaceID=ATVPDKIKX0DER&qid=1776046094&ref=sr_st_exact-aware-popularity-rank
2026-06-12,2026-06-12T05:08:41+00:00,Competitor Store 6,seller,seller,LASFOUR (Warrior),1,B0GBVGVQSS,30,30,30,display_order,30,B03,,,,,,,no,https://www.amazon.com/LASFOUR-Girlfriend-Collage-Valentine-Boyfriend/dp/B0GBVGVQSS/ref=is_sr_dp_4?dib=eyJ2IjoiMSJ9.Vwu4uCajTGJarejvDVXSXAWZisEy2XEqwV3cmj3Fx4TiG2phOvQjlBfL4ixMBGqfQJ5_B8Gt7FPLQjqkJR6xYLKOUVHYvvG6y5dxkJ-Us2fcOCEnHP9gMJ9VHfb8uN2KNI4mYb7CT2PvhcjRYT4AgL1betoibIlbDAeFNyf3HtrdQS8Uv0hKqItdryUDHv83FXJtISm1AFkORGhpEZYM7QbSLDzSjqUXVer9B8kQLzA.GOuX9Ppk28BpZLTMibScsqORwGikqX47vG0ri-WkQjA&dib_tag=se&m=A1HHNBJES4IIQK&marketplaceID=ATVPDKIKX0DER&nsdOptOutParam=true&qid=1781240999&s=merchant-items&sr=1-12,,https://www.amazon.com/s?i=merchant-items&me=A1HHNBJES4IIQK&s=exact-aware-popularity-rank&ds=v1%3A5GI1qv47ulI6PjEg%2BMwJSl1ECFjNO6B6JQaZbR7In%2BE&marketplaceID=ATVPDKIKX0DER&qid=1776046094&ref=sr_st_exact-aware-popularity-rank
2026-06-12,2026-06-12T05:08:41+00:00,Competitor Store 6,seller,seller,LASFOUR (Warrior),1,B0CQX3ZX7Z,31,31,31,display_order,31,Bl02,,,,,,,no,https://www.amazon.com/LASFOUR-Girlfriend-Collage-Valentine-Boyfriend/dp/B0CQX3ZX7Z/ref=is_sr_dp_5?dib=eyJ2IjoiMSJ9.Vwu4uCajTGJarejvDVXSXAWZisEy2XEqwV3cmj3Fx4TiG2phOvQjlBfL4ixMBGqfQJ5_B8Gt7FPLQjqkJR6xYLKOUVHYvvG6y5dxkJ-Us2fcOCEnHP9gMJ9VHfb8uN2KNI4mYb7CT2PvhcjRYT4AgL1betoibIlbDAeFNyf3HtrdQS8Uv0hKqItdryUDHv83FXJtISm1AFkORGhpEZYM7QbSLDzSjqUXVer9B8kQLzA.GOuX9Ppk28BpZLTMibScsqORwGikqX47vG0ri-WkQjA&dib_tag=se&m=A1HHNBJES4IIQK&marketplaceID=ATVPDKIKX0DER&nsdOptOutParam=true&qid=1781240999&s=merchant-items&sr=1-12,,https://www.amazon.com/s?i=merchant-items&me=A1HHNBJES4IIQK&s=exact-aware-popularity-rank&ds=v1%3A5GI1qv47ulI6PjEg%2BMwJSl1ECFjNO6B6JQaZbR7In%2BE&marketplaceID=ATVPDKIKX0DER&qid=1776046094&ref=sr_st_exact-aware-popularity-rank
2026-06-12,2026-06-12T05:08:41+00:00,Competitor Store 6,seller,seller,LASFOUR (Warrior),1,B0D55X44N7,32,32,32,display_order,32,Bl04,,,,,,,no,https://www.amazon.com/LASFOUR-Girlfriend-Collage-Valentine-Boyfriend/dp/B0D55X44N7/ref=is_sr_dp_6?dib=eyJ2IjoiMSJ9.Vwu4uCajTGJarejvDVXSXAWZisEy2XEqwV3cmj3Fx4TiG2phOvQjlBfL4ixMBGqfQJ5_B8Gt7FPLQjqkJR6xYLKOUVHYvvG6y5dxkJ-Us2fcOCEnHP9gMJ9VHfb8uN2KNI4mYb7CT2PvhcjRYT4AgL1betoibIlbDAeFNyf3HtrdQS8Uv0hKqItdryUDHv83FXJtISm1AFkORGhpEZYM7QbSLDzSjqUXVer9B8kQLzA.GOuX9Ppk28BpZLTMibScsqORwGikqX47vG0ri-WkQjA&dib_tag=se&m=A1HHNBJES4IIQK&marketplaceID=ATVPDKIKX0DER&nsdOptOutParam=true&qid=1781240999&s=merchant-items&sr=1-12,,https://www.amazon.com/s?i=merchant-items&me=A1HHNBJES4IIQK&s=exact-aware-popularity-rank&ds=v1%3A5GI1qv47ulI6PjEg%2BMwJSl1ECFjNO6B6JQaZbR7In%2BE&marketplaceID=ATVPDKIKX0DER&qid=1776046094&ref=sr_st_exact-aware-popularity-rank
2026-06-12,2026-06-12T05:08:41+00:00,Competitor Store 6,seller,seller,LASFOUR (Warrior),1,B0GX5HGTPY,33,33,33,display_order,33,"To My Son The Only Thing Better Than Having You As A Son Is Watching You Being A Father Shirt, Custom Inside Neck Print T-...",,,,,,,no,https://www.amazon.com/Better-Having-Watching-Father-T-Shirt/dp/B0GX5HGTPY/ref=sr_1_13?dib=eyJ2IjoiMSJ9.Vwu4uCajTGJarejvDVXSXAWZisEy2XEqwV3cmj3Fx4TiG2phOvQjlBfL4ixMBGqfQJ5_B8Gt7FPLQjqkJR6xYLKOUVHYvvG6y5dxkJ-Us2fcOCEnHP9gMJ9VHfb8uN2KNI4mYb7CT2PvhcjRYT4AgL1betoibIlbDAeFNyf3HtrdQS8Uv0hKqItdryUDHv83FXJtISm1AFkORGhpEZYM7QbSLDzSjqUXVer9B8kQLzA.GOuX9Ppk28BpZLTMibScsqORwGikqX47vG0ri-WkQjA&dib_tag=se&m=A1HHNBJES4IIQK&marketplaceID=ATVPDKIKX0DER&nsdOptOutParam=true&qid=1781240999&s=merchant-items&sr=1-13,https://m.media-amazon.com/images/I/61CwRmhxwXL._AC_UY218_.jpg,https://www.amazon.com/s?i=merchant-items&me=A1HHNBJES4IIQK&s=exact-aware-popularity-rank&ds=v1%3A5GI1qv47ulI6PjEg%2BMwJSl1ECFjNO6B6JQaZbR7In%2BE&marketplaceID=ATVPDKIKX0DER&qid=1776046094&ref=sr_st_exact-aware-popularity-rank
2026-06-12,2026-06-12T05:08:41+00:00,Competitor Store 6,seller,seller,LASFOUR (Warrior),1,B0D2NS4HL7,34,34,34,display_order,34,"Fist Bump Daddy Grandpa Cap, Personalized Dad Hat, Personalized Fathers Day Dad Gifts for Husband,Cap Gifts for Men, Dad G...",,,,,,,no,https://www.amazon.com/Grandpa-Personalized-Fathers-Birthday-Daughter/dp/B0D2NS4HL7/ref=sr_1_14?dib=eyJ2IjoiMSJ9.Vwu4uCajTGJarejvDVXSXAWZisEy2XEqwV3cmj3Fx4TiG2phOvQjlBfL4ixMBGqfQJ5_B8Gt7FPLQjqkJR6xYLKOUVHYvvG6y5dxkJ-Us2fcOCEnHP9gMJ9VHfb8uN2KNI4mYb7CT2PvhcjRYT4AgL1betoibIlbDAeFNyf3HtrdQS8Uv0hKqItdryUDHv83FXJtISm1AFkORGhpEZYM7QbSLDzSjqUXVer9B8kQLzA.GOuX9Ppk28BpZLTMibScsqORwGikqX47vG0ri-WkQjA&dib_tag=se&m=A1HHNBJES4IIQK&marketplaceID=ATVPDKIKX0DER&nsdOptOutParam=true&qid=1781240999&s=merchant-items&sr=1-14,https://m.media-amazon.com/images/I/61vLUWE2q1L._AC_UY218_.jpg,https://www.amazon.com/s?i=merchant-items&me=A1HHNBJES4IIQK&s=exact-aware-popularity-rank&ds=v1%3A5GI1qv47ulI6PjEg%2BMwJSl1ECFjNO6B6JQaZbR7In%2BE&marketplaceID=ATVPDKIKX0DER&qid=1776046094&ref=sr_st_exact-aware-popularity-rank
2026-06-12,2026-06-12T05:08:41+00:00,Competitor Store 6,seller,seller,LASFOUR (Warrior),1,B0H1BP6FV9,35,35,35,display_order,35,"Fatherhood Is Kingdom Work - Personalized Shirt, Fatherhood Is Kingdom Work Custom Kids Names on Sleeve Shirt, Christian P...",,,,,,,no,https://www.amazon.com/Fatherhood-Kingdom-Work-Personalized-Christian/dp/B0H1BP6FV9/ref=sr_1_15?dib=eyJ2IjoiMSJ9.Vwu4uCajTGJarejvDVXSXAWZisEy2XEqwV3cmj3Fx4TiG2phOvQjlBfL4ixMBGqfQJ5_B8Gt7FPLQjqkJR6xYLKOUVHYvvG6y5dxkJ-Us2fcOCEnHP9gMJ9VHfb8uN2KNI4mYb7CT2PvhcjRYT4AgL1betoibIlbDAeFNyf3HtrdQS8Uv0hKqItdryUDHv83FXJtISm1AFkORGhpEZYM7QbSLDzSjqUXVer9B8kQLzA.GOuX9Ppk28BpZLTMibScsqORwGikqX47vG0ri-WkQjA&dib_tag=se&m=A1HHNBJES4IIQK&marketplaceID=ATVPDKIKX0DER&nsdOptOutParam=true&qid=1781240999&s=merchant-items&sr=1-15,https://m.media-amazon.com/images/I/51VUs3Uw2hL._AC_UY218_.jpg,https://www.amazon.com/s?i=merchant-items&me=A1HHNBJES4IIQK&s=exact-aware-popularity-rank&ds=v1%3A5GI1qv47ulI6PjEg%2BMwJSl1ECFjNO6B6JQaZbR7In%2BE&marketplaceID=ATVPDKIKX0DER&qid=1776046094&ref=sr_st_exact-aware-popularity-rank
2026-06-12,2026-06-12T05:08:41+00:00,Competitor Store 6,seller,seller,LASFOUR (Warrior),1,B0D49H4XH1,36,36,36,display_order,36,"LASFOUR Custom Grilling Plate Best Flippin' Dad For Dad Papa, Daddy's Grilling Plate Personalized Father's Day Grilling Gi...",,,,,,,no,https://www.amazon.com/LASFOUR-Grilling-Personalized-Daughter-Birthday/dp/B0D49H4XH1/ref=sr_1_16?dib=eyJ2IjoiMSJ9.Vwu4uCajTGJarejvDVXSXAWZisEy2XEqwV3cmj3Fx4TiG2phOvQjlBfL4ixMBGqfQJ5_B8Gt7FPLQjqkJR6xYLKOUVHYvvG6y5dxkJ-Us2fcOCEnHP9gMJ9VHfb8uN2KNI4mYb7CT2PvhcjRYT4AgL1betoibIlbDAeFNyf3HtrdQS8Uv0hKqItdryUDHv83FXJtISm1AFkORGhpEZYM7QbSLDzSjqUXVer9B8kQLzA.GOuX9Ppk28BpZLTMibScsqORwGikqX47vG0ri-WkQjA&dib_tag=se&m=A1HHNBJES4IIQK&marketplaceID=ATVPDKIKX0DER&nsdOptOutParam=true&qid=1781240999&s=merchant-items&sr=1-16,https://m.media-amazon.com/images/I/511JEbV8bRL._AC_UY218_.jpg,https://www.amazon.com/s?i=merchant-items&me=A1HHNBJES4IIQK&s=exact-aware-popularity-rank&ds=v1%3A5GI1qv47ulI6PjEg%2BMwJSl1ECFjNO6B6JQaZbR7In%2BE&marketplaceID=ATVPDKIKX0DER&qid=1776046094&ref=sr_st_exact-aware-popularity-rank
2026-06-12,2026-06-12T05:08:41+00:00,Competitor Store 6,seller,seller,LASFOUR (Warrior),1,B0DVBL912R,37,37,37,display_order,37,Amazon Business Card,,,,,,,no,https://www.amazon.com/dp/B0DVBL912R?plattr=ACOMFO&ie=UTF-8,,https://www.amazon.com/s?i=merchant-items&me=A1HHNBJES4IIQK&s=exact-aware-popularity-rank&ds=v1%3A5GI1qv47ulI6PjEg%2BMwJSl1ECFjNO6B6JQaZbR7In%2BE&marketplaceID=ATVPDKIKX0DER&qid=1776046094&ref=sr_st_exact-aware-popularity-rank
2026-06-12,2026-06-12T05:08:41+00:00,Competitor Store 7,seller,seller,DDK Trading,1,B0GBX9DGMN,1,1,1,display_order,1,"NAZENTI Custom Daddy and Me Brick Photo Block gifts for Fathers Day, Christmas, Birthday, Personalized Photo Puzzle Gift f...",,,,,,,no,https://www.amazon.com/NAZENTI-Christmas-Birthday-Personalized-Building/dp/B0GBX9DGMN/ref=sr_1_1?dib=eyJ2IjoiMSJ9.6qrBaDo4NNdxJlXmWFC8uUTvZz4R5-VarQP98NodX_QfrB0s9Mr87UkO8GnK-gs5cEpS7ehwAV6XgJr8vU4Ssd2bE0F7DwM7hqAi6YXGuvsGImtUbgXBDCgSuD5KhPtOTZQNdw3DwTFb0oG5XZZ4MRO6qEY7geOxtVpRjxCM-f8I9lA7-DUK1ppTrkHVuRUClIK7uXapSrDcOTfo1use974UctcKJzm9a5mJHBhRRKI.9zv5U8QW0jZyVK62mdLni2kK8FDOuT9E3GDFPW1mPtY&dib_tag=se&m=A3LCWSWGMXIKGW&marketplaceID=ATVPDKIKX0DER&nsdOptOutParam=true&qid=1781241007&s=merchant-items&sr=1-1,https://m.media-amazon.com/images/I/61VfNpXKbKL._AC_UY218_.jpg,https://www.amazon.com/s?i=merchant-items&me=A3LCWSWGMXIKGW&s=exact-aware-popularity-rank&ds=v1%3AOssb3slwMGkeRk56DVAweI6zNMkmnR8sgoR42YLe28E&marketplaceID=ATVPDKIKX0DER&qid=1776148939&ref=sr_st_exact-aware-popularity-rank
2026-06-12,2026-06-12T05:08:41+00:00,Competitor Store 7,seller,seller,DDK Trading,1,B0GR56W8TL,2,2,2,display_order,2,"NAZENTI Personalized 250th Anniversary 4th of July Door Sign with Family Name, Custom Door Wreaths for 250 USA Anniversar...",,,,,,,no,https://www.amazon.com/NAZENTI-Personalized-Anniversary-Customized-Decorations/dp/B0GR56W8TL/ref=sr_1_2?dib=eyJ2IjoiMSJ9.6qrBaDo4NNdxJlXmWFC8uUTvZz4R5-VarQP98NodX_QfrB0s9Mr87UkO8GnK-gs5cEpS7ehwAV6XgJr8vU4Ssd2bE0F7DwM7hqAi6YXGuvsGImtUbgXBDCgSuD5KhPtOTZQNdw3DwTFb0oG5XZZ4MRO6qEY7geOxtVpRjxCM-f8I9lA7-DUK1ppTrkHVuRUClIK7uXapSrDcOTfo1use974UctcKJzm9a5mJHBhRRKI.9zv5U8QW0jZyVK62mdLni2kK8FDOuT9E3GDFPW1mPtY&dib_tag=se&m=A3LCWSWGMXIKGW&marketplaceID=ATVPDKIKX0DER&nsdOptOutParam=true&qid=1781241007&s=merchant-items&sr=1-2,https://m.media-amazon.com/images/I/81mnKErUdJL._AC_UY218_.jpg,https://www.amazon.com/s?i=merchant-items&me=A3LCWSWGMXIKGW&s=exact-aware-popularity-rank&ds=v1%3AOssb3slwMGkeRk56DVAweI6zNMkmnR8sgoR42YLe28E&marketplaceID=ATVPDKIKX0DER&qid=1776148939&ref=sr_st_exact-aware-popularity-rank
2026-06-12,2026-06-12T05:08:41+00:00,Competitor Store 7,seller,seller,DDK Trading,1,B0GX94M53X,3,3,3,display_order,3,"NAZENTI Personalized Mom Grandma Heart Wooden Plaque, Custom Mothers Day Plaque for Mom Grandma with Kids Name, Customized...",,,,,,,no,https://www.amazon.com/NAZENTI-Personalized-Customized-Decorations-Heartfelt/dp/B0GX94M53X/ref=sr_1_3?dib=eyJ2IjoiMSJ9.6qrBaDo4NNdxJlXmWFC8uUTvZz4R5-VarQP98NodX_QfrB0s9Mr87UkO8GnK-gs5cEpS7ehwAV6XgJr8vU4Ssd2bE0F7DwM7hqAi6YXGuvsGImtUbgXBDCgSuD5KhPtOTZQNdw3DwTFb0oG5XZZ4MRO6qEY7geOxtVpRjxCM-f8I9lA7-DUK1ppTrkHVuRUClIK7uXapSrDcOTfo1use974UctcKJzm9a5mJHBhRRKI.9zv5U8QW0jZyVK62mdLni2kK8FDOuT9E3GDFPW1mPtY&dib_tag=se&m=A3LCWSWGMXIKGW&marketplaceID=ATVPDKIKX0DER&nsdOptOutParam=true&qid=1781241007&s=merchant-items&sr=1-3,https://m.media-amazon.com/images/I/71tteoKtUxL._AC_UY218_.jpg,https://www.amazon.com/s?i=merchant-items&me=A3LCWSWGMXIKGW&s=exact-aware-popularity-rank&ds=v1%3AOssb3slwMGkeRk56DVAweI6zNMkmnR8sgoR42YLe28E&marketplaceID=ATVPDKIKX0DER&qid=1776148939&ref=sr_st_exact-aware-popularity-rank
2026-06-12,2026-06-12T05:08:41+00:00,Competitor Store 7,seller,seller,DDK Trading,1,B0FFH5MKBL,4,4,4,display_order,4,"Nonnie Personalized Baby Blanket with Name - Custom Embroidered Knitted Ruffled Blanket for Newborn, 30x40 inch, Customize...",,,,,,,no,https://www.amazon.com/Nonnie-Personalized-Baby-Blanket-Name/dp/B0FFH5MKBL/ref=sr_1_4?dib=eyJ2IjoiMSJ9.6qrBaDo4NNdxJlXmWFC8uUTvZz4R5-VarQP98NodX_QfrB0s9Mr87UkO8GnK-gs5cEpS7ehwAV6XgJr8vU4Ssd2bE0F7DwM7hqAi6YXGuvsGImtUbgXBDCgSuD5KhPtOTZQNdw3DwTFb0oG5XZZ4MRO6qEY7geOxtVpRjxCM-f8I9lA7-DUK1ppTrkHVuRUClIK7uXapSrDcOTfo1use974UctcKJzm9a5mJHBhRRKI.9zv5U8QW0jZyVK62mdLni2kK8FDOuT9E3GDFPW1mPtY&dib_tag=se&m=A3LCWSWGMXIKGW&marketplaceID=ATVPDKIKX0DER&nsdOptOutParam=true&qid=1781241007&s=merchant-items&sr=1-4,https://m.media-amazon.com/images/I/81iHnveqR+L._AC_UY218_.jpg,https://www.amazon.com/s?i=merchant-items&me=A3LCWSWGMXIKGW&s=exact-aware-popularity-rank&ds=v1%3AOssb3slwMGkeRk56DVAweI6zNMkmnR8sgoR42YLe28E&marketplaceID=ATVPDKIKX0DER&qid=1776148939&ref=sr_st_exact-aware-popularity-rank
2026-06-12,2026-06-12T05:08:41+00:00,Competitor Store 7,seller,seller,DDK Trading,1,B0DZSP23CN,5,5,5,display_order,5,"LOVELYPOD Personalized Grandma Stained Glass Sun Catcher, Photo Family Portrait Faux Window Hanging Ornament, Custom Photo...",,,,,,,no,https://www.amazon.com/LOVELYPOD-Personalized-Portrait-Ornament-Christmas/dp/B0DZSP23CN/ref=sr_1_5?dib=eyJ2IjoiMSJ9.6qrBaDo4NNdxJlXmWFC8uUTvZz4R5-VarQP98NodX_QfrB0s9Mr87UkO8GnK-gs5cEpS7ehwAV6XgJr8vU4Ssd2bE0F7DwM7hqAi6YXGuvsGImtUbgXBDCgSuD5KhPtOTZQNdw3DwTFb0oG5XZZ4MRO6qEY7geOxtVpRjxCM-f8I9lA7-DUK1ppTrkHVuRUClIK7uXapSrDcOTfo1use974UctcKJzm9a5mJHBhRRKI.9zv5U8QW0jZyVK62mdLni2kK8FDOuT9E3GDFPW1mPtY&dib_tag=se&m=A3LCWSWGMXIKGW&marketplaceID=ATVPDKIKX0DER&nsdOptOutParam=true&qid=1781241007&s=merchant-items&sr=1-5,https://m.media-amazon.com/images/I/91Y74lNiOeL._AC_UY218_.jpg,https://www.amazon.com/s?i=merchant-items&me=A3LCWSWGMXIKGW&s=exact-aware-popularity-rank&ds=v1%3AOssb3slwMGkeRk56DVAweI6zNMkmnR8sgoR42YLe28E&marketplaceID=ATVPDKIKX0DER&qid=1776148939&ref=sr_st_exact-aware-popularity-rank
2026-06-12,2026-06-12T05:08:41+00:00,Competitor Store 7,seller,seller,DDK Trading,1,B0GZS2KQVJ,6,6,6,display_order,6,"NAZENTI Custom Watercolor Wall Art Photo Gifts for Fathers Day, Family Portrait Wall Art, Personalized Canvas Gifts for Pa...",,,,,,,no,https://www.amazon.com/NAZENTI-Watercolor-Fathers-Portrait-Personalized/dp/B0GZS2KQVJ/ref=sr_1_6?dib=eyJ2IjoiMSJ9.6qrBaDo4NNdxJlXmWFC8uUTvZz4R5-VarQP98NodX_QfrB0s9Mr87UkO8GnK-gs5cEpS7ehwAV6XgJr8vU4Ssd2bE0F7DwM7hqAi6YXGuvsGImtUbgXBDCgSuD5KhPtOTZQNdw3DwTFb0oG5XZZ4MRO6qEY7geOxtVpRjxCM-f8I9lA7-DUK1ppTrkHVuRUClIK7uXapSrDcOTfo1use974UctcKJzm9a5mJHBhRRKI.9zv5U8QW0jZyVK62mdLni2kK8FDOuT9E3GDFPW1mPtY&dib_tag=se&m=A3LCWSWGMXIKGW&marketplaceID=ATVPDKIKX0DER&nsdOptOutParam=true&qid=1781241007&s=merchant-items&sr=1-6,https://m.media-amazon.com/images/I/71irL09FMBL._AC_UY218_.jpg,https://www.amazon.com/s?i=merchant-items&me=A3LCWSWGMXIKGW&s=exact-aware-popularity-rank&ds=v1%3AOssb3slwMGkeRk56DVAweI6zNMkmnR8sgoR42YLe28E&marketplaceID=ATVPDKIKX0DER&qid=1776148939&ref=sr_st_exact-aware-popularity-rank
2026-06-12,2026-06-12T05:08:41+00:00,Competitor Store 7,seller,seller,DDK Trading,1,B0F2YLNN75,7,7,7,display_order,7,"Julyly POD Personalized Class of 2026 Graduation Stole, Custom Photo Logo Graduate, Class of 2026 Sash, Meaningful Gifts f...",,,,,,,no,https://www.amazon.com/Julyly-POD-Personalized-Graduation-Stole/dp/B0F2YLNN75/ref=sr_1_7?dib=eyJ2IjoiMSJ9.6qrBaDo4NNdxJlXmWFC8uUTvZz4R5-VarQP98NodX_QfrB0s9Mr87UkO8GnK-gs5cEpS7ehwAV6XgJr8vU4Ssd2bE0F7DwM7hqAi6YXGuvsGImtUbgXBDCgSuD5KhPtOTZQNdw3DwTFb0oG5XZZ4MRO6qEY7geOxtVpRjxCM-f8I9lA7-DUK1ppTrkHVuRUClIK7uXapSrDcOTfo1use974UctcKJzm9a5mJHBhRRKI.9zv5U8QW0jZyVK62mdLni2kK8FDOuT9E3GDFPW1mPtY&dib_tag=se&m=A3LCWSWGMXIKGW&marketplaceID=ATVPDKIKX0DER&nsdOptOutParam=true&qid=1781241007&s=merchant-items&sr=1-7,https://m.media-amazon.com/images/I/61pSzpvwFaL._AC_UY218_.jpg,https://www.amazon.com/s?i=merchant-items&me=A3LCWSWGMXIKGW&s=exact-aware-popularity-rank&ds=v1%3AOssb3slwMGkeRk56DVAweI6zNMkmnR8sgoR42YLe28E&marketplaceID=ATVPDKIKX0DER&qid=1776148939&ref=sr_st_exact-aware-popularity-rank
2026-06-12,2026-06-12T05:08:41+00:00,Competitor Store 7,seller,seller,DDK Trading,1,B0GZ6PRLFD,8,8,8,display_order,8,"NAZENTI Personalized Vintage Street Sign For Couple Canvas, Custom Names & Date, Valentines Day Gift for Girlfriend Boyfriend",,,,,,,no,https://www.amazon.com/NAZENTI-Personalized-Valentines-Girlfriend-Boyfriend/dp/B0GZ6PRLFD/ref=sr_1_8?dib=eyJ2IjoiMSJ9.6qrBaDo4NNdxJlXmWFC8uUTvZz4R5-VarQP98NodX_QfrB0s9Mr87UkO8GnK-gs5cEpS7ehwAV6XgJr8vU4Ssd2bE0F7DwM7hqAi6YXGuvsGImtUbgXBDCgSuD5KhPtOTZQNdw3DwTFb0oG5XZZ4MRO6qEY7geOxtVpRjxCM-f8I9lA7-DUK1ppTrkHVuRUClIK7uXapSrDcOTfo1use974UctcKJzm9a5mJHBhRRKI.9zv5U8QW0jZyVK62mdLni2kK8FDOuT9E3GDFPW1mPtY&dib_tag=se&m=A3LCWSWGMXIKGW&marketplaceID=ATVPDKIKX0DER&nsdOptOutParam=true&qid=1781241007&s=merchant-items&sr=1-8,https://m.media-amazon.com/images/I/814Kzjcs6DL._AC_UY218_.jpg,https://www.amazon.com/s?i=merchant-items&me=A3LCWSWGMXIKGW&s=exact-aware-popularity-rank&ds=v1%3AOssb3slwMGkeRk56DVAweI6zNMkmnR8sgoR42YLe28E&marketplaceID=ATVPDKIKX0DER&qid=1776148939&ref=sr_st_exact-aware-popularity-rank
2026-06-12,2026-06-12T05:08:41+00:00,Competitor Store 7,seller,seller,DDK Trading,1,B0F17J6XQG,9,9,9,display_order,9,"Julyly POD Custom Dog Portrait, Personalized Canvas Wall Art with Name, Whimsical Painting Decor, Pet Portrait from Photo,...",,,,,,,no,https://www.amazon.com/Julyly-POD-Personalized-Whimsical-Christmas/dp/B0F17J6XQG/ref=sr_1_9?dib=eyJ2IjoiMSJ9.6qrBaDo4NNdxJlXmWFC8uUTvZz4R5-VarQP98NodX_QfrB0s9Mr87UkO8GnK-gs5cEpS7ehwAV6XgJr8vU4Ssd2bE0F7DwM7hqAi6YXGuvsGImtUbgXBDCgSuD5KhPtOTZQNdw3DwTFb0oG5XZZ4MRO6qEY7geOxtVpRjxCM-f8I9lA7-DUK1ppTrkHVuRUClIK7uXapSrDcOTfo1use974UctcKJzm9a5mJHBhRRKI.9zv5U8QW0jZyVK62mdLni2kK8FDOuT9E3GDFPW1mPtY&dib_tag=se&m=A3LCWSWGMXIKGW&marketplaceID=ATVPDKIKX0DER&nsdOptOutParam=true&qid=1781241007&s=merchant-items&sr=1-9,https://m.media-amazon.com/images/I/91Xif3TjTRL._AC_UY218_.jpg,https://www.amazon.com/s?i=merchant-items&me=A3LCWSWGMXIKGW&s=exact-aware-popularity-rank&ds=v1%3AOssb3slwMGkeRk56DVAweI6zNMkmnR8sgoR42YLe28E&marketplaceID=ATVPDKIKX0DER&qid=1776148939&ref=sr_st_exact-aware-popularity-rank
2026-06-12,2026-06-12T05:08:41+00:00,Competitor Store 7,seller,seller,DDK Trading,1,B0F498MS8C,10,10,10,display_order,10,"SHAANT Personalized Mothers Day Gift Canvas for Mom Grandma, Mother's Day Wall Art, Custom Photo Canvas Picture, First Mom...",,,,,,,no,https://www.amazon.com/SHAANT-Personalized-Mothers-Grandma-Picture/dp/B0F498MS8C/ref=sr_1_10?dib=eyJ2IjoiMSJ9.6qrBaDo4NNdxJlXmWFC8uUTvZz4R5-VarQP98NodX_QfrB0s9Mr87UkO8GnK-gs5cEpS7ehwAV6XgJr8vU4Ssd2bE0F7DwM7hqAi6YXGuvsGImtUbgXBDCgSuD5KhPtOTZQNdw3DwTFb0oG5XZZ4MRO6qEY7geOxtVpRjxCM-f8I9lA7-DUK1ppTrkHVuRUClIK7uXapSrDcOTfo1use974UctcKJzm9a5mJHBhRRKI.9zv5U8QW0jZyVK62mdLni2kK8FDOuT9E3GDFPW1mPtY&dib_tag=se&m=A3LCWSWGMXIKGW&marketplaceID=ATVPDKIKX0DER&nsdOptOutParam=true&qid=1781241007&s=merchant-items&sr=1-10,https://m.media-amazon.com/images/I/71M3bmpesZL._AC_UY218_.jpg,https://www.amazon.com/s?i=merchant-items&me=A3LCWSWGMXIKGW&s=exact-aware-popularity-rank&ds=v1%3AOssb3slwMGkeRk56DVAweI6zNMkmnR8sgoR42YLe28E&marketplaceID=ATVPDKIKX0DER&qid=1776148939&ref=sr_st_exact-aware-popularity-rank
2026-06-12,2026-06-12T05:08:41+00:00,Competitor Store 7,seller,seller,DDK Trading,1,B0DGGLZ5CS,11,11,11,display_order,11,"Julyly POD Personalized Photo Blanket, Pet Memorial Keepsake, Dog Loss Gift, Custom Paw Print Blanket, Gift for Dog Mom & Dad",,,,,,,no,https://www.amazon.com/Julyly-POD-Personalized-Pictures-Memorial/dp/B0DGGLZ5CS/ref=sr_1_11?dib=eyJ2IjoiMSJ9.6qrBaDo4NNdxJlXmWFC8uUTvZz4R5-VarQP98NodX_QfrB0s9Mr87UkO8GnK-gs5cEpS7ehwAV6XgJr8vU4Ssd2bE0F7DwM7hqAi6YXGuvsGImtUbgXBDCgSuD5KhPtOTZQNdw3DwTFb0oG5XZZ4MRO6qEY7geOxtVpRjxCM-f8I9lA7-DUK1ppTrkHVuRUClIK7uXapSrDcOTfo1use974UctcKJzm9a5mJHBhRRKI.9zv5U8QW0jZyVK62mdLni2kK8FDOuT9E3GDFPW1mPtY&dib_tag=se&m=A3LCWSWGMXIKGW&marketplaceID=ATVPDKIKX0DER&nsdOptOutParam=true&qid=1781241007&s=merchant-items&sr=1-11,https://m.media-amazon.com/images/I/81wwvzFn9eL._AC_UY218_.jpg,https://www.amazon.com/s?i=merchant-items&me=A3LCWSWGMXIKGW&s=exact-aware-popularity-rank&ds=v1%3AOssb3slwMGkeRk56DVAweI6zNMkmnR8sgoR42YLe28E&marketplaceID=ATVPDKIKX0DER&qid=1776148939&ref=sr_st_exact-aware-popularity-rank
2026-06-12,2026-06-12T05:08:41+00:00,Competitor Store 7,seller,seller,DDK Trading,1,B0CBVDNNG3,12,12,12,display_order,12,"Cat Memorial Suncatcher, Personalized with Name Date Cats Breeds Suncatcher, Pet Loss Memorial Sympathy Gift, Stained Glas...",,,,,,,no,https://www.amazon.com/Memorial-Suncatcher-Personalized-Christmas-Ornament/dp/B0CBVDNNG3/ref=sr_1_12?dib=eyJ2IjoiMSJ9.6qrBaDo4NNdxJlXmWFC8uUTvZz4R5-VarQP98NodX_QfrB0s9Mr87UkO8GnK-gs5cEpS7ehwAV6XgJr8vU4Ssd2bE0F7DwM7hqAi6YXGuvsGImtUbgXBDCgSuD5KhPtOTZQNdw3DwTFb0oG5XZZ4MRO6qEY7geOxtVpRjxCM-f8I9lA7-DUK1ppTrkHVuRUClIK7uXapSrDcOTfo1use974UctcKJzm9a5mJHBhRRKI.9zv5U8QW0jZyVK62mdLni2kK8FDOuT9E3GDFPW1mPtY&dib_tag=se&m=A3LCWSWGMXIKGW&marketplaceID=ATVPDKIKX0DER&nsdOptOutParam=true&qid=1781241007&s=merchant-items&sr=1-12,https://m.media-amazon.com/images/I/81ZkCgQOCmL._AC_UY218_.jpg,https://www.amazon.com/s?i=merchant-items&me=A3LCWSWGMXIKGW&s=exact-aware-popularity-rank&ds=v1%3AOssb3slwMGkeRk56DVAweI6zNMkmnR8sgoR42YLe28E&marketplaceID=ATVPDKIKX0DER&qid=1776148939&ref=sr_st_exact-aware-popularity-rank
2026-06-12,2026-06-12T05:08:41+00:00,Competitor Store 7,seller,seller,DDK Trading,1,B0CMNYFB3Y,13,13,13,display_order,13,"Lovely POD German Shepherd Suncatcher Ornaments, Personalized German Shepherd Memorial with Name, Dogs Loss Ornaments, Dog...",,,,,,,no,https://www.amazon.com/Shepherd-Suncatcher-Personalized-Memorial-Remembrance/dp/B0CMNYFB3Y/ref=sr_1_13?dib=eyJ2IjoiMSJ9.6qrBaDo4NNdxJlXmWFC8uUTvZz4R5-VarQP98NodX_QfrB0s9Mr87UkO8GnK-gs5cEpS7ehwAV6XgJr8vU4Ssd2bE0F7DwM7hqAi6YXGuvsGImtUbgXBDCgSuD5KhPtOTZQNdw3DwTFb0oG5XZZ4MRO6qEY7geOxtVpRjxCM-f8I9lA7-DUK1ppTrkHVuRUClIK7uXapSrDcOTfo1use974UctcKJzm9a5mJHBhRRKI.9zv5U8QW0jZyVK62mdLni2kK8FDOuT9E3GDFPW1mPtY&dib_tag=se&m=A3LCWSWGMXIKGW&marketplaceID=ATVPDKIKX0DER&nsdOptOutParam=true&qid=1781241007&s=merchant-items&sr=1-13,https://m.media-amazon.com/images/I/81k7eck8KQL._AC_UY218_.jpg,https://www.amazon.com/s?i=merchant-items&me=A3LCWSWGMXIKGW&s=exact-aware-popularity-rank&ds=v1%3AOssb3slwMGkeRk56DVAweI6zNMkmnR8sgoR42YLe28E&marketplaceID=ATVPDKIKX0DER&qid=1776148939&ref=sr_st_exact-aware-popularity-rank
2026-06-12,2026-06-12T05:08:41+00:00,Competitor Store 7,seller,seller,DDK Trading,1,B0F8BSXRC4,14,14,14,display_order,14,"Julyly POD Custom Moon Phase Gift, Gift for Dad, Fathers Day Canvas, Personalized Gifts for Fathers Day from Daughter Son ...",,,,,,,no,https://www.amazon.com/Julyly-POD-Fathers-Personalized-Daughter/dp/B0F8BSXRC4/ref=sr_1_14?dib=eyJ2IjoiMSJ9.6qrBaDo4NNdxJlXmWFC8uUTvZz4R5-VarQP98NodX_QfrB0s9Mr87UkO8GnK-gs5cEpS7ehwAV6XgJr8vU4Ssd2bE0F7DwM7hqAi6YXGuvsGImtUbgXBDCgSuD5KhPtOTZQNdw3DwTFb0oG5XZZ4MRO6qEY7geOxtVpRjxCM-f8I9lA7-DUK1ppTrkHVuRUClIK7uXapSrDcOTfo1use974UctcKJzm9a5mJHBhRRKI.9zv5U8QW0jZyVK62mdLni2kK8FDOuT9E3GDFPW1mPtY&dib_tag=se&m=A3LCWSWGMXIKGW&marketplaceID=ATVPDKIKX0DER&nsdOptOutParam=true&qid=1781241007&s=merchant-items&sr=1-14,https://m.media-amazon.com/images/I/817OKClD7WL._AC_UY218_.jpg,https://www.amazon.com/s?i=merchant-items&me=A3LCWSWGMXIKGW&s=exact-aware-popularity-rank&ds=v1%3AOssb3slwMGkeRk56DVAweI6zNMkmnR8sgoR42YLe28E&marketplaceID=ATVPDKIKX0DER&qid=1776148939&ref=sr_st_exact-aware-popularity-rank
2026-06-12,2026-06-12T05:08:41+00:00,Competitor Store 7,seller,seller,DDK Trading,1,B0FQCK8H3N,15,15,15,display_order,15,"NAZENTI Wedding Guest Book Alternative Wooden Letter Personalized, Custom Initial Wedding Guest Book Alternative with Name...",,,,,,,no,https://www.amazon.com/NAZENTI-Alternative-Personalized-Guestbook-Reception/dp/B0FQCK8H3N/ref=sr_1_15?dib=eyJ2IjoiMSJ9.6qrBaDo4NNdxJlXmWFC8uUTvZz4R5-VarQP98NodX_QfrB0s9Mr87UkO8GnK-gs5cEpS7ehwAV6XgJr8vU4Ssd2bE0F7DwM7hqAi6YXGuvsGImtUbgXBDCgSuD5KhPtOTZQNdw3DwTFb0oG5XZZ4MRO6qEY7geOxtVpRjxCM-f8I9lA7-DUK1ppTrkHVuRUClIK7uXapSrDcOTfo1use974UctcKJzm9a5mJHBhRRKI.9zv5U8QW0jZyVK62mdLni2kK8FDOuT9E3GDFPW1mPtY&dib_tag=se&m=A3LCWSWGMXIKGW&marketplaceID=ATVPDKIKX0DER&nsdOptOutParam=true&qid=1781241007&s=merchant-items&sr=1-15,https://m.media-amazon.com/images/I/91wEmCJGTML._AC_UY218_.jpg,https://www.amazon.com/s?i=merchant-items&me=A3LCWSWGMXIKGW&s=exact-aware-popularity-rank&ds=v1%3AOssb3slwMGkeRk56DVAweI6zNMkmnR8sgoR42YLe28E&marketplaceID=ATVPDKIKX0DER&qid=1776148939&ref=sr_st_exact-aware-popularity-rank
2026-06-12,2026-06-12T05:08:41+00:00,Competitor Store 7,seller,seller,DDK Trading,1,B0D3HWFCNV,16,16,16,display_order,16,"Nonnie Personalized Dad Grandpa Cap, Custom Fist Bump Daddy Hat, 3D Baseball Cap for Men, Fathers Day Hat, Dad Grandpa Gift",,,,,,,no,https://www.amazon.com/Personalized-Custom-Birthday-Baseball-Fathers/dp/B0D3HWFCNV/ref=sr_1_16?dib=eyJ2IjoiMSJ9.6qrBaDo4NNdxJlXmWFC8uUTvZz4R5-VarQP98NodX_QfrB0s9Mr87UkO8GnK-gs5cEpS7ehwAV6XgJr8vU4Ssd2bE0F7DwM7hqAi6YXGuvsGImtUbgXBDCgSuD5KhPtOTZQNdw3DwTFb0oG5XZZ4MRO6qEY7geOxtVpRjxCM-f8I9lA7-DUK1ppTrkHVuRUClIK7uXapSrDcOTfo1use974UctcKJzm9a5mJHBhRRKI.9zv5U8QW0jZyVK62mdLni2kK8FDOuT9E3GDFPW1mPtY&dib_tag=se&m=A3LCWSWGMXIKGW&marketplaceID=ATVPDKIKX0DER&nsdOptOutParam=true&qid=1781241007&s=merchant-items&sr=1-16,https://m.media-amazon.com/images/I/71o1N-F1hgL._AC_UY218_.jpg,https://www.amazon.com/s?i=merchant-items&me=A3LCWSWGMXIKGW&s=exact-aware-popularity-rank&ds=v1%3AOssb3slwMGkeRk56DVAweI6zNMkmnR8sgoR42YLe28E&marketplaceID=ATVPDKIKX0DER&qid=1776148939&ref=sr_st_exact-aware-popularity-rank
2026-06-12,2026-06-12T05:08:41+00:00,Competitor Store 7,seller,seller,DDK Trading,1,B0D3HWH9W3,17,17,17,display_order,17,#Daddy01,,,,,,,no,https://www.amazon.com/Personalized-Custom-Birthday-Baseball-Fathers/dp/B0D3HWH9W3/ref=cs_sr_dp_loc_2?dib=eyJ2IjoiMSJ9.6qrBaDo4NNdxJlXmWFC8uUTvZz4R5-VarQP98NodX_QfrB0s9Mr87UkO8GnK-gs5cEpS7ehwAV6XgJr8vU4Ssd2bE0F7DwM7hqAi6YXGuvsGImtUbgXBDCgSuD5KhPtOTZQNdw3DwTFb0oG5XZZ4MRO6qEY7geOxtVpRjxCM-f8I9lA7-DUK1ppTrkHVuRUClIK7uXapSrDcOTfo1use974UctcKJzm9a5mJHBhRRKI.9zv5U8QW0jZyVK62mdLni2kK8FDOuT9E3GDFPW1mPtY&dib_tag=se&m=A3LCWSWGMXIKGW&marketplaceID=ATVPDKIKX0DER&nsdOptOutParam=true&qid=1781241007&s=merchant-items&sr=1-16,,https://www.amazon.com/s?i=merchant-items&me=A3LCWSWGMXIKGW&s=exact-aware-popularity-rank&ds=v1%3AOssb3slwMGkeRk56DVAweI6zNMkmnR8sgoR42YLe28E&marketplaceID=ATVPDKIKX0DER&qid=1776148939&ref=sr_st_exact-aware-popularity-rank
2026-06-12,2026-06-12T05:08:41+00:00,Competitor Store 7,seller,seller,DDK Trading,1,B0D3HXC6S8,18,18,18,display_order,18,#Grandpa01,,,,,,,no,https://www.amazon.com/Personalized-Custom-Birthday-Baseball-Fathers/dp/B0D3HXC6S8/ref=cs_sr_dp_loc_3?dib=eyJ2IjoiMSJ9.6qrBaDo4NNdxJlXmWFC8uUTvZz4R5-VarQP98NodX_QfrB0s9Mr87UkO8GnK-gs5cEpS7ehwAV6XgJr8vU4Ssd2bE0F7DwM7hqAi6YXGuvsGImtUbgXBDCgSuD5KhPtOTZQNdw3DwTFb0oG5XZZ4MRO6qEY7geOxtVpRjxCM-f8I9lA7-DUK1ppTrkHVuRUClIK7uXapSrDcOTfo1use974UctcKJzm9a5mJHBhRRKI.9zv5U8QW0jZyVK62mdLni2kK8FDOuT9E3GDFPW1mPtY&dib_tag=se&m=A3LCWSWGMXIKGW&marketplaceID=ATVPDKIKX0DER&nsdOptOutParam=true&qid=1781241007&s=merchant-items&sr=1-16,,https://www.amazon.com/s?i=merchant-items&me=A3LCWSWGMXIKGW&s=exact-aware-popularity-rank&ds=v1%3AOssb3slwMGkeRk56DVAweI6zNMkmnR8sgoR42YLe28E&marketplaceID=ATVPDKIKX0DER&qid=1776148939&ref=sr_st_exact-aware-popularity-rank
2026-06-12,2026-06-12T05:08:41+00:00,Competitor Store 7,seller,seller,DDK Trading,1,B0D3HS5RQ1,19,19,19,display_order,19,#Papa01,,,,,,,no,https://www.amazon.com/Personalized-Custom-Birthday-Baseball-Fathers/dp/B0D3HS5RQ1/ref=cs_sr_dp_loc_4?dib=eyJ2IjoiMSJ9.6qrBaDo4NNdxJlXmWFC8uUTvZz4R5-VarQP98NodX_QfrB0s9Mr87UkO8GnK-gs5cEpS7ehwAV6XgJr8vU4Ssd2bE0F7DwM7hqAi6YXGuvsGImtUbgXBDCgSuD5KhPtOTZQNdw3DwTFb0oG5XZZ4MRO6qEY7geOxtVpRjxCM-f8I9lA7-DUK1ppTrkHVuRUClIK7uXapSrDcOTfo1use974UctcKJzm9a5mJHBhRRKI.9zv5U8QW0jZyVK62mdLni2kK8FDOuT9E3GDFPW1mPtY&dib_tag=se&m=A3LCWSWGMXIKGW&marketplaceID=ATVPDKIKX0DER&nsdOptOutParam=true&qid=1781241007&s=merchant-items&sr=1-16,,https://www.amazon.com/s?i=merchant-items&me=A3LCWSWGMXIKGW&s=exact-aware-popularity-rank&ds=v1%3AOssb3slwMGkeRk56DVAweI6zNMkmnR8sgoR42YLe28E&marketplaceID=ATVPDKIKX0DER&qid=1776148939&ref=sr_st_exact-aware-popularity-rank
2026-06-12,2026-06-12T05:08:41+00:00,Competitor Store 7,seller,seller,DDK Trading,1,B0DVBL912R,20,20,20,display_order,20,Amazon Business Card,,,,,,,no,https://www.amazon.com/dp/B0DVBL912R?plattr=ACOMFO&ie=UTF-8,,https://www.amazon.com/s?i=merchant-items&me=A3LCWSWGMXIKGW&s=exact-aware-popularity-rank&ds=v1%3AOssb3slwMGkeRk56DVAweI6zNMkmnR8sgoR42YLe28E&marketplaceID=ATVPDKIKX0DER&qid=1776148939&ref=sr_st_exact-aware-popularity-rank
2026-06-12,2026-06-12T05:08:41+00:00,Competitor Store 8,seller,seller,GoPod Shop,1,B0FKBMCGKD,1,1,1,display_order,1,"Custom Dog Portrait Stained Glass Light Catcher, Pet Memorial Stained Glass Photo Light Catcher, Staineds Glass Dog Memori...",,,,,,,no,https://www.amazon.com/Custom-Stained-Glass-Light-Catcher/dp/B0FKBMCGKD/ref=sr_1_1?dib=eyJ2IjoiMSJ9.5ctkCUfTBtn6Sl0cMQTFwuJnNiLJsZ4SpstCeSNSCS2Ry6ouTmTFwWt-wUTudeWg21g6paBYfzatr_cMjaSuSe9T6bSXZyqqH0ErtbQIbCWbatuZKuRSojSOXiHAyjzbfNmKLMi8liKEWK_DHHJ7Gk7hFxU6UMUL2PZHr0cnHDRAWdGS_pW0SYchO3C-y_oqNiX3ajbHTXUTHg3kTJjVyaf9Mc8NGNWVFSjnYPmye74.BxPHH0UGyA5bOHFiPBFLEia7hQFKsw74kjO7GDbpUmw&dib_tag=se&m=A28R89VR0HHNA3&marketplaceID=ATVPDKIKX0DER&nsdOptOutParam=true&qid=1781241022&s=merchant-items&sr=1-1,https://m.media-amazon.com/images/I/71RaUd1zU9L._AC_UY218_.jpg,https://www.amazon.com/s?i=merchant-items&me=A28R89VR0HHNA3&s=exact-aware-popularity-rank&ds=v1%3AXlAxT7yXBaWckTueeBw9oCKaHz%2FRq2dEWLtSd1ZC5ks&marketplaceID=ATVPDKIKX0DER&qid=1776149674&ref=sr_st_exact-aware-popularity-rank
2026-06-12,2026-06-12T05:08:41+00:00,Competitor Store 8,seller,seller,GoPod Shop,1,B0GZ33Y7N3,2,2,2,display_order,2,"Custom Mom Photo Shirt, Personalized Mother's Day Shirt with Names, Custom Family Photo Shirts, Gift for Mom, Mama",,,,,,,no,https://www.amazon.com/Custom-Photo-Dad-Shirt-Personalized/dp/B0GZ33Y7N3/ref=sr_1_2?dib=eyJ2IjoiMSJ9.5ctkCUfTBtn6Sl0cMQTFwuJnNiLJsZ4SpstCeSNSCS2Ry6ouTmTFwWt-wUTudeWg21g6paBYfzatr_cMjaSuSe9T6bSXZyqqH0ErtbQIbCWbatuZKuRSojSOXiHAyjzbfNmKLMi8liKEWK_DHHJ7Gk7hFxU6UMUL2PZHr0cnHDRAWdGS_pW0SYchO3C-y_oqNiX3ajbHTXUTHg3kTJjVyaf9Mc8NGNWVFSjnYPmye74.BxPHH0UGyA5bOHFiPBFLEia7hQFKsw74kjO7GDbpUmw&dib_tag=se&m=A28R89VR0HHNA3&marketplaceID=ATVPDKIKX0DER&nsdOptOutParam=true&qid=1781241022&s=merchant-items&sr=1-2,https://m.media-amazon.com/images/I/61k0tePu3fL._AC_UY218_.jpg,https://www.amazon.com/s?i=merchant-items&me=A28R89VR0HHNA3&s=exact-aware-popularity-rank&ds=v1%3AXlAxT7yXBaWckTueeBw9oCKaHz%2FRq2dEWLtSd1ZC5ks&marketplaceID=ATVPDKIKX0DER&qid=1776149674&ref=sr_st_exact-aware-popularity-rank
2026-06-12,2026-06-12T05:08:41+00:00,Competitor Store 8,seller,seller,GoPod Shop,1,B0GTVGD13Z,3,3,3,display_order,3,Design1,,,,,,,no,https://www.amazon.com/Custom-Photo-Dad-Shirt-Personalized/dp/B0GTVGD13Z/ref=is_sr_dp_2?dib=eyJ2IjoiMSJ9.5ctkCUfTBtn6Sl0cMQTFwuJnNiLJsZ4SpstCeSNSCS2Ry6ouTmTFwWt-wUTudeWg21g6paBYfzatr_cMjaSuSe9T6bSXZyqqH0ErtbQIbCWbatuZKuRSojSOXiHAyjzbfNmKLMi8liKEWK_DHHJ7Gk7hFxU6UMUL2PZHr0cnHDRAWdGS_pW0SYchO3C-y_oqNiX3ajbHTXUTHg3kTJjVyaf9Mc8NGNWVFSjnYPmye74.BxPHH0UGyA5bOHFiPBFLEia7hQFKsw74kjO7GDbpUmw&dib_tag=se&m=A28R89VR0HHNA3&marketplaceID=ATVPDKIKX0DER&nsdOptOutParam=true&qid=1781241022&s=merchant-items&sr=1-2,,https://www.amazon.com/s?i=merchant-items&me=A28R89VR0HHNA3&s=exact-aware-popularity-rank&ds=v1%3AXlAxT7yXBaWckTueeBw9oCKaHz%2FRq2dEWLtSd1ZC5ks&marketplaceID=ATVPDKIKX0DER&qid=1776149674&ref=sr_st_exact-aware-popularity-rank
2026-06-12,2026-06-12T05:08:41+00:00,Competitor Store 8,seller,seller,GoPod Shop,1,B0GTV8M1JM,4,4,4,display_order,4,Design11,,,,,,,no,https://www.amazon.com/Custom-Photo-Dad-Shirt-Personalized/dp/B0GTV8M1JM/ref=is_sr_dp_3?dib=eyJ2IjoiMSJ9.5ctkCUfTBtn6Sl0cMQTFwuJnNiLJsZ4SpstCeSNSCS2Ry6ouTmTFwWt-wUTudeWg21g6paBYfzatr_cMjaSuSe9T6bSXZyqqH0ErtbQIbCWbatuZKuRSojSOXiHAyjzbfNmKLMi8liKEWK_DHHJ7Gk7hFxU6UMUL2PZHr0cnHDRAWdGS_pW0SYchO3C-y_oqNiX3ajbHTXUTHg3kTJjVyaf9Mc8NGNWVFSjnYPmye74.BxPHH0UGyA5bOHFiPBFLEia7hQFKsw74kjO7GDbpUmw&dib_tag=se&m=A28R89VR0HHNA3&marketplaceID=ATVPDKIKX0DER&nsdOptOutParam=true&qid=1781241022&s=merchant-items&sr=1-2,,https://www.amazon.com/s?i=merchant-items&me=A28R89VR0HHNA3&s=exact-aware-popularity-rank&ds=v1%3AXlAxT7yXBaWckTueeBw9oCKaHz%2FRq2dEWLtSd1ZC5ks&marketplaceID=ATVPDKIKX0DER&qid=1776149674&ref=sr_st_exact-aware-popularity-rank
2026-06-12,2026-06-12T05:08:41+00:00,Competitor Store 8,seller,seller,GoPod Shop,1,B0GY8NGZ9H,5,5,5,display_order,5,Design12,,,,,,,no,https://www.amazon.com/Custom-Photo-Dad-Shirt-Personalized/dp/B0GY8NGZ9H/ref=is_sr_dp_4?dib=eyJ2IjoiMSJ9.5ctkCUfTBtn6Sl0cMQTFwuJnNiLJsZ4SpstCeSNSCS2Ry6ouTmTFwWt-wUTudeWg21g6paBYfzatr_cMjaSuSe9T6bSXZyqqH0ErtbQIbCWbatuZKuRSojSOXiHAyjzbfNmKLMi8liKEWK_DHHJ7Gk7hFxU6UMUL2PZHr0cnHDRAWdGS_pW0SYchO3C-y_oqNiX3ajbHTXUTHg3kTJjVyaf9Mc8NGNWVFSjnYPmye74.BxPHH0UGyA5bOHFiPBFLEia7hQFKsw74kjO7GDbpUmw&dib_tag=se&m=A28R89VR0HHNA3&marketplaceID=ATVPDKIKX0DER&nsdOptOutParam=true&qid=1781241022&s=merchant-items&sr=1-2,,https://www.amazon.com/s?i=merchant-items&me=A28R89VR0HHNA3&s=exact-aware-popularity-rank&ds=v1%3AXlAxT7yXBaWckTueeBw9oCKaHz%2FRq2dEWLtSd1ZC5ks&marketplaceID=ATVPDKIKX0DER&qid=1776149674&ref=sr_st_exact-aware-popularity-rank
2026-06-12,2026-06-12T05:08:41+00:00,Competitor Store 8,seller,seller,GoPod Shop,1,B0GY8R69PB,6,6,6,display_order,6,Design14,,,,,,,no,https://www.amazon.com/Custom-Photo-Dad-Shirt-Personalized/dp/B0GY8R69PB/ref=is_sr_dp_5?dib=eyJ2IjoiMSJ9.5ctkCUfTBtn6Sl0cMQTFwuJnNiLJsZ4SpstCeSNSCS2Ry6ouTmTFwWt-wUTudeWg21g6paBYfzatr_cMjaSuSe9T6bSXZyqqH0ErtbQIbCWbatuZKuRSojSOXiHAyjzbfNmKLMi8liKEWK_DHHJ7Gk7hFxU6UMUL2PZHr0cnHDRAWdGS_pW0SYchO3C-y_oqNiX3ajbHTXUTHg3kTJjVyaf9Mc8NGNWVFSjnYPmye74.BxPHH0UGyA5bOHFiPBFLEia7hQFKsw74kjO7GDbpUmw&dib_tag=se&m=A28R89VR0HHNA3&marketplaceID=ATVPDKIKX0DER&nsdOptOutParam=true&qid=1781241022&s=merchant-items&sr=1-2,,https://www.amazon.com/s?i=merchant-items&me=A28R89VR0HHNA3&s=exact-aware-popularity-rank&ds=v1%3AXlAxT7yXBaWckTueeBw9oCKaHz%2FRq2dEWLtSd1ZC5ks&marketplaceID=ATVPDKIKX0DER&qid=1776149674&ref=sr_st_exact-aware-popularity-rank
2026-06-12,2026-06-12T05:08:41+00:00,Competitor Store 8,seller,seller,GoPod Shop,1,B0GY8TGJ64,7,7,7,display_order,7,Design16,,,,,,,no,https://www.amazon.com/Custom-Photo-Dad-Shirt-Personalized/dp/B0GY8TGJ64/ref=is_sr_dp_6?dib=eyJ2IjoiMSJ9.5ctkCUfTBtn6Sl0cMQTFwuJnNiLJsZ4SpstCeSNSCS2Ry6ouTmTFwWt-wUTudeWg21g6paBYfzatr_cMjaSuSe9T6bSXZyqqH0ErtbQIbCWbatuZKuRSojSOXiHAyjzbfNmKLMi8liKEWK_DHHJ7Gk7hFxU6UMUL2PZHr0cnHDRAWdGS_pW0SYchO3C-y_oqNiX3ajbHTXUTHg3kTJjVyaf9Mc8NGNWVFSjnYPmye74.BxPHH0UGyA5bOHFiPBFLEia7hQFKsw74kjO7GDbpUmw&dib_tag=se&m=A28R89VR0HHNA3&marketplaceID=ATVPDKIKX0DER&nsdOptOutParam=true&qid=1781241022&s=merchant-items&sr=1-2,,https://www.amazon.com/s?i=merchant-items&me=A28R89VR0HHNA3&s=exact-aware-popularity-rank&ds=v1%3AXlAxT7yXBaWckTueeBw9oCKaHz%2FRq2dEWLtSd1ZC5ks&marketplaceID=ATVPDKIKX0DER&qid=1776149674&ref=sr_st_exact-aware-popularity-rank
2026-06-12,2026-06-12T05:08:41+00:00,Competitor Store 8,seller,seller,GoPod Shop,1,B0D41YZ6R3,8,8,8,display_order,8,"Personalized Our First Father's Day Matching Shirts, Dad and Baby Matching Outfits for New Dad, Gift Fathers 2024,",,,,,,,no,https://www.amazon.com/Our-First-Fathers-Day-Matching/dp/B0D41YZ6R3/ref=sr_1_3?dib=eyJ2IjoiMSJ9.5ctkCUfTBtn6Sl0cMQTFwuJnNiLJsZ4SpstCeSNSCS2Ry6ouTmTFwWt-wUTudeWg21g6paBYfzatr_cMjaSuSe9T6bSXZyqqH0ErtbQIbCWbatuZKuRSojSOXiHAyjzbfNmKLMi8liKEWK_DHHJ7Gk7hFxU6UMUL2PZHr0cnHDRAWdGS_pW0SYchO3C-y_oqNiX3ajbHTXUTHg3kTJjVyaf9Mc8NGNWVFSjnYPmye74.BxPHH0UGyA5bOHFiPBFLEia7hQFKsw74kjO7GDbpUmw&dib_tag=se&m=A28R89VR0HHNA3&marketplaceID=ATVPDKIKX0DER&nsdOptOutParam=true&qid=1781241022&s=merchant-items&sr=1-3,https://m.media-amazon.com/images/I/61Srf85J5VL._AC_UY218_.jpg,https://www.amazon.com/s?i=merchant-items&me=A28R89VR0HHNA3&s=exact-aware-popularity-rank&ds=v1%3AXlAxT7yXBaWckTueeBw9oCKaHz%2FRq2dEWLtSd1ZC5ks&marketplaceID=ATVPDKIKX0DER&qid=1776149674&ref=sr_st_exact-aware-popularity-rank
2026-06-12,2026-06-12T05:08:41+00:00,Competitor Store 8,seller,seller,GoPod Shop,1,B0D48KNN61,9,9,9,display_order,9,B1,,,,,,,no,https://www.amazon.com/Our-First-Fathers-Day-Matching/dp/B0D48KNN61/ref=is_sr_dp_2?dib=eyJ2IjoiMSJ9.5ctkCUfTBtn6Sl0cMQTFwuJnNiLJsZ4SpstCeSNSCS2Ry6ouTmTFwWt-wUTudeWg21g6paBYfzatr_cMjaSuSe9T6bSXZyqqH0ErtbQIbCWbatuZKuRSojSOXiHAyjzbfNmKLMi8liKEWK_DHHJ7Gk7hFxU6UMUL2PZHr0cnHDRAWdGS_pW0SYchO3C-y_oqNiX3ajbHTXUTHg3kTJjVyaf9Mc8NGNWVFSjnYPmye74.BxPHH0UGyA5bOHFiPBFLEia7hQFKsw74kjO7GDbpUmw&dib_tag=se&m=A28R89VR0HHNA3&marketplaceID=ATVPDKIKX0DER&nsdOptOutParam=true&qid=1781241022&s=merchant-items&sr=1-3,,https://www.amazon.com/s?i=merchant-items&me=A28R89VR0HHNA3&s=exact-aware-popularity-rank&ds=v1%3AXlAxT7yXBaWckTueeBw9oCKaHz%2FRq2dEWLtSd1ZC5ks&marketplaceID=ATVPDKIKX0DER&qid=1776149674&ref=sr_st_exact-aware-popularity-rank
2026-06-12,2026-06-12T05:08:41+00:00,Competitor Store 8,seller,seller,GoPod Shop,1,B0D48KZMBS,10,10,10,display_order,10,B10,,,,,,,no,https://www.amazon.com/Our-First-Fathers-Day-Matching/dp/B0D48KZMBS/ref=is_sr_dp_3?dib=eyJ2IjoiMSJ9.5ctkCUfTBtn6Sl0cMQTFwuJnNiLJsZ4SpstCeSNSCS2Ry6ouTmTFwWt-wUTudeWg21g6paBYfzatr_cMjaSuSe9T6bSXZyqqH0ErtbQIbCWbatuZKuRSojSOXiHAyjzbfNmKLMi8liKEWK_DHHJ7Gk7hFxU6UMUL2PZHr0cnHDRAWdGS_pW0SYchO3C-y_oqNiX3ajbHTXUTHg3kTJjVyaf9Mc8NGNWVFSjnYPmye74.BxPHH0UGyA5bOHFiPBFLEia7hQFKsw74kjO7GDbpUmw&dib_tag=se&m=A28R89VR0HHNA3&marketplaceID=ATVPDKIKX0DER&nsdOptOutParam=true&qid=1781241022&s=merchant-items&sr=1-3,,https://www.amazon.com/s?i=merchant-items&me=A28R89VR0HHNA3&s=exact-aware-popularity-rank&ds=v1%3AXlAxT7yXBaWckTueeBw9oCKaHz%2FRq2dEWLtSd1ZC5ks&marketplaceID=ATVPDKIKX0DER&qid=1776149674&ref=sr_st_exact-aware-popularity-rank
2026-06-12,2026-06-12T05:08:41+00:00,Competitor Store 8,seller,seller,GoPod Shop,1,B0D48M8RVR,11,11,11,display_order,11,B11,,,,,,,no,https://www.amazon.com/Our-First-Fathers-Day-Matching/dp/B0D48M8RVR/ref=is_sr_dp_4?dib=eyJ2IjoiMSJ9.5ctkCUfTBtn6Sl0cMQTFwuJnNiLJsZ4SpstCeSNSCS2Ry6ouTmTFwWt-wUTudeWg21g6paBYfzatr_cMjaSuSe9T6bSXZyqqH0ErtbQIbCWbatuZKuRSojSOXiHAyjzbfNmKLMi8liKEWK_DHHJ7Gk7hFxU6UMUL2PZHr0cnHDRAWdGS_pW0SYchO3C-y_oqNiX3ajbHTXUTHg3kTJjVyaf9Mc8NGNWVFSjnYPmye74.BxPHH0UGyA5bOHFiPBFLEia7hQFKsw74kjO7GDbpUmw&dib_tag=se&m=A28R89VR0HHNA3&marketplaceID=ATVPDKIKX0DER&nsdOptOutParam=true&qid=1781241022&s=merchant-items&sr=1-3,,https://www.amazon.com/s?i=merchant-items&me=A28R89VR0HHNA3&s=exact-aware-popularity-rank&ds=v1%3AXlAxT7yXBaWckTueeBw9oCKaHz%2FRq2dEWLtSd1ZC5ks&marketplaceID=ATVPDKIKX0DER&qid=1776149674&ref=sr_st_exact-aware-popularity-rank
2026-06-12,2026-06-12T05:08:41+00:00,Competitor Store 8,seller,seller,GoPod Shop,1,B0D48LDMH7,12,12,12,display_order,12,B12,,,,,,,no,https://www.amazon.com/Our-First-Fathers-Day-Matching/dp/B0D48LDMH7/ref=is_sr_dp_5?dib=eyJ2IjoiMSJ9.5ctkCUfTBtn6Sl0cMQTFwuJnNiLJsZ4SpstCeSNSCS2Ry6ouTmTFwWt-wUTudeWg21g6paBYfzatr_cMjaSuSe9T6bSXZyqqH0ErtbQIbCWbatuZKuRSojSOXiHAyjzbfNmKLMi8liKEWK_DHHJ7Gk7hFxU6UMUL2PZHr0cnHDRAWdGS_pW0SYchO3C-y_oqNiX3ajbHTXUTHg3kTJjVyaf9Mc8NGNWVFSjnYPmye74.BxPHH0UGyA5bOHFiPBFLEia7hQFKsw74kjO7GDbpUmw&dib_tag=se&m=A28R89VR0HHNA3&marketplaceID=ATVPDKIKX0DER&nsdOptOutParam=true&qid=1781241022&s=merchant-items&sr=1-3,,https://www.amazon.com/s?i=merchant-items&me=A28R89VR0HHNA3&s=exact-aware-popularity-rank&ds=v1%3AXlAxT7yXBaWckTueeBw9oCKaHz%2FRq2dEWLtSd1ZC5ks&marketplaceID=ATVPDKIKX0DER&qid=1776149674&ref=sr_st_exact-aware-popularity-rank
2026-06-12,2026-06-12T05:08:41+00:00,Competitor Store 8,seller,seller,GoPod Shop,1,B0D48LJ5TD,13,13,13,display_order,13,B13,,,,,,,no,https://www.amazon.com/Our-First-Fathers-Day-Matching/dp/B0D48LJ5TD/ref=is_sr_dp_6?dib=eyJ2IjoiMSJ9.5ctkCUfTBtn6Sl0cMQTFwuJnNiLJsZ4SpstCeSNSCS2Ry6ouTmTFwWt-wUTudeWg21g6paBYfzatr_cMjaSuSe9T6bSXZyqqH0ErtbQIbCWbatuZKuRSojSOXiHAyjzbfNmKLMi8liKEWK_DHHJ7Gk7hFxU6UMUL2PZHr0cnHDRAWdGS_pW0SYchO3C-y_oqNiX3ajbHTXUTHg3kTJjVyaf9Mc8NGNWVFSjnYPmye74.BxPHH0UGyA5bOHFiPBFLEia7hQFKsw74kjO7GDbpUmw&dib_tag=se&m=A28R89VR0HHNA3&marketplaceID=ATVPDKIKX0DER&nsdOptOutParam=true&qid=1781241022&s=merchant-items&sr=1-3,,https://www.amazon.com/s?i=merchant-items&me=A28R89VR0HHNA3&s=exact-aware-popularity-rank&ds=v1%3AXlAxT7yXBaWckTueeBw9oCKaHz%2FRq2dEWLtSd1ZC5ks&marketplaceID=ATVPDKIKX0DER&qid=1776149674&ref=sr_st_exact-aware-popularity-rank
2026-06-12,2026-06-12T05:08:41+00:00,Competitor Store 8,seller,seller,GoPod Shop,1,B0GS97YGJ3,14,14,14,display_order,14,"Personalized 250th Anniversary Bunting Flag, Custom 250 Year American Anniversary Banner with Family Name, Freedom 1776-20...",,,,,,,no,https://www.amazon.com/Personalized-Anniversary-1776-2026-Patriotic-Independence/dp/B0GS97YGJ3/ref=sr_1_4?dib=eyJ2IjoiMSJ9.5ctkCUfTBtn6Sl0cMQTFwuJnNiLJsZ4SpstCeSNSCS2Ry6ouTmTFwWt-wUTudeWg21g6paBYfzatr_cMjaSuSe9T6bSXZyqqH0ErtbQIbCWbatuZKuRSojSOXiHAyjzbfNmKLMi8liKEWK_DHHJ7Gk7hFxU6UMUL2PZHr0cnHDRAWdGS_pW0SYchO3C-y_oqNiX3ajbHTXUTHg3kTJjVyaf9Mc8NGNWVFSjnYPmye74.BxPHH0UGyA5bOHFiPBFLEia7hQFKsw74kjO7GDbpUmw&dib_tag=se&m=A28R89VR0HHNA3&marketplaceID=ATVPDKIKX0DER&nsdOptOutParam=true&qid=1781241022&s=merchant-items&sr=1-4,https://m.media-amazon.com/images/I/719ytafmOqL._AC_UY218_.jpg,https://www.amazon.com/s?i=merchant-items&me=A28R89VR0HHNA3&s=exact-aware-popularity-rank&ds=v1%3AXlAxT7yXBaWckTueeBw9oCKaHz%2FRq2dEWLtSd1ZC5ks&marketplaceID=ATVPDKIKX0DER&qid=1776149674&ref=sr_st_exact-aware-popularity-rank
2026-06-12,2026-06-12T05:08:41+00:00,Competitor Store 8,seller,seller,GoPod Shop,1,B0H1GYNMSM,15,15,15,display_order,15,"Personalized Dad Fist Bump Hat with Kids Names, Custom Dad Baseball Cap, Custom Father’s Day Baseball Cap for Men",,,,,,,no,https://www.amazon.com/Dad-Custom-Baseball-Cap-Fathers/dp/B0H1GYNMSM/ref=sr_1_5?dib=eyJ2IjoiMSJ9.5ctkCUfTBtn6Sl0cMQTFwuJnNiLJsZ4SpstCeSNSCS2Ry6ouTmTFwWt-wUTudeWg21g6paBYfzatr_cMjaSuSe9T6bSXZyqqH0ErtbQIbCWbatuZKuRSojSOXiHAyjzbfNmKLMi8liKEWK_DHHJ7Gk7hFxU6UMUL2PZHr0cnHDRAWdGS_pW0SYchO3C-y_oqNiX3ajbHTXUTHg3kTJjVyaf9Mc8NGNWVFSjnYPmye74.BxPHH0UGyA5bOHFiPBFLEia7hQFKsw74kjO7GDbpUmw&dib_tag=se&m=A28R89VR0HHNA3&marketplaceID=ATVPDKIKX0DER&nsdOptOutParam=true&qid=1781241022&s=merchant-items&sr=1-5,https://m.media-amazon.com/images/I/61N0TYuJJyL._AC_UY218_.jpg,https://www.amazon.com/s?i=merchant-items&me=A28R89VR0HHNA3&s=exact-aware-popularity-rank&ds=v1%3AXlAxT7yXBaWckTueeBw9oCKaHz%2FRq2dEWLtSd1ZC5ks&marketplaceID=ATVPDKIKX0DER&qid=1776149674&ref=sr_st_exact-aware-popularity-rank
2026-06-12,2026-06-12T05:08:41+00:00,Competitor Store 8,seller,seller,GoPod Shop,1,B0H1GLWQT2,16,16,16,display_order,16,Design 02,,,,,,,no,https://www.amazon.com/Dad-Custom-Baseball-Cap-Fathers/dp/B0H1GLWQT2/ref=cs_sr_dp_loc_2?dib=eyJ2IjoiMSJ9.5ctkCUfTBtn6Sl0cMQTFwuJnNiLJsZ4SpstCeSNSCS2Ry6ouTmTFwWt-wUTudeWg21g6paBYfzatr_cMjaSuSe9T6bSXZyqqH0ErtbQIbCWbatuZKuRSojSOXiHAyjzbfNmKLMi8liKEWK_DHHJ7Gk7hFxU6UMUL2PZHr0cnHDRAWdGS_pW0SYchO3C-y_oqNiX3ajbHTXUTHg3kTJjVyaf9Mc8NGNWVFSjnYPmye74.BxPHH0UGyA5bOHFiPBFLEia7hQFKsw74kjO7GDbpUmw&dib_tag=se&m=A28R89VR0HHNA3&marketplaceID=ATVPDKIKX0DER&nsdOptOutParam=true&qid=1781241022&s=merchant-items&sr=1-5,,https://www.amazon.com/s?i=merchant-items&me=A28R89VR0HHNA3&s=exact-aware-popularity-rank&ds=v1%3AXlAxT7yXBaWckTueeBw9oCKaHz%2FRq2dEWLtSd1ZC5ks&marketplaceID=ATVPDKIKX0DER&qid=1776149674&ref=sr_st_exact-aware-popularity-rank
2026-06-12,2026-06-12T05:08:41+00:00,Competitor Store 8,seller,seller,GoPod Shop,1,B0H1GPNBXL,17,17,17,display_order,17,Design 04,,,,,,,no,https://www.amazon.com/Dad-Custom-Baseball-Cap-Fathers/dp/B0H1GPNBXL/ref=cs_sr_dp_loc_3?dib=eyJ2IjoiMSJ9.5ctkCUfTBtn6Sl0cMQTFwuJnNiLJsZ4SpstCeSNSCS2Ry6ouTmTFwWt-wUTudeWg21g6paBYfzatr_cMjaSuSe9T6bSXZyqqH0ErtbQIbCWbatuZKuRSojSOXiHAyjzbfNmKLMi8liKEWK_DHHJ7Gk7hFxU6UMUL2PZHr0cnHDRAWdGS_pW0SYchO3C-y_oqNiX3ajbHTXUTHg3kTJjVyaf9Mc8NGNWVFSjnYPmye74.BxPHH0UGyA5bOHFiPBFLEia7hQFKsw74kjO7GDbpUmw&dib_tag=se&m=A28R89VR0HHNA3&marketplaceID=ATVPDKIKX0DER&nsdOptOutParam=true&qid=1781241022&s=merchant-items&sr=1-5,,https://www.amazon.com/s?i=merchant-items&me=A28R89VR0HHNA3&s=exact-aware-popularity-rank&ds=v1%3AXlAxT7yXBaWckTueeBw9oCKaHz%2FRq2dEWLtSd1ZC5ks&marketplaceID=ATVPDKIKX0DER&qid=1776149674&ref=sr_st_exact-aware-popularity-rank
2026-06-12,2026-06-12T05:08:41+00:00,Competitor Store 8,seller,seller,GoPod Shop,1,B0H1GQF62T,18,18,18,display_order,18,Design 05,,,,,,,no,https://www.amazon.com/Dad-Custom-Baseball-Cap-Fathers/dp/B0H1GQF62T/ref=cs_sr_dp_loc_4?dib=eyJ2IjoiMSJ9.5ctkCUfTBtn6Sl0cMQTFwuJnNiLJsZ4SpstCeSNSCS2Ry6ouTmTFwWt-wUTudeWg21g6paBYfzatr_cMjaSuSe9T6bSXZyqqH0ErtbQIbCWbatuZKuRSojSOXiHAyjzbfNmKLMi8liKEWK_DHHJ7Gk7hFxU6UMUL2PZHr0cnHDRAWdGS_pW0SYchO3C-y_oqNiX3ajbHTXUTHg3kTJjVyaf9Mc8NGNWVFSjnYPmye74.BxPHH0UGyA5bOHFiPBFLEia7hQFKsw74kjO7GDbpUmw&dib_tag=se&m=A28R89VR0HHNA3&marketplaceID=ATVPDKIKX0DER&nsdOptOutParam=true&qid=1781241022&s=merchant-items&sr=1-5,,https://www.amazon.com/s?i=merchant-items&me=A28R89VR0HHNA3&s=exact-aware-popularity-rank&ds=v1%3AXlAxT7yXBaWckTueeBw9oCKaHz%2FRq2dEWLtSd1ZC5ks&marketplaceID=ATVPDKIKX0DER&qid=1776149674&ref=sr_st_exact-aware-popularity-rank
2026-06-12,2026-06-12T05:08:41+00:00,Competitor Store 8,seller,seller,GoPod Shop,1,B0H1GLPMCH,19,19,19,display_order,19,Design 06,,,,,,,no,https://www.amazon.com/Dad-Custom-Baseball-Cap-Fathers/dp/B0H1GLPMCH/ref=cs_sr_dp_loc_5?dib=eyJ2IjoiMSJ9.5ctkCUfTBtn6Sl0cMQTFwuJnNiLJsZ4SpstCeSNSCS2Ry6ouTmTFwWt-wUTudeWg21g6paBYfzatr_cMjaSuSe9T6bSXZyqqH0ErtbQIbCWbatuZKuRSojSOXiHAyjzbfNmKLMi8liKEWK_DHHJ7Gk7hFxU6UMUL2PZHr0cnHDRAWdGS_pW0SYchO3C-y_oqNiX3ajbHTXUTHg3kTJjVyaf9Mc8NGNWVFSjnYPmye74.BxPHH0UGyA5bOHFiPBFLEia7hQFKsw74kjO7GDbpUmw&dib_tag=se&m=A28R89VR0HHNA3&marketplaceID=ATVPDKIKX0DER&nsdOptOutParam=true&qid=1781241022&s=merchant-items&sr=1-5,,https://www.amazon.com/s?i=merchant-items&me=A28R89VR0HHNA3&s=exact-aware-popularity-rank&ds=v1%3AXlAxT7yXBaWckTueeBw9oCKaHz%2FRq2dEWLtSd1ZC5ks&marketplaceID=ATVPDKIKX0DER&qid=1776149674&ref=sr_st_exact-aware-popularity-rank
2026-06-12,2026-06-12T05:08:41+00:00,Competitor Store 8,seller,seller,GoPod Shop,1,B0H1GK4TBJ,20,20,20,display_order,20,Design 07,,,,,,,no,https://www.amazon.com/Dad-Custom-Baseball-Cap-Fathers/dp/B0H1GK4TBJ/ref=cs_sr_dp_loc_6?dib=eyJ2IjoiMSJ9.5ctkCUfTBtn6Sl0cMQTFwuJnNiLJsZ4SpstCeSNSCS2Ry6ouTmTFwWt-wUTudeWg21g6paBYfzatr_cMjaSuSe9T6bSXZyqqH0ErtbQIbCWbatuZKuRSojSOXiHAyjzbfNmKLMi8liKEWK_DHHJ7Gk7hFxU6UMUL2PZHr0cnHDRAWdGS_pW0SYchO3C-y_oqNiX3ajbHTXUTHg3kTJjVyaf9Mc8NGNWVFSjnYPmye74.BxPHH0UGyA5bOHFiPBFLEia7hQFKsw74kjO7GDbpUmw&dib_tag=se&m=A28R89VR0HHNA3&marketplaceID=ATVPDKIKX0DER&nsdOptOutParam=true&qid=1781241022&s=merchant-items&sr=1-5,,https://www.amazon.com/s?i=merchant-items&me=A28R89VR0HHNA3&s=exact-aware-popularity-rank&ds=v1%3AXlAxT7yXBaWckTueeBw9oCKaHz%2FRq2dEWLtSd1ZC5ks&marketplaceID=ATVPDKIKX0DER&qid=1776149674&ref=sr_st_exact-aware-popularity-rank
2026-06-12,2026-06-12T05:08:41+00:00,Competitor Store 8,seller,seller,GoPod Shop,1,B0DM5GNMSR,21,21,21,display_order,21,"NAZENTI Personalized Mom Grandma & Grandkids Hearts Sweatshirt, Grandma Sweatshirts for Women, Birthday Gifts for Mom Grandma",,,,,,,no,https://www.amazon.com/NAZENTI-Personalized-LadiesI-Sweatshirt-Perfect/dp/B0DM5GNMSR/ref=sr_1_6?dib=eyJ2IjoiMSJ9.5ctkCUfTBtn6Sl0cMQTFwuJnNiLJsZ4SpstCeSNSCS2Ry6ouTmTFwWt-wUTudeWg21g6paBYfzatr_cMjaSuSe9T6bSXZyqqH0ErtbQIbCWbatuZKuRSojSOXiHAyjzbfNmKLMi8liKEWK_DHHJ7Gk7hFxU6UMUL2PZHr0cnHDRAWdGS_pW0SYchO3C-y_oqNiX3ajbHTXUTHg3kTJjVyaf9Mc8NGNWVFSjnYPmye74.BxPHH0UGyA5bOHFiPBFLEia7hQFKsw74kjO7GDbpUmw&dib_tag=se&m=A28R89VR0HHNA3&marketplaceID=ATVPDKIKX0DER&nsdOptOutParam=true&qid=1781241022&s=merchant-items&sr=1-6,https://m.media-amazon.com/images/I/71r3z80r3TL._AC_UY218_.jpg,https://www.amazon.com/s?i=merchant-items&me=A28R89VR0HHNA3&s=exact-aware-popularity-rank&ds=v1%3AXlAxT7yXBaWckTueeBw9oCKaHz%2FRq2dEWLtSd1ZC5ks&marketplaceID=ATVPDKIKX0DER&qid=1776149674&ref=sr_st_exact-aware-popularity-rank
2026-06-12,2026-06-12T05:08:41+00:00,Competitor Store 8,seller,seller,GoPod Shop,1,B0CR4DCJKQ,22,22,22,display_order,22,A,,,,,,,no,https://www.amazon.com/NAZENTI-Personalized-LadiesI-Sweatshirt-Perfect/dp/B0CR4DCJKQ/ref=is_sr_dp_2?dib=eyJ2IjoiMSJ9.5ctkCUfTBtn6Sl0cMQTFwuJnNiLJsZ4SpstCeSNSCS2Ry6ouTmTFwWt-wUTudeWg21g6paBYfzatr_cMjaSuSe9T6bSXZyqqH0ErtbQIbCWbatuZKuRSojSOXiHAyjzbfNmKLMi8liKEWK_DHHJ7Gk7hFxU6UMUL2PZHr0cnHDRAWdGS_pW0SYchO3C-y_oqNiX3ajbHTXUTHg3kTJjVyaf9Mc8NGNWVFSjnYPmye74.BxPHH0UGyA5bOHFiPBFLEia7hQFKsw74kjO7GDbpUmw&dib_tag=se&m=A28R89VR0HHNA3&marketplaceID=ATVPDKIKX0DER&nsdOptOutParam=true&qid=1781241022&s=merchant-items&sr=1-6,,https://www.amazon.com/s?i=merchant-items&me=A28R89VR0HHNA3&s=exact-aware-popularity-rank&ds=v1%3AXlAxT7yXBaWckTueeBw9oCKaHz%2FRq2dEWLtSd1ZC5ks&marketplaceID=ATVPDKIKX0DER&qid=1776149674&ref=sr_st_exact-aware-popularity-rank
2026-06-12,2026-06-12T05:08:41+00:00,Competitor Store 8,seller,seller,GoPod Shop,1,B0CYC8129S,23,23,23,display_order,23,A2,,,,,,,no,https://www.amazon.com/NAZENTI-Personalized-LadiesI-Sweatshirt-Perfect/dp/B0CYC8129S/ref=is_sr_dp_3?dib=eyJ2IjoiMSJ9.5ctkCUfTBtn6Sl0cMQTFwuJnNiLJsZ4SpstCeSNSCS2Ry6ouTmTFwWt-wUTudeWg21g6paBYfzatr_cMjaSuSe9T6bSXZyqqH0ErtbQIbCWbatuZKuRSojSOXiHAyjzbfNmKLMi8liKEWK_DHHJ7Gk7hFxU6UMUL2PZHr0cnHDRAWdGS_pW0SYchO3C-y_oqNiX3ajbHTXUTHg3kTJjVyaf9Mc8NGNWVFSjnYPmye74.BxPHH0UGyA5bOHFiPBFLEia7hQFKsw74kjO7GDbpUmw&dib_tag=se&m=A28R89VR0HHNA3&marketplaceID=ATVPDKIKX0DER&nsdOptOutParam=true&qid=1781241022&s=merchant-items&sr=1-6,,https://www.amazon.com/s?i=merchant-items&me=A28R89VR0HHNA3&s=exact-aware-popularity-rank&ds=v1%3AXlAxT7yXBaWckTueeBw9oCKaHz%2FRq2dEWLtSd1ZC5ks&marketplaceID=ATVPDKIKX0DER&qid=1776149674&ref=sr_st_exact-aware-popularity-rank
2026-06-12,2026-06-12T05:08:41+00:00,Competitor Store 8,seller,seller,GoPod Shop,1,B0CYC9M64C,24,24,24,display_order,24,A3,,,,,,,no,https://www.amazon.com/NAZENTI-Personalized-LadiesI-Sweatshirt-Perfect/dp/B0CYC9M64C/ref=is_sr_dp_4?dib=eyJ2IjoiMSJ9.5ctkCUfTBtn6Sl0cMQTFwuJnNiLJsZ4SpstCeSNSCS2Ry6ouTmTFwWt-wUTudeWg21g6paBYfzatr_cMjaSuSe9T6bSXZyqqH0ErtbQIbCWbatuZKuRSojSOXiHAyjzbfNmKLMi8liKEWK_DHHJ7Gk7hFxU6UMUL2PZHr0cnHDRAWdGS_pW0SYchO3C-y_oqNiX3ajbHTXUTHg3kTJjVyaf9Mc8NGNWVFSjnYPmye74.BxPHH0UGyA5bOHFiPBFLEia7hQFKsw74kjO7GDbpUmw&dib_tag=se&m=A28R89VR0HHNA3&marketplaceID=ATVPDKIKX0DER&nsdOptOutParam=true&qid=1781241022&s=merchant-items&sr=1-6,,https://www.amazon.com/s?i=merchant-items&me=A28R89VR0HHNA3&s=exact-aware-popularity-rank&ds=v1%3AXlAxT7yXBaWckTueeBw9oCKaHz%2FRq2dEWLtSd1ZC5ks&marketplaceID=ATVPDKIKX0DER&qid=1776149674&ref=sr_st_exact-aware-popularity-rank
2026-06-12,2026-06-12T05:08:41+00:00,Competitor Store 8,seller,seller,GoPod Shop,1,B0CYC99YK8,25,25,25,display_order,25,A4,,,,,,,no,https://www.amazon.com/NAZENTI-Personalized-LadiesI-Sweatshirt-Perfect/dp/B0CYC99YK8/ref=is_sr_dp_5?dib=eyJ2IjoiMSJ9.5ctkCUfTBtn6Sl0cMQTFwuJnNiLJsZ4SpstCeSNSCS2Ry6ouTmTFwWt-wUTudeWg21g6paBYfzatr_cMjaSuSe9T6bSXZyqqH0ErtbQIbCWbatuZKuRSojSOXiHAyjzbfNmKLMi8liKEWK_DHHJ7Gk7hFxU6UMUL2PZHr0cnHDRAWdGS_pW0SYchO3C-y_oqNiX3ajbHTXUTHg3kTJjVyaf9Mc8NGNWVFSjnYPmye74.BxPHH0UGyA5bOHFiPBFLEia7hQFKsw74kjO7GDbpUmw&dib_tag=se&m=A28R89VR0HHNA3&marketplaceID=ATVPDKIKX0DER&nsdOptOutParam=true&qid=1781241022&s=merchant-items&sr=1-6,,https://www.amazon.com/s?i=merchant-items&me=A28R89VR0HHNA3&s=exact-aware-popularity-rank&ds=v1%3AXlAxT7yXBaWckTueeBw9oCKaHz%2FRq2dEWLtSd1ZC5ks&marketplaceID=ATVPDKIKX0DER&qid=1776149674&ref=sr_st_exact-aware-popularity-rank
2026-06-12,2026-06-12T05:08:41+00:00,Competitor Store 8,seller,seller,GoPod Shop,1,B0CYC85R9N,26,26,26,display_order,26,A5,,,,,,,no,https://www.amazon.com/NAZENTI-Personalized-LadiesI-Sweatshirt-Perfect/dp/B0CYC85R9N/ref=is_sr_dp_6?dib=eyJ2IjoiMSJ9.5ctkCUfTBtn6Sl0cMQTFwuJnNiLJsZ4SpstCeSNSCS2Ry6ouTmTFwWt-wUTudeWg21g6paBYfzatr_cMjaSuSe9T6bSXZyqqH0ErtbQIbCWbatuZKuRSojSOXiHAyjzbfNmKLMi8liKEWK_DHHJ7Gk7hFxU6UMUL2PZHr0cnHDRAWdGS_pW0SYchO3C-y_oqNiX3ajbHTXUTHg3kTJjVyaf9Mc8NGNWVFSjnYPmye74.BxPHH0UGyA5bOHFiPBFLEia7hQFKsw74kjO7GDbpUmw&dib_tag=se&m=A28R89VR0HHNA3&marketplaceID=ATVPDKIKX0DER&nsdOptOutParam=true&qid=1781241022&s=merchant-items&sr=1-6,,https://www.amazon.com/s?i=merchant-items&me=A28R89VR0HHNA3&s=exact-aware-popularity-rank&ds=v1%3AXlAxT7yXBaWckTueeBw9oCKaHz%2FRq2dEWLtSd1ZC5ks&marketplaceID=ATVPDKIKX0DER&qid=1776149674&ref=sr_st_exact-aware-popularity-rank
2026-06-12,2026-06-12T05:08:41+00:00,Competitor Store 8,seller,seller,GoPod Shop,1,B0H157VT1T,27,27,27,display_order,27,"Custom Dad Gift for Father’s Day, Personalized Dads and Child Wooden Heart Block, Dad Wooden Block, Custom Father Child Ke...",,,,,,,no,https://www.amazon.com/Fathers-Personalized-Keepsake-Grandpa-Husband/dp/B0H157VT1T/ref=sr_1_7?dib=eyJ2IjoiMSJ9.5ctkCUfTBtn6Sl0cMQTFwuJnNiLJsZ4SpstCeSNSCS2Ry6ouTmTFwWt-wUTudeWg21g6paBYfzatr_cMjaSuSe9T6bSXZyqqH0ErtbQIbCWbatuZKuRSojSOXiHAyjzbfNmKLMi8liKEWK_DHHJ7Gk7hFxU6UMUL2PZHr0cnHDRAWdGS_pW0SYchO3C-y_oqNiX3ajbHTXUTHg3kTJjVyaf9Mc8NGNWVFSjnYPmye74.BxPHH0UGyA5bOHFiPBFLEia7hQFKsw74kjO7GDbpUmw&dib_tag=se&m=A28R89VR0HHNA3&marketplaceID=ATVPDKIKX0DER&nsdOptOutParam=true&qid=1781241022&s=merchant-items&sr=1-7,https://m.media-amazon.com/images/I/614EyMb437L._AC_UY218_.jpg,https://www.amazon.com/s?i=merchant-items&me=A28R89VR0HHNA3&s=exact-aware-popularity-rank&ds=v1%3AXlAxT7yXBaWckTueeBw9oCKaHz%2FRq2dEWLtSd1ZC5ks&marketplaceID=ATVPDKIKX0DER&qid=1776149674&ref=sr_st_exact-aware-popularity-rank
2026-06-12,2026-06-12T05:08:41+00:00,Competitor Store 8,seller,seller,GoPod Shop,1,B0BS6HZP53,28,28,28,display_order,28,"NAZENTI Personalized Grandma Shirt, This Grandma Belongs to Heart with Names Shirts for Women, for Mom",,,,,,,no,https://www.amazon.com/NAZENTI-Personalized-Customized-Sweetheart-Valentines/dp/B0BS6HZP53/ref=sr_1_8?dib=eyJ2IjoiMSJ9.5ctkCUfTBtn6Sl0cMQTFwuJnNiLJsZ4SpstCeSNSCS2Ry6ouTmTFwWt-wUTudeWg21g6paBYfzatr_cMjaSuSe9T6bSXZyqqH0ErtbQIbCWbatuZKuRSojSOXiHAyjzbfNmKLMi8liKEWK_DHHJ7Gk7hFxU6UMUL2PZHr0cnHDRAWdGS_pW0SYchO3C-y_oqNiX3ajbHTXUTHg3kTJjVyaf9Mc8NGNWVFSjnYPmye74.BxPHH0UGyA5bOHFiPBFLEia7hQFKsw74kjO7GDbpUmw&dib_tag=se&m=A28R89VR0HHNA3&marketplaceID=ATVPDKIKX0DER&nsdOptOutParam=true&qid=1781241022&s=merchant-items&sr=1-8,https://m.media-amazon.com/images/I/71SG2q6TG6L._AC_UY218_.jpg,https://www.amazon.com/s?i=merchant-items&me=A28R89VR0HHNA3&s=exact-aware-popularity-rank&ds=v1%3AXlAxT7yXBaWckTueeBw9oCKaHz%2FRq2dEWLtSd1ZC5ks&marketplaceID=ATVPDKIKX0DER&qid=1776149674&ref=sr_st_exact-aware-popularity-rank
2026-06-12,2026-06-12T05:08:41+00:00,Competitor Store 8,seller,seller,GoPod Shop,1,B0BS6GRL92,29,29,29,display_order,29,Design 1,,,,,,,no,https://www.amazon.com/NAZENTI-Personalized-Customized-Sweetheart-Valentines/dp/B0BS6GRL92/ref=cs_sr_dp_loc_2?dib=eyJ2IjoiMSJ9.5ctkCUfTBtn6Sl0cMQTFwuJnNiLJsZ4SpstCeSNSCS2Ry6ouTmTFwWt-wUTudeWg21g6paBYfzatr_cMjaSuSe9T6bSXZyqqH0ErtbQIbCWbatuZKuRSojSOXiHAyjzbfNmKLMi8liKEWK_DHHJ7Gk7hFxU6UMUL2PZHr0cnHDRAWdGS_pW0SYchO3C-y_oqNiX3ajbHTXUTHg3kTJjVyaf9Mc8NGNWVFSjnYPmye74.BxPHH0UGyA5bOHFiPBFLEia7hQFKsw74kjO7GDbpUmw&dib_tag=se&m=A28R89VR0HHNA3&marketplaceID=ATVPDKIKX0DER&nsdOptOutParam=true&qid=1781241022&s=merchant-items&sr=1-8,,https://www.amazon.com/s?i=merchant-items&me=A28R89VR0HHNA3&s=exact-aware-popularity-rank&ds=v1%3AXlAxT7yXBaWckTueeBw9oCKaHz%2FRq2dEWLtSd1ZC5ks&marketplaceID=ATVPDKIKX0DER&qid=1776149674&ref=sr_st_exact-aware-popularity-rank
2026-06-12,2026-06-12T05:08:41+00:00,Competitor Store 8,seller,seller,GoPod Shop,1,B0BT4VRPTX,30,30,30,display_order,30,Design 10,,,,,,,no,https://www.amazon.com/NAZENTI-Personalized-Customized-Sweetheart-Valentines/dp/B0BT4VRPTX/ref=cs_sr_dp_loc_3?dib=eyJ2IjoiMSJ9.5ctkCUfTBtn6Sl0cMQTFwuJnNiLJsZ4SpstCeSNSCS2Ry6ouTmTFwWt-wUTudeWg21g6paBYfzatr_cMjaSuSe9T6bSXZyqqH0ErtbQIbCWbatuZKuRSojSOXiHAyjzbfNmKLMi8liKEWK_DHHJ7Gk7hFxU6UMUL2PZHr0cnHDRAWdGS_pW0SYchO3C-y_oqNiX3ajbHTXUTHg3kTJjVyaf9Mc8NGNWVFSjnYPmye74.BxPHH0UGyA5bOHFiPBFLEia7hQFKsw74kjO7GDbpUmw&dib_tag=se&m=A28R89VR0HHNA3&marketplaceID=ATVPDKIKX0DER&nsdOptOutParam=true&qid=1781241022&s=merchant-items&sr=1-8,,https://www.amazon.com/s?i=merchant-items&me=A28R89VR0HHNA3&s=exact-aware-popularity-rank&ds=v1%3AXlAxT7yXBaWckTueeBw9oCKaHz%2FRq2dEWLtSd1ZC5ks&marketplaceID=ATVPDKIKX0DER&qid=1776149674&ref=sr_st_exact-aware-popularity-rank
2026-06-12,2026-06-12T05:08:41+00:00,Competitor Store 8,seller,seller,GoPod Shop,1,B0BT4XM65J,31,31,31,display_order,31,Design 11,,,,,,,no,https://www.amazon.com/NAZENTI-Personalized-Customized-Sweetheart-Valentines/dp/B0BT4XM65J/ref=cs_sr_dp_loc_4?dib=eyJ2IjoiMSJ9.5ctkCUfTBtn6Sl0cMQTFwuJnNiLJsZ4SpstCeSNSCS2Ry6ouTmTFwWt-wUTudeWg21g6paBYfzatr_cMjaSuSe9T6bSXZyqqH0ErtbQIbCWbatuZKuRSojSOXiHAyjzbfNmKLMi8liKEWK_DHHJ7Gk7hFxU6UMUL2PZHr0cnHDRAWdGS_pW0SYchO3C-y_oqNiX3ajbHTXUTHg3kTJjVyaf9Mc8NGNWVFSjnYPmye74.BxPHH0UGyA5bOHFiPBFLEia7hQFKsw74kjO7GDbpUmw&dib_tag=se&m=A28R89VR0HHNA3&marketplaceID=ATVPDKIKX0DER&nsdOptOutParam=true&qid=1781241022&s=merchant-items&sr=1-8,,https://www.amazon.com/s?i=merchant-items&me=A28R89VR0HHNA3&s=exact-aware-popularity-rank&ds=v1%3AXlAxT7yXBaWckTueeBw9oCKaHz%2FRq2dEWLtSd1ZC5ks&marketplaceID=ATVPDKIKX0DER&qid=1776149674&ref=sr_st_exact-aware-popularity-rank
2026-06-12,2026-06-12T05:08:41+00:00,Competitor Store 8,seller,seller,GoPod Shop,1,B0BT4VRD6S,32,32,32,display_order,32,Design 12,,,,,,,no,https://www.amazon.com/NAZENTI-Personalized-Customized-Sweetheart-Valentines/dp/B0BT4VRD6S/ref=cs_sr_dp_loc_5?dib=eyJ2IjoiMSJ9.5ctkCUfTBtn6Sl0cMQTFwuJnNiLJsZ4SpstCeSNSCS2Ry6ouTmTFwWt-wUTudeWg21g6paBYfzatr_cMjaSuSe9T6bSXZyqqH0ErtbQIbCWbatuZKuRSojSOXiHAyjzbfNmKLMi8liKEWK_DHHJ7Gk7hFxU6UMUL2PZHr0cnHDRAWdGS_pW0SYchO3C-y_oqNiX3ajbHTXUTHg3kTJjVyaf9Mc8NGNWVFSjnYPmye74.BxPHH0UGyA5bOHFiPBFLEia7hQFKsw74kjO7GDbpUmw&dib_tag=se&m=A28R89VR0HHNA3&marketplaceID=ATVPDKIKX0DER&nsdOptOutParam=true&qid=1781241022&s=merchant-items&sr=1-8,,https://www.amazon.com/s?i=merchant-items&me=A28R89VR0HHNA3&s=exact-aware-popularity-rank&ds=v1%3AXlAxT7yXBaWckTueeBw9oCKaHz%2FRq2dEWLtSd1ZC5ks&marketplaceID=ATVPDKIKX0DER&qid=1776149674&ref=sr_st_exact-aware-popularity-rank
2026-06-12,2026-06-12T05:08:41+00:00,Competitor Store 8,seller,seller,GoPod Shop,1,B0BT4XHDXM,33,33,33,display_order,33,Design 13,,,,,,,no,https://www.amazon.com/NAZENTI-Personalized-Customized-Sweetheart-Valentines/dp/B0BT4XHDXM/ref=cs_sr_dp_loc_6?dib=eyJ2IjoiMSJ9.5ctkCUfTBtn6Sl0cMQTFwuJnNiLJsZ4SpstCeSNSCS2Ry6ouTmTFwWt-wUTudeWg21g6paBYfzatr_cMjaSuSe9T6bSXZyqqH0ErtbQIbCWbatuZKuRSojSOXiHAyjzbfNmKLMi8liKEWK_DHHJ7Gk7hFxU6UMUL2PZHr0cnHDRAWdGS_pW0SYchO3C-y_oqNiX3ajbHTXUTHg3kTJjVyaf9Mc8NGNWVFSjnYPmye74.BxPHH0UGyA5bOHFiPBFLEia7hQFKsw74kjO7GDbpUmw&dib_tag=se&m=A28R89VR0HHNA3&marketplaceID=ATVPDKIKX0DER&nsdOptOutParam=true&qid=1781241022&s=merchant-items&sr=1-8,,https://www.amazon.com/s?i=merchant-items&me=A28R89VR0HHNA3&s=exact-aware-popularity-rank&ds=v1%3AXlAxT7yXBaWckTueeBw9oCKaHz%2FRq2dEWLtSd1ZC5ks&marketplaceID=ATVPDKIKX0DER&qid=1776149674&ref=sr_st_exact-aware-popularity-rank
2026-06-12,2026-06-12T05:08:41+00:00,Competitor Store 8,seller,seller,GoPod Shop,1,B0D429S1V8,34,34,34,display_order,34,"NAZENTI Personalized Poppa Kids Grandkids Name Throw Blanket, Custom Poppa Father’s Day Blanket for Grandpa, Warm Blanket ...",,,,,,,no,https://www.amazon.com/NAZENTI-Grandkids-Personalized-Birthday-Christmas/dp/B0D429S1V8/ref=sr_1_9?dib=eyJ2IjoiMSJ9.5ctkCUfTBtn6Sl0cMQTFwuJnNiLJsZ4SpstCeSNSCS2Ry6ouTmTFwWt-wUTudeWg21g6paBYfzatr_cMjaSuSe9T6bSXZyqqH0ErtbQIbCWbatuZKuRSojSOXiHAyjzbfNmKLMi8liKEWK_DHHJ7Gk7hFxU6UMUL2PZHr0cnHDRAWdGS_pW0SYchO3C-y_oqNiX3ajbHTXUTHg3kTJjVyaf9Mc8NGNWVFSjnYPmye74.BxPHH0UGyA5bOHFiPBFLEia7hQFKsw74kjO7GDbpUmw&dib_tag=se&m=A28R89VR0HHNA3&marketplaceID=ATVPDKIKX0DER&nsdOptOutParam=true&qid=1781241022&s=merchant-items&sr=1-9,https://m.media-amazon.com/images/I/61TAUz1avgL._AC_UY218_.jpg,https://www.amazon.com/s?i=merchant-items&me=A28R89VR0HHNA3&s=exact-aware-popularity-rank&ds=v1%3AXlAxT7yXBaWckTueeBw9oCKaHz%2FRq2dEWLtSd1ZC5ks&marketplaceID=ATVPDKIKX0DER&qid=1776149674&ref=sr_st_exact-aware-popularity-rank
2026-06-12,2026-06-12T05:08:41+00:00,Competitor Store 8,seller,seller,GoPod Shop,1,B0C52WCD2D,35,35,35,display_order,35,"Personalized Grandma's Little Firecracker 4th of July Shirt, Grandma Shirt, Custom Grandma with Grandkid Names",,,,,,,no,https://www.amazon.com/Personalized-Grandmas-Firecracker-Firecrackers-Grandkid/dp/B0C52WCD2D/ref=sr_1_10?dib=eyJ2IjoiMSJ9.5ctkCUfTBtn6Sl0cMQTFwuJnNiLJsZ4SpstCeSNSCS2Ry6ouTmTFwWt-wUTudeWg21g6paBYfzatr_cMjaSuSe9T6bSXZyqqH0ErtbQIbCWbatuZKuRSojSOXiHAyjzbfNmKLMi8liKEWK_DHHJ7Gk7hFxU6UMUL2PZHr0cnHDRAWdGS_pW0SYchO3C-y_oqNiX3ajbHTXUTHg3kTJjVyaf9Mc8NGNWVFSjnYPmye74.BxPHH0UGyA5bOHFiPBFLEia7hQFKsw74kjO7GDbpUmw&dib_tag=se&m=A28R89VR0HHNA3&marketplaceID=ATVPDKIKX0DER&nsdOptOutParam=true&qid=1781241022&s=merchant-items&sr=1-10,https://m.media-amazon.com/images/I/71ylkwdg7gL._AC_UY218_.jpg,https://www.amazon.com/s?i=merchant-items&me=A28R89VR0HHNA3&s=exact-aware-popularity-rank&ds=v1%3AXlAxT7yXBaWckTueeBw9oCKaHz%2FRq2dEWLtSd1ZC5ks&marketplaceID=ATVPDKIKX0DER&qid=1776149674&ref=sr_st_exact-aware-popularity-rank
2026-06-12,2026-06-12T05:08:41+00:00,Competitor Store 8,seller,seller,GoPod Shop,1,B0C52YW369,36,36,36,display_order,36,A2 - Nana,,,,,,,no,https://www.amazon.com/Personalized-Grandmas-Firecracker-Firecrackers-Grandkid/dp/B0C52YW369/ref=is_sr_dp_2?dib=eyJ2IjoiMSJ9.5ctkCUfTBtn6Sl0cMQTFwuJnNiLJsZ4SpstCeSNSCS2Ry6ouTmTFwWt-wUTudeWg21g6paBYfzatr_cMjaSuSe9T6bSXZyqqH0ErtbQIbCWbatuZKuRSojSOXiHAyjzbfNmKLMi8liKEWK_DHHJ7Gk7hFxU6UMUL2PZHr0cnHDRAWdGS_pW0SYchO3C-y_oqNiX3ajbHTXUTHg3kTJjVyaf9Mc8NGNWVFSjnYPmye74.BxPHH0UGyA5bOHFiPBFLEia7hQFKsw74kjO7GDbpUmw&dib_tag=se&m=A28R89VR0HHNA3&marketplaceID=ATVPDKIKX0DER&nsdOptOutParam=true&qid=1781241022&s=merchant-items&sr=1-10,,https://www.amazon.com/s?i=merchant-items&me=A28R89VR0HHNA3&s=exact-aware-popularity-rank&ds=v1%3AXlAxT7yXBaWckTueeBw9oCKaHz%2FRq2dEWLtSd1ZC5ks&marketplaceID=ATVPDKIKX0DER&qid=1776149674&ref=sr_st_exact-aware-popularity-rank
2026-06-12,2026-06-12T05:08:41+00:00,Competitor Store 8,seller,seller,GoPod Shop,1,B0C52WSF7Z,37,37,37,display_order,37,A3 - Mimi,,,,,,,no,https://www.amazon.com/Personalized-Grandmas-Firecracker-Firecrackers-Grandkid/dp/B0C52WSF7Z/ref=is_sr_dp_3?dib=eyJ2IjoiMSJ9.5ctkCUfTBtn6Sl0cMQTFwuJnNiLJsZ4SpstCeSNSCS2Ry6ouTmTFwWt-wUTudeWg21g6paBYfzatr_cMjaSuSe9T6bSXZyqqH0ErtbQIbCWbatuZKuRSojSOXiHAyjzbfNmKLMi8liKEWK_DHHJ7Gk7hFxU6UMUL2PZHr0cnHDRAWdGS_pW0SYchO3C-y_oqNiX3ajbHTXUTHg3kTJjVyaf9Mc8NGNWVFSjnYPmye74.BxPHH0UGyA5bOHFiPBFLEia7hQFKsw74kjO7GDbpUmw&dib_tag=se&m=A28R89VR0HHNA3&marketplaceID=ATVPDKIKX0DER&nsdOptOutParam=true&qid=1781241022&s=merchant-items&sr=1-10,,https://www.amazon.com/s?i=merchant-items&me=A28R89VR0HHNA3&s=exact-aware-popularity-rank&ds=v1%3AXlAxT7yXBaWckTueeBw9oCKaHz%2FRq2dEWLtSd1ZC5ks&marketplaceID=ATVPDKIKX0DER&qid=1776149674&ref=sr_st_exact-aware-popularity-rank
2026-06-12,2026-06-12T05:08:41+00:00,Competitor Store 8,seller,seller,GoPod Shop,1,B0F32M7K4Q,38,38,38,display_order,38,"Personalized Our First Mother's Day Shirts, Custom Names Mommy and Me Matching Shirts, Gift for New Mom",,,,,,,no,https://www.amazon.com/Personalized-Mothers-Shirts-Matching-Shirt/dp/B0F32M7K4Q/ref=sr_1_11?dib=eyJ2IjoiMSJ9.5ctkCUfTBtn6Sl0cMQTFwuJnNiLJsZ4SpstCeSNSCS2Ry6ouTmTFwWt-wUTudeWg21g6paBYfzatr_cMjaSuSe9T6bSXZyqqH0ErtbQIbCWbatuZKuRSojSOXiHAyjzbfNmKLMi8liKEWK_DHHJ7Gk7hFxU6UMUL2PZHr0cnHDRAWdGS_pW0SYchO3C-y_oqNiX3ajbHTXUTHg3kTJjVyaf9Mc8NGNWVFSjnYPmye74.BxPHH0UGyA5bOHFiPBFLEia7hQFKsw74kjO7GDbpUmw&dib_tag=se&m=A28R89VR0HHNA3&marketplaceID=ATVPDKIKX0DER&nsdOptOutParam=true&qid=1781241022&s=merchant-items&sr=1-11,https://m.media-amazon.com/images/I/51wXcR1FBiL._AC_UY218_.jpg,https://www.amazon.com/s?i=merchant-items&me=A28R89VR0HHNA3&s=exact-aware-popularity-rank&ds=v1%3AXlAxT7yXBaWckTueeBw9oCKaHz%2FRq2dEWLtSd1ZC5ks&marketplaceID=ATVPDKIKX0DER&qid=1776149674&ref=sr_st_exact-aware-popularity-rank
2026-06-12,2026-06-12T05:08:41+00:00,Competitor Store 8,seller,seller,GoPod Shop,1,B0BVZGHY2K,39,39,39,display_order,39,Customize to Select,,,,,,,no,https://www.amazon.com/Personalized-Mothers-Shirts-Matching-Shirt/dp/B0BVZGHY2K/ref=is_sr_dp_2?dib=eyJ2IjoiMSJ9.5ctkCUfTBtn6Sl0cMQTFwuJnNiLJsZ4SpstCeSNSCS2Ry6ouTmTFwWt-wUTudeWg21g6paBYfzatr_cMjaSuSe9T6bSXZyqqH0ErtbQIbCWbatuZKuRSojSOXiHAyjzbfNmKLMi8liKEWK_DHHJ7Gk7hFxU6UMUL2PZHr0cnHDRAWdGS_pW0SYchO3C-y_oqNiX3ajbHTXUTHg3kTJjVyaf9Mc8NGNWVFSjnYPmye74.BxPHH0UGyA5bOHFiPBFLEia7hQFKsw74kjO7GDbpUmw&dib_tag=se&m=A28R89VR0HHNA3&marketplaceID=ATVPDKIKX0DER&nsdOptOutParam=true&qid=1781241022&s=merchant-items&sr=1-11,,https://www.amazon.com/s?i=merchant-items&me=A28R89VR0HHNA3&s=exact-aware-popularity-rank&ds=v1%3AXlAxT7yXBaWckTueeBw9oCKaHz%2FRq2dEWLtSd1ZC5ks&marketplaceID=ATVPDKIKX0DER&qid=1776149674&ref=sr_st_exact-aware-popularity-rank
2026-06-12,2026-06-12T05:08:41+00:00,Competitor Store 8,seller,seller,GoPod Shop,1,B0F32N3QDP,40,40,40,display_order,40,Design 01,,,,,,,no,https://www.amazon.com/Personalized-Mothers-Shirts-Matching-Shirt/dp/B0F32N3QDP/ref=is_sr_dp_3?dib=eyJ2IjoiMSJ9.5ctkCUfTBtn6Sl0cMQTFwuJnNiLJsZ4SpstCeSNSCS2Ry6ouTmTFwWt-wUTudeWg21g6paBYfzatr_cMjaSuSe9T6bSXZyqqH0ErtbQIbCWbatuZKuRSojSOXiHAyjzbfNmKLMi8liKEWK_DHHJ7Gk7hFxU6UMUL2PZHr0cnHDRAWdGS_pW0SYchO3C-y_oqNiX3ajbHTXUTHg3kTJjVyaf9Mc8NGNWVFSjnYPmye74.BxPHH0UGyA5bOHFiPBFLEia7hQFKsw74kjO7GDbpUmw&dib_tag=se&m=A28R89VR0HHNA3&marketplaceID=ATVPDKIKX0DER&nsdOptOutParam=true&qid=1781241022&s=merchant-items&sr=1-11,,https://www.amazon.com/s?i=merchant-items&me=A28R89VR0HHNA3&s=exact-aware-popularity-rank&ds=v1%3AXlAxT7yXBaWckTueeBw9oCKaHz%2FRq2dEWLtSd1ZC5ks&marketplaceID=ATVPDKIKX0DER&qid=1776149674&ref=sr_st_exact-aware-popularity-rank
2026-06-12,2026-06-12T05:08:41+00:00,Competitor Store 8,seller,seller,GoPod Shop,1,B0F32Q5Q8Q,41,41,41,display_order,41,Design 02,,,,,,,no,https://www.amazon.com/Personalized-Mothers-Shirts-Matching-Shirt/dp/B0F32Q5Q8Q/ref=is_sr_dp_4?dib=eyJ2IjoiMSJ9.5ctkCUfTBtn6Sl0cMQTFwuJnNiLJsZ4SpstCeSNSCS2Ry6ouTmTFwWt-wUTudeWg21g6paBYfzatr_cMjaSuSe9T6bSXZyqqH0ErtbQIbCWbatuZKuRSojSOXiHAyjzbfNmKLMi8liKEWK_DHHJ7Gk7hFxU6UMUL2PZHr0cnHDRAWdGS_pW0SYchO3C-y_oqNiX3ajbHTXUTHg3kTJjVyaf9Mc8NGNWVFSjnYPmye74.BxPHH0UGyA5bOHFiPBFLEia7hQFKsw74kjO7GDbpUmw&dib_tag=se&m=A28R89VR0HHNA3&marketplaceID=ATVPDKIKX0DER&nsdOptOutParam=true&qid=1781241022&s=merchant-items&sr=1-11,,https://www.amazon.com/s?i=merchant-items&me=A28R89VR0HHNA3&s=exact-aware-popularity-rank&ds=v1%3AXlAxT7yXBaWckTueeBw9oCKaHz%2FRq2dEWLtSd1ZC5ks&marketplaceID=ATVPDKIKX0DER&qid=1776149674&ref=sr_st_exact-aware-popularity-rank
2026-06-12,2026-06-12T05:08:41+00:00,Competitor Store 8,seller,seller,GoPod Shop,1,B0F32NMS54,42,42,42,display_order,42,Design 03,,,,,,,no,https://www.amazon.com/Personalized-Mothers-Shirts-Matching-Shirt/dp/B0F32NMS54/ref=is_sr_dp_5?dib=eyJ2IjoiMSJ9.5ctkCUfTBtn6Sl0cMQTFwuJnNiLJsZ4SpstCeSNSCS2Ry6ouTmTFwWt-wUTudeWg21g6paBYfzatr_cMjaSuSe9T6bSXZyqqH0ErtbQIbCWbatuZKuRSojSOXiHAyjzbfNmKLMi8liKEWK_DHHJ7Gk7hFxU6UMUL2PZHr0cnHDRAWdGS_pW0SYchO3C-y_oqNiX3ajbHTXUTHg3kTJjVyaf9Mc8NGNWVFSjnYPmye74.BxPHH0UGyA5bOHFiPBFLEia7hQFKsw74kjO7GDbpUmw&dib_tag=se&m=A28R89VR0HHNA3&marketplaceID=ATVPDKIKX0DER&nsdOptOutParam=true&qid=1781241022&s=merchant-items&sr=1-11,,https://www.amazon.com/s?i=merchant-items&me=A28R89VR0HHNA3&s=exact-aware-popularity-rank&ds=v1%3AXlAxT7yXBaWckTueeBw9oCKaHz%2FRq2dEWLtSd1ZC5ks&marketplaceID=ATVPDKIKX0DER&qid=1776149674&ref=sr_st_exact-aware-popularity-rank
2026-06-12,2026-06-12T05:08:41+00:00,Competitor Store 8,seller,seller,GoPod Shop,1,B0F32P5CYZ,43,43,43,display_order,43,Design 04,,,,,,,no,https://www.amazon.com/Personalized-Mothers-Shirts-Matching-Shirt/dp/B0F32P5CYZ/ref=is_sr_dp_6?dib=eyJ2IjoiMSJ9.5ctkCUfTBtn6Sl0cMQTFwuJnNiLJsZ4SpstCeSNSCS2Ry6ouTmTFwWt-wUTudeWg21g6paBYfzatr_cMjaSuSe9T6bSXZyqqH0ErtbQIbCWbatuZKuRSojSOXiHAyjzbfNmKLMi8liKEWK_DHHJ7Gk7hFxU6UMUL2PZHr0cnHDRAWdGS_pW0SYchO3C-y_oqNiX3ajbHTXUTHg3kTJjVyaf9Mc8NGNWVFSjnYPmye74.BxPHH0UGyA5bOHFiPBFLEia7hQFKsw74kjO7GDbpUmw&dib_tag=se&m=A28R89VR0HHNA3&marketplaceID=ATVPDKIKX0DER&nsdOptOutParam=true&qid=1781241022&s=merchant-items&sr=1-11,,https://www.amazon.com/s?i=merchant-items&me=A28R89VR0HHNA3&s=exact-aware-popularity-rank&ds=v1%3AXlAxT7yXBaWckTueeBw9oCKaHz%2FRq2dEWLtSd1ZC5ks&marketplaceID=ATVPDKIKX0DER&qid=1776149674&ref=sr_st_exact-aware-popularity-rank
2026-06-12,2026-06-12T05:08:41+00:00,Competitor Store 8,seller,seller,GoPod Shop,1,B0GWXBL2H7,44,44,44,display_order,44,"NAZENTI Personalized Nicaragua American Flag Graduation Sash 2026, Custom Nicaragua Stole, Nicaraguas Graduations Sash",,,,,,,no,https://www.amazon.com/NAZENTI-Personalized-Graduation-Nicaraguas-Graduations/dp/B0GWXBL2H7/ref=sr_1_12?dib=eyJ2IjoiMSJ9.5ctkCUfTBtn6Sl0cMQTFwuJnNiLJsZ4SpstCeSNSCS2Ry6ouTmTFwWt-wUTudeWg21g6paBYfzatr_cMjaSuSe9T6bSXZyqqH0ErtbQIbCWbatuZKuRSojSOXiHAyjzbfNmKLMi8liKEWK_DHHJ7Gk7hFxU6UMUL2PZHr0cnHDRAWdGS_pW0SYchO3C-y_oqNiX3ajbHTXUTHg3kTJjVyaf9Mc8NGNWVFSjnYPmye74.BxPHH0UGyA5bOHFiPBFLEia7hQFKsw74kjO7GDbpUmw&dib_tag=se&m=A28R89VR0HHNA3&marketplaceID=ATVPDKIKX0DER&nsdOptOutParam=true&qid=1781241022&s=merchant-items&sr=1-12,https://m.media-amazon.com/images/I/617lmJPqgKL._AC_UY218_.jpg,https://www.amazon.com/s?i=merchant-items&me=A28R89VR0HHNA3&s=exact-aware-popularity-rank&ds=v1%3AXlAxT7yXBaWckTueeBw9oCKaHz%2FRq2dEWLtSd1ZC5ks&marketplaceID=ATVPDKIKX0DER&qid=1776149674&ref=sr_st_exact-aware-popularity-rank
2026-06-12,2026-06-12T05:08:41+00:00,Competitor Store 8,seller,seller,GoPod Shop,1,B0GTQT5P6F,45,45,45,display_order,45,"NAZENTI Custom Kindergarten Graduation Stole 2026, Custom Name Graduation Sash for Kids, Class of 2026 Preschool Grad Scarf",,,,,,,no,https://www.amazon.com/NAZENTI-Personalized-Kindergarten-Graduation-Preschool/dp/B0GTQT5P6F/ref=sr_1_13?dib=eyJ2IjoiMSJ9.5ctkCUfTBtn6Sl0cMQTFwuJnNiLJsZ4SpstCeSNSCS2Ry6ouTmTFwWt-wUTudeWg21g6paBYfzatr_cMjaSuSe9T6bSXZyqqH0ErtbQIbCWbatuZKuRSojSOXiHAyjzbfNmKLMi8liKEWK_DHHJ7Gk7hFxU6UMUL2PZHr0cnHDRAWdGS_pW0SYchO3C-y_oqNiX3ajbHTXUTHg3kTJjVyaf9Mc8NGNWVFSjnYPmye74.BxPHH0UGyA5bOHFiPBFLEia7hQFKsw74kjO7GDbpUmw&dib_tag=se&m=A28R89VR0HHNA3&marketplaceID=ATVPDKIKX0DER&nsdOptOutParam=true&qid=1781241022&s=merchant-items&sr=1-13,https://m.media-amazon.com/images/I/71SehK+4nbL._AC_UY218_.jpg,https://www.amazon.com/s?i=merchant-items&me=A28R89VR0HHNA3&s=exact-aware-popularity-rank&ds=v1%3AXlAxT7yXBaWckTueeBw9oCKaHz%2FRq2dEWLtSd1ZC5ks&marketplaceID=ATVPDKIKX0DER&qid=1776149674&ref=sr_st_exact-aware-popularity-rank
2026-06-12,2026-06-12T05:08:41+00:00,Competitor Store 8,seller,seller,GoPod Shop,1,B0CR4DBXVT,46,46,46,display_order,46,"NAZENTI Personalized Grandma Shirt, Mom Sweatshirt, Custom Mom Shirt, Gift for Grandmother Mom Mama, Birthday Mother's Day",,,,,,,no,https://www.amazon.com/NAZENTI-Personalized-Grandma-Shirt-Grandmother/dp/B0CR4DBXVT/ref=sr_1_14?dib=eyJ2IjoiMSJ9.5ctkCUfTBtn6Sl0cMQTFwuJnNiLJsZ4SpstCeSNSCS2Ry6ouTmTFwWt-wUTudeWg21g6paBYfzatr_cMjaSuSe9T6bSXZyqqH0ErtbQIbCWbatuZKuRSojSOXiHAyjzbfNmKLMi8liKEWK_DHHJ7Gk7hFxU6UMUL2PZHr0cnHDRAWdGS_pW0SYchO3C-y_oqNiX3ajbHTXUTHg3kTJjVyaf9Mc8NGNWVFSjnYPmye74.BxPHH0UGyA5bOHFiPBFLEia7hQFKsw74kjO7GDbpUmw&dib_tag=se&m=A28R89VR0HHNA3&marketplaceID=ATVPDKIKX0DER&nsdOptOutParam=true&qid=1781241022&s=merchant-items&sr=1-14,https://m.media-amazon.com/images/I/619r-UrNQLL._AC_UY218_.jpg,https://www.amazon.com/s?i=merchant-items&me=A28R89VR0HHNA3&s=exact-aware-popularity-rank&ds=v1%3AXlAxT7yXBaWckTueeBw9oCKaHz%2FRq2dEWLtSd1ZC5ks&marketplaceID=ATVPDKIKX0DER&qid=1776149674&ref=sr_st_exact-aware-popularity-rank
2026-06-12,2026-06-12T05:08:41+00:00,Competitor Store 8,seller,seller,GoPod Shop,1,B0D25TV7FW,47,47,47,display_order,47,B2,,,,,,,no,https://www.amazon.com/NAZENTI-Personalized-Grandma-Shirt-Grandmother/dp/B0D25TV7FW/ref=is_sr_dp_2?dib=eyJ2IjoiMSJ9.5ctkCUfTBtn6Sl0cMQTFwuJnNiLJsZ4SpstCeSNSCS2Ry6ouTmTFwWt-wUTudeWg21g6paBYfzatr_cMjaSuSe9T6bSXZyqqH0ErtbQIbCWbatuZKuRSojSOXiHAyjzbfNmKLMi8liKEWK_DHHJ7Gk7hFxU6UMUL2PZHr0cnHDRAWdGS_pW0SYchO3C-y_oqNiX3ajbHTXUTHg3kTJjVyaf9Mc8NGNWVFSjnYPmye74.BxPHH0UGyA5bOHFiPBFLEia7hQFKsw74kjO7GDbpUmw&dib_tag=se&m=A28R89VR0HHNA3&marketplaceID=ATVPDKIKX0DER&nsdOptOutParam=true&qid=1781241022&s=merchant-items&sr=1-14,,https://www.amazon.com/s?i=merchant-items&me=A28R89VR0HHNA3&s=exact-aware-popularity-rank&ds=v1%3AXlAxT7yXBaWckTueeBw9oCKaHz%2FRq2dEWLtSd1ZC5ks&marketplaceID=ATVPDKIKX0DER&qid=1776149674&ref=sr_st_exact-aware-popularity-rank
2026-06-12,2026-06-12T05:08:41+00:00,Competitor Store 8,seller,seller,GoPod Shop,1,B0D25VNR1S,48,48,48,display_order,48,B3,,,,,,,no,https://www.amazon.com/NAZENTI-Personalized-Grandma-Shirt-Grandmother/dp/B0D25VNR1S/ref=is_sr_dp_3?dib=eyJ2IjoiMSJ9.5ctkCUfTBtn6Sl0cMQTFwuJnNiLJsZ4SpstCeSNSCS2Ry6ouTmTFwWt-wUTudeWg21g6paBYfzatr_cMjaSuSe9T6bSXZyqqH0ErtbQIbCWbatuZKuRSojSOXiHAyjzbfNmKLMi8liKEWK_DHHJ7Gk7hFxU6UMUL2PZHr0cnHDRAWdGS_pW0SYchO3C-y_oqNiX3ajbHTXUTHg3kTJjVyaf9Mc8NGNWVFSjnYPmye74.BxPHH0UGyA5bOHFiPBFLEia7hQFKsw74kjO7GDbpUmw&dib_tag=se&m=A28R89VR0HHNA3&marketplaceID=ATVPDKIKX0DER&nsdOptOutParam=true&qid=1781241022&s=merchant-items&sr=1-14,,https://www.amazon.com/s?i=merchant-items&me=A28R89VR0HHNA3&s=exact-aware-popularity-rank&ds=v1%3AXlAxT7yXBaWckTueeBw9oCKaHz%2FRq2dEWLtSd1ZC5ks&marketplaceID=ATVPDKIKX0DER&qid=1776149674&ref=sr_st_exact-aware-popularity-rank
2026-06-12,2026-06-12T05:08:41+00:00,Competitor Store 8,seller,seller,GoPod Shop,1,B0D25W4CXY,49,49,49,display_order,49,B4,,,,,,,no,https://www.amazon.com/NAZENTI-Personalized-Grandma-Shirt-Grandmother/dp/B0D25W4CXY/ref=is_sr_dp_4?dib=eyJ2IjoiMSJ9.5ctkCUfTBtn6Sl0cMQTFwuJnNiLJsZ4SpstCeSNSCS2Ry6ouTmTFwWt-wUTudeWg21g6paBYfzatr_cMjaSuSe9T6bSXZyqqH0ErtbQIbCWbatuZKuRSojSOXiHAyjzbfNmKLMi8liKEWK_DHHJ7Gk7hFxU6UMUL2PZHr0cnHDRAWdGS_pW0SYchO3C-y_oqNiX3ajbHTXUTHg3kTJjVyaf9Mc8NGNWVFSjnYPmye74.BxPHH0UGyA5bOHFiPBFLEia7hQFKsw74kjO7GDbpUmw&dib_tag=se&m=A28R89VR0HHNA3&marketplaceID=ATVPDKIKX0DER&nsdOptOutParam=true&qid=1781241022&s=merchant-items&sr=1-14,,https://www.amazon.com/s?i=merchant-items&me=A28R89VR0HHNA3&s=exact-aware-popularity-rank&ds=v1%3AXlAxT7yXBaWckTueeBw9oCKaHz%2FRq2dEWLtSd1ZC5ks&marketplaceID=ATVPDKIKX0DER&qid=1776149674&ref=sr_st_exact-aware-popularity-rank
2026-06-12,2026-06-12T05:08:41+00:00,Competitor Store 8,seller,seller,GoPod Shop,1,B0D25V5KXM,50,50,50,display_order,50,B5,,,,,,,no,https://www.amazon.com/NAZENTI-Personalized-Grandma-Shirt-Grandmother/dp/B0D25V5KXM/ref=is_sr_dp_5?dib=eyJ2IjoiMSJ9.5ctkCUfTBtn6Sl0cMQTFwuJnNiLJsZ4SpstCeSNSCS2Ry6ouTmTFwWt-wUTudeWg21g6paBYfzatr_cMjaSuSe9T6bSXZyqqH0ErtbQIbCWbatuZKuRSojSOXiHAyjzbfNmKLMi8liKEWK_DHHJ7Gk7hFxU6UMUL2PZHr0cnHDRAWdGS_pW0SYchO3C-y_oqNiX3ajbHTXUTHg3kTJjVyaf9Mc8NGNWVFSjnYPmye74.BxPHH0UGyA5bOHFiPBFLEia7hQFKsw74kjO7GDbpUmw&dib_tag=se&m=A28R89VR0HHNA3&marketplaceID=ATVPDKIKX0DER&nsdOptOutParam=true&qid=1781241022&s=merchant-items&sr=1-14,,https://www.amazon.com/s?i=merchant-items&me=A28R89VR0HHNA3&s=exact-aware-popularity-rank&ds=v1%3AXlAxT7yXBaWckTueeBw9oCKaHz%2FRq2dEWLtSd1ZC5ks&marketplaceID=ATVPDKIKX0DER&qid=1776149674&ref=sr_st_exact-aware-popularity-rank
2026-06-12,2026-06-12T05:08:41+00:00,Competitor Store 8,seller,seller,GoPod Shop,1,B0D261WX1G,51,51,51,display_order,51,B6,,,,,,,no,https://www.amazon.com/NAZENTI-Personalized-Grandma-Shirt-Grandmother/dp/B0D261WX1G/ref=is_sr_dp_6?dib=eyJ2IjoiMSJ9.5ctkCUfTBtn6Sl0cMQTFwuJnNiLJsZ4SpstCeSNSCS2Ry6ouTmTFwWt-wUTudeWg21g6paBYfzatr_cMjaSuSe9T6bSXZyqqH0ErtbQIbCWbatuZKuRSojSOXiHAyjzbfNmKLMi8liKEWK_DHHJ7Gk7hFxU6UMUL2PZHr0cnHDRAWdGS_pW0SYchO3C-y_oqNiX3ajbHTXUTHg3kTJjVyaf9Mc8NGNWVFSjnYPmye74.BxPHH0UGyA5bOHFiPBFLEia7hQFKsw74kjO7GDbpUmw&dib_tag=se&m=A28R89VR0HHNA3&marketplaceID=ATVPDKIKX0DER&nsdOptOutParam=true&qid=1781241022&s=merchant-items&sr=1-14,,https://www.amazon.com/s?i=merchant-items&me=A28R89VR0HHNA3&s=exact-aware-popularity-rank&ds=v1%3AXlAxT7yXBaWckTueeBw9oCKaHz%2FRq2dEWLtSd1ZC5ks&marketplaceID=ATVPDKIKX0DER&qid=1776149674&ref=sr_st_exact-aware-popularity-rank
2026-06-12,2026-06-12T05:08:41+00:00,Competitor Store 8,seller,seller,GoPod Shop,1,B0D1FQ4YRP,52,52,52,display_order,52,"Personalized Grandma Shirt, Custom Mom Grandma Shirt with Kids' Names, Gift for Mom Birthday Mother's Day Christmas",,,,,,,no,https://www.amazon.com/Personalized-Grandma-Shirt-Shirts-Women/dp/B0D1FQ4YRP/ref=sr_1_15?dib=eyJ2IjoiMSJ9.5ctkCUfTBtn6Sl0cMQTFwuJnNiLJsZ4SpstCeSNSCS2Ry6ouTmTFwWt-wUTudeWg21g6paBYfzatr_cMjaSuSe9T6bSXZyqqH0ErtbQIbCWbatuZKuRSojSOXiHAyjzbfNmKLMi8liKEWK_DHHJ7Gk7hFxU6UMUL2PZHr0cnHDRAWdGS_pW0SYchO3C-y_oqNiX3ajbHTXUTHg3kTJjVyaf9Mc8NGNWVFSjnYPmye74.BxPHH0UGyA5bOHFiPBFLEia7hQFKsw74kjO7GDbpUmw&dib_tag=se&m=A28R89VR0HHNA3&marketplaceID=ATVPDKIKX0DER&nsdOptOutParam=true&qid=1781241022&s=merchant-items&sr=1-15,https://m.media-amazon.com/images/I/71Jo+9DfiZL._AC_UY218_.jpg,https://www.amazon.com/s?i=merchant-items&me=A28R89VR0HHNA3&s=exact-aware-popularity-rank&ds=v1%3AXlAxT7yXBaWckTueeBw9oCKaHz%2FRq2dEWLtSd1ZC5ks&marketplaceID=ATVPDKIKX0DER&qid=1776149674&ref=sr_st_exact-aware-popularity-rank
2026-06-12,2026-06-12T05:08:41+00:00,Competitor Store 8,seller,seller,GoPod Shop,1,B0D1FWQNJM,53,53,53,display_order,53,B1,,,,,,,no,https://www.amazon.com/Personalized-Grandma-Shirt-Shirts-Women/dp/B0D1FWQNJM/ref=is_sr_dp_2?dib=eyJ2IjoiMSJ9.5ctkCUfTBtn6Sl0cMQTFwuJnNiLJsZ4SpstCeSNSCS2Ry6ouTmTFwWt-wUTudeWg21g6paBYfzatr_cMjaSuSe9T6bSXZyqqH0ErtbQIbCWbatuZKuRSojSOXiHAyjzbfNmKLMi8liKEWK_DHHJ7Gk7hFxU6UMUL2PZHr0cnHDRAWdGS_pW0SYchO3C-y_oqNiX3ajbHTXUTHg3kTJjVyaf9Mc8NGNWVFSjnYPmye74.BxPHH0UGyA5bOHFiPBFLEia7hQFKsw74kjO7GDbpUmw&dib_tag=se&m=A28R89VR0HHNA3&marketplaceID=ATVPDKIKX0DER&nsdOptOutParam=true&qid=1781241022&s=merchant-items&sr=1-15,,https://www.amazon.com/s?i=merchant-items&me=A28R89VR0HHNA3&s=exact-aware-popularity-rank&ds=v1%3AXlAxT7yXBaWckTueeBw9oCKaHz%2FRq2dEWLtSd1ZC5ks&marketplaceID=ATVPDKIKX0DER&qid=1776149674&ref=sr_st_exact-aware-popularity-rank
2026-06-12,2026-06-12T05:08:41+00:00,Competitor Store 8,seller,seller,GoPod Shop,1,B0D1FTRHH9,54,54,54,display_order,54,B3,,,,,,,no,https://www.amazon.com/Personalized-Grandma-Shirt-Shirts-Women/dp/B0D1FTRHH9/ref=is_sr_dp_3?dib=eyJ2IjoiMSJ9.5ctkCUfTBtn6Sl0cMQTFwuJnNiLJsZ4SpstCeSNSCS2Ry6ouTmTFwWt-wUTudeWg21g6paBYfzatr_cMjaSuSe9T6bSXZyqqH0ErtbQIbCWbatuZKuRSojSOXiHAyjzbfNmKLMi8liKEWK_DHHJ7Gk7hFxU6UMUL2PZHr0cnHDRAWdGS_pW0SYchO3C-y_oqNiX3ajbHTXUTHg3kTJjVyaf9Mc8NGNWVFSjnYPmye74.BxPHH0UGyA5bOHFiPBFLEia7hQFKsw74kjO7GDbpUmw&dib_tag=se&m=A28R89VR0HHNA3&marketplaceID=ATVPDKIKX0DER&nsdOptOutParam=true&qid=1781241022&s=merchant-items&sr=1-15,,https://www.amazon.com/s?i=merchant-items&me=A28R89VR0HHNA3&s=exact-aware-popularity-rank&ds=v1%3AXlAxT7yXBaWckTueeBw9oCKaHz%2FRq2dEWLtSd1ZC5ks&marketplaceID=ATVPDKIKX0DER&qid=1776149674&ref=sr_st_exact-aware-popularity-rank
2026-06-12,2026-06-12T05:08:41+00:00,Competitor Store 8,seller,seller,GoPod Shop,1,B0D1FTPB7W,55,55,55,display_order,55,B4,,,,,,,no,https://www.amazon.com/Personalized-Grandma-Shirt-Shirts-Women/dp/B0D1FTPB7W/ref=is_sr_dp_4?dib=eyJ2IjoiMSJ9.5ctkCUfTBtn6Sl0cMQTFwuJnNiLJsZ4SpstCeSNSCS2Ry6ouTmTFwWt-wUTudeWg21g6paBYfzatr_cMjaSuSe9T6bSXZyqqH0ErtbQIbCWbatuZKuRSojSOXiHAyjzbfNmKLMi8liKEWK_DHHJ7Gk7hFxU6UMUL2PZHr0cnHDRAWdGS_pW0SYchO3C-y_oqNiX3ajbHTXUTHg3kTJjVyaf9Mc8NGNWVFSjnYPmye74.BxPHH0UGyA5bOHFiPBFLEia7hQFKsw74kjO7GDbpUmw&dib_tag=se&m=A28R89VR0HHNA3&marketplaceID=ATVPDKIKX0DER&nsdOptOutParam=true&qid=1781241022&s=merchant-items&sr=1-15,,https://www.amazon.com/s?i=merchant-items&me=A28R89VR0HHNA3&s=exact-aware-popularity-rank&ds=v1%3AXlAxT7yXBaWckTueeBw9oCKaHz%2FRq2dEWLtSd1ZC5ks&marketplaceID=ATVPDKIKX0DER&qid=1776149674&ref=sr_st_exact-aware-popularity-rank
2026-06-12,2026-06-12T05:08:41+00:00,Competitor Store 8,seller,seller,GoPod Shop,1,B0D1FMS9BY,56,56,56,display_order,56,B6,,,,,,,no,https://www.amazon.com/Personalized-Grandma-Shirt-Shirts-Women/dp/B0D1FMS9BY/ref=is_sr_dp_5?dib=eyJ2IjoiMSJ9.5ctkCUfTBtn6Sl0cMQTFwuJnNiLJsZ4SpstCeSNSCS2Ry6ouTmTFwWt-wUTudeWg21g6paBYfzatr_cMjaSuSe9T6bSXZyqqH0ErtbQIbCWbatuZKuRSojSOXiHAyjzbfNmKLMi8liKEWK_DHHJ7Gk7hFxU6UMUL2PZHr0cnHDRAWdGS_pW0SYchO3C-y_oqNiX3ajbHTXUTHg3kTJjVyaf9Mc8NGNWVFSjnYPmye74.BxPHH0UGyA5bOHFiPBFLEia7hQFKsw74kjO7GDbpUmw&dib_tag=se&m=A28R89VR0HHNA3&marketplaceID=ATVPDKIKX0DER&nsdOptOutParam=true&qid=1781241022&s=merchant-items&sr=1-15,,https://www.amazon.com/s?i=merchant-items&me=A28R89VR0HHNA3&s=exact-aware-popularity-rank&ds=v1%3AXlAxT7yXBaWckTueeBw9oCKaHz%2FRq2dEWLtSd1ZC5ks&marketplaceID=ATVPDKIKX0DER&qid=1776149674&ref=sr_st_exact-aware-popularity-rank
2026-06-12,2026-06-12T05:08:41+00:00,Competitor Store 8,seller,seller,GoPod Shop,1,B0D1FSWT7Z,57,57,57,display_order,57,B7,,,,,,,no,https://www.amazon.com/Personalized-Grandma-Shirt-Shirts-Women/dp/B0D1FSWT7Z/ref=is_sr_dp_6?dib=eyJ2IjoiMSJ9.5ctkCUfTBtn6Sl0cMQTFwuJnNiLJsZ4SpstCeSNSCS2Ry6ouTmTFwWt-wUTudeWg21g6paBYfzatr_cMjaSuSe9T6bSXZyqqH0ErtbQIbCWbatuZKuRSojSOXiHAyjzbfNmKLMi8liKEWK_DHHJ7Gk7hFxU6UMUL2PZHr0cnHDRAWdGS_pW0SYchO3C-y_oqNiX3ajbHTXUTHg3kTJjVyaf9Mc8NGNWVFSjnYPmye74.BxPHH0UGyA5bOHFiPBFLEia7hQFKsw74kjO7GDbpUmw&dib_tag=se&m=A28R89VR0HHNA3&marketplaceID=ATVPDKIKX0DER&nsdOptOutParam=true&qid=1781241022&s=merchant-items&sr=1-15,,https://www.amazon.com/s?i=merchant-items&me=A28R89VR0HHNA3&s=exact-aware-popularity-rank&ds=v1%3AXlAxT7yXBaWckTueeBw9oCKaHz%2FRq2dEWLtSd1ZC5ks&marketplaceID=ATVPDKIKX0DER&qid=1776149674&ref=sr_st_exact-aware-popularity-rank
2026-06-12,2026-06-12T05:08:41+00:00,Competitor Store 8,seller,seller,GoPod Shop,1,B0FH41GDLZ,58,58,58,display_order,58,"Custom 3D Teacher Door Sign, Personalised Name with Pencil Teacher Sign, Classroom Decor, Teachers Door Hanger, Back to Sc...",,,,,,,no,https://www.amazon.com/Teacher-Personalised-Classroom-Teachers-School/dp/B0FH41GDLZ/ref=sr_1_16?dib=eyJ2IjoiMSJ9.5ctkCUfTBtn6Sl0cMQTFwuJnNiLJsZ4SpstCeSNSCS2Ry6ouTmTFwWt-wUTudeWg21g6paBYfzatr_cMjaSuSe9T6bSXZyqqH0ErtbQIbCWbatuZKuRSojSOXiHAyjzbfNmKLMi8liKEWK_DHHJ7Gk7hFxU6UMUL2PZHr0cnHDRAWdGS_pW0SYchO3C-y_oqNiX3ajbHTXUTHg3kTJjVyaf9Mc8NGNWVFSjnYPmye74.BxPHH0UGyA5bOHFiPBFLEia7hQFKsw74kjO7GDbpUmw&dib_tag=se&m=A28R89VR0HHNA3&marketplaceID=ATVPDKIKX0DER&nsdOptOutParam=true&qid=1781241022&s=merchant-items&sr=1-16,https://m.media-amazon.com/images/I/81lfcES1f1L._AC_UY218_.jpg,https://www.amazon.com/s?i=merchant-items&me=A28R89VR0HHNA3&s=exact-aware-popularity-rank&ds=v1%3AXlAxT7yXBaWckTueeBw9oCKaHz%2FRq2dEWLtSd1ZC5ks&marketplaceID=ATVPDKIKX0DER&qid=1776149674&ref=sr_st_exact-aware-popularity-rank
2026-06-12,2026-06-12T05:08:41+00:00,Competitor Store 8,seller,seller,GoPod Shop,1,B0DVBL912R,59,59,59,display_order,59,Amazon Business Card,,,,,,,no,https://www.amazon.com/dp/B0DVBL912R?plattr=ACOMFO&ie=UTF-8,,https://www.amazon.com/s?i=merchant-items&me=A28R89VR0HHNA3&s=exact-aware-popularity-rank&ds=v1%3AXlAxT7yXBaWckTueeBw9oCKaHz%2FRq2dEWLtSd1ZC5ks&marketplaceID=ATVPDKIKX0DER&qid=1776149674&ref=sr_st_exact-aware-popularity-rank
